user_id,signup_date,country,acquisition_channel
1,2025-04-13,USA,Facebook
2,2025-12-15,Canada,Google Ads
3,2025-09-28,Germany,Referral
4,2025-04-17,Canada,Facebook
5,2025-03-13,India,Referral
6,2025-07-08,Canada,Google Ads
7,2025-01-21,Germany,Facebook
8,2025-04-13,India,Google Ads
9,2025-05-02,UK,Facebook
10,2025-08-03,India,Google Ads
11,2025-11-27,USA,Facebook
12,2025-03-29,India,Facebook
13,2025-04-10,UK,Google Ads
14,2025-12-26,Canada,Organic
15,2025-06-01,India,Referral
16,2025-05-11,India,Google Ads
17,2025-05-30,India,Organic
18,2025-11-05,India,Organic
19,2025-09-15,UK,Facebook
20,2025-12-10,Germany,Referral
21,2025-10-21,Germany,Referral
22,2025-07-11,India,Facebook
23,2025-10-04,UK,Organic
24,2025-06-10,UK,Organic
25,2025-11-10,India,Facebook
26,2025-01-22,USA,Facebook
27,2025-09-10,India,Referral
28,2025-08-24,USA,Organic
29,2025-12-11,India,Google Ads
30,2025-02-18,USA,Google Ads
31,2025-02-28,USA,Referral
32,2025-06-19,India,Google Ads
33,2025-07-07,USA,Organic
34,2025-09-28,Canada,Google Ads
35,2025-07-09,Germany,Google Ads
36,2025-06-24,UK,Google Ads
37,2025-02-20,USA,Facebook
38,2025-12-30,USA,Google Ads
39,2025-02-24,UK,Organic
40,2025-09-01,USA,Organic
41,2025-11-16,UK,Facebook
42,2025-05-11,India,Organic
43,2025-11-03,Canada,Facebook
44,2025-05-15,Canada,Facebook
45,2025-01-21,Germany,Facebook
46,2025-11-25,USA,Facebook
47,2025-06-16,Germany,Referral
48,2025-10-01,India,Organic
49,2025-03-30,Canada,Facebook
50,2025-11-12,India,Organic
51,2025-01-14,India,Facebook
52,2025-08-30,USA,Google Ads
53,2025-09-22,India,Facebook
54,2025-12-12,Canada,Organic
55,2025-02-22,Germany,Facebook
56,2025-12-06,Canada,Referral
57,2025-04-02,USA,Facebook
58,2025-09-21,Canada,Facebook
59,2025-02-04,UK,Referral
60,2025-07-25,Germany,Facebook
61,2025-03-22,UK,Organic
62,2025-02-19,UK,Organic
63,2025-12-26,USA,Referral
64,2025-01-02,India,Google Ads
65,2025-02-23,UK,Google Ads
66,2025-04-16,Canada,Organic
67,2025-09-17,India,Organic
68,2025-11-06,Canada,Organic
69,2025-07-10,Canada,Google Ads
70,2025-08-06,India,Google Ads
71,2025-02-13,India,Facebook
72,2025-06-11,Canada,Google Ads
73,2025-07-21,USA,Google Ads
74,2025-09-27,Germany,Google Ads
75,2025-12-17,Germany,Google Ads
76,2025-10-31,USA,Organic
77,2025-09-28,India,Organic
78,2025-08-03,Canada,Google Ads
79,2025-09-09,Germany,Google Ads
80,2025-07-09,Canada,Organic
81,2025-10-23,USA,Facebook
82,2025-08-01,Canada,Organic
83,2025-07-27,USA,Organic
84,2025-08-25,India,Referral
85,2025-12-04,USA,Organic
86,2025-02-22,USA,Facebook
87,2025-10-07,Germany,Organic
88,2025-08-05,Canada,Google Ads
89,2025-09-09,Germany,Google Ads
90,2025-07-07,UK,Google Ads
91,2025-02-10,USA,Facebook
92,2025-06-06,UK,Google Ads
93,2025-01-15,Germany,Google Ads
94,2025-10-28,Canada,Organic
95,2025-03-06,Germany,Referral
96,2025-12-11,Canada,Google Ads
97,2025-11-23,Canada,Facebook
98,2025-01-09,India,Google Ads
99,2025-12-10,USA,Referral
100,2025-05-09,Germany,Google Ads
101,2025-05-16,Canada,Referral
102,2025-03-04,Germany,Google Ads
103,2025-05-19,Germany,Organic
104,2025-03-22,Canada,Google Ads
105,2025-06-12,UK,Google Ads
106,2025-10-16,USA,Google Ads
107,2025-09-18,USA,Google Ads
108,2025-08-19,India,Organic
109,2025-02-10,India,Organic
110,2025-01-28,India,Facebook
111,2025-05-15,USA,Referral
112,2025-07-20,UK,Facebook
113,2025-11-24,USA,Referral
114,2025-09-25,USA,Google Ads
115,2025-02-02,USA,Referral
116,2025-02-17,USA,Google Ads
117,2025-03-03,UK,Facebook
118,2025-08-04,India,Facebook
119,2025-10-20,Germany,Facebook
120,2025-04-09,India,Organic
121,2025-06-21,India,Facebook
122,2025-12-26,Germany,Referral
123,2025-08-02,USA,Referral
124,2025-02-04,UK,Referral
125,2025-08-15,UK,Referral
126,2025-04-11,India,Organic
127,2025-05-11,Germany,Referral
128,2025-09-14,Canada,Referral
129,2025-01-05,USA,Facebook
130,2025-08-06,India,Organic
131,2025-09-12,UK,Referral
132,2025-12-25,Germany,Organic
133,2025-10-10,Germany,Facebook
134,2025-07-26,India,Google Ads
135,2025-01-15,Canada,Organic
136,2025-12-12,UK,Referral
137,2025-02-11,India,Facebook
138,2025-06-28,Canada,Google Ads
139,2025-03-04,Germany,Facebook
140,2025-12-18,USA,Organic
141,2025-08-19,UK,Facebook
142,2025-08-29,UK,Organic
143,2025-02-21,Canada,Referral
144,2025-04-06,India,Organic
145,2025-08-10,Germany,Facebook
146,2025-08-19,Canada,Referral
147,2025-08-25,USA,Organic
148,2025-05-23,USA,Google Ads
149,2025-06-20,USA,Facebook
150,2025-01-29,Canada,Organic
151,2025-02-05,Germany,Organic
152,2025-01-13,UK,Referral
153,2025-06-09,India,Facebook
154,2025-11-23,UK,Google Ads
155,2025-07-06,Germany,Google Ads
156,2025-08-31,UK,Organic
157,2025-03-27,Canada,Organic
158,2025-10-11,USA,Facebook
159,2025-03-07,Germany,Facebook
160,2025-06-19,Germany,Referral
161,2025-02-14,UK,Referral
162,2025-03-03,Canada,Google Ads
163,2025-05-14,UK,Organic
164,2025-10-11,UK,Organic
165,2025-01-28,Germany,Google Ads
166,2025-04-18,UK,Facebook
167,2025-02-13,USA,Google Ads
168,2025-12-06,UK,Google Ads
169,2025-10-13,USA,Organic
170,2025-11-27,Germany,Facebook
171,2025-05-08,Canada,Facebook
172,2025-12-14,USA,Facebook
173,2025-08-19,Canada,Google Ads
174,2025-07-09,Canada,Organic
175,2025-08-13,USA,Facebook
176,2025-10-10,Germany,Facebook
177,2025-05-01,India,Referral
178,2025-04-26,Canada,Facebook
179,2025-08-21,Canada,Organic
180,2025-09-16,Germany,Facebook
181,2025-12-25,Germany,Referral
182,2025-07-17,UK,Organic
183,2025-05-17,Germany,Google Ads
184,2025-11-14,Canada,Organic
185,2025-06-14,USA,Google Ads
186,2025-08-13,India,Referral
187,2025-11-03,UK,Facebook
188,2025-08-22,USA,Organic
189,2025-06-21,India,Facebook
190,2025-06-01,India,Organic
191,2025-11-11,India,Referral
192,2025-06-09,USA,Referral
193,2025-04-06,UK,Google Ads
194,2025-08-21,UK,Facebook
195,2025-06-29,India,Facebook
196,2025-04-23,USA,Facebook
197,2025-11-14,India,Facebook
198,2025-02-21,Germany,Facebook
199,2025-09-25,UK,Facebook
200,2025-10-22,Canada,Google Ads
201,2025-04-23,India,Facebook
202,2025-04-11,Germany,Google Ads
203,2025-04-23,UK,Google Ads
204,2025-03-22,USA,Organic
205,2025-07-06,UK,Google Ads
206,2025-04-23,USA,Facebook
207,2025-01-02,USA,Facebook
208,2025-05-10,India,Facebook
209,2025-08-08,India,Organic
210,2025-02-23,UK,Facebook
211,2025-12-09,Germany,Google Ads
212,2025-08-12,UK,Referral
213,2025-08-13,Canada,Referral
214,2025-05-06,USA,Google Ads
215,2025-05-10,USA,Facebook
216,2025-02-22,India,Facebook
217,2025-06-21,Germany,Google Ads
218,2025-08-06,India,Facebook
219,2025-06-09,Canada,Organic
220,2025-07-17,UK,Google Ads
221,2025-09-04,UK,Referral
222,2025-11-20,Germany,Facebook
223,2025-07-22,India,Facebook
224,2025-07-03,India,Organic
225,2025-05-03,Canada,Google Ads
226,2025-09-12,UK,Facebook
227,2025-10-21,India,Facebook
228,2025-10-07,Germany,Facebook
229,2025-11-21,UK,Facebook
230,2025-04-08,Canada,Google Ads
231,2025-07-17,Germany,Google Ads
232,2025-08-28,USA,Google Ads
233,2025-05-24,Canada,Referral
234,2025-04-07,Germany,Google Ads
235,2025-07-20,India,Google Ads
236,2025-05-04,USA,Referral
237,2025-07-06,Canada,Organic
238,2025-11-22,India,Facebook
239,2025-12-15,USA,Google Ads
240,2025-09-16,UK,Organic
241,2025-05-28,India,Google Ads
242,2025-09-09,Germany,Organic
243,2025-12-12,Canada,Referral
244,2025-05-27,USA,Facebook
245,2025-05-28,India,Google Ads
246,2025-12-18,UK,Organic
247,2025-07-18,Canada,Facebook
248,2025-11-04,Canada,Facebook
249,2025-05-08,India,Facebook
250,2025-02-08,UK,Organic
251,2025-12-04,USA,Organic
252,2025-12-26,India,Referral
253,2025-05-09,USA,Organic
254,2025-09-24,Canada,Google Ads
255,2025-05-31,USA,Organic
256,2025-10-25,UK,Google Ads
257,2025-04-09,Germany,Organic
258,2025-09-20,UK,Google Ads
259,2025-09-09,USA,Facebook
260,2025-05-24,India,Organic
261,2025-12-12,Canada,Google Ads
262,2025-04-22,Germany,Organic
263,2025-03-01,India,Organic
264,2025-01-02,India,Facebook
265,2025-10-31,UK,Facebook
266,2025-09-11,USA,Referral
267,2025-05-20,UK,Google Ads
268,2025-02-06,USA,Organic
269,2025-06-09,UK,Organic
270,2025-01-09,India,Referral
271,2025-08-21,Canada,Organic
272,2025-04-09,USA,Organic
273,2025-05-27,Germany,Referral
274,2025-10-31,Germany,Organic
275,2025-07-27,India,Organic
276,2025-05-11,UK,Google Ads
277,2025-06-01,UK,Facebook
278,2025-02-23,India,Organic
279,2025-04-30,Germany,Facebook
280,2025-06-10,Germany,Facebook
281,2025-04-26,UK,Google Ads
282,2025-03-16,USA,Organic
283,2025-04-23,Canada,Google Ads
284,2025-04-14,USA,Google Ads
285,2025-12-06,Germany,Facebook
286,2025-09-11,USA,Organic
287,2025-08-15,Canada,Facebook
288,2025-04-22,USA,Google Ads
289,2025-04-09,USA,Google Ads
290,2025-06-02,USA,Facebook
291,2025-12-15,USA,Organic
292,2025-12-04,India,Organic
293,2025-07-13,Germany,Google Ads
294,2025-11-06,Canada,Facebook
295,2025-06-12,Germany,Referral
296,2025-07-27,India,Google Ads
297,2025-06-18,India,Facebook
298,2025-06-10,India,Facebook
299,2025-03-09,India,Google Ads
300,2025-10-16,USA,Google Ads
301,2025-10-04,Germany,Organic
302,2025-10-31,UK,Google Ads
303,2025-05-15,Canada,Google Ads
304,2025-07-14,India,Facebook
305,2025-05-08,Germany,Google Ads
306,2025-02-02,India,Facebook
307,2025-06-25,India,Google Ads
308,2025-01-22,India,Facebook
309,2025-08-26,India,Organic
310,2025-06-07,India,Organic
311,2025-02-07,Canada,Facebook
312,2025-08-18,Germany,Google Ads
313,2025-12-31,India,Organic
314,2025-02-20,India,Google Ads
315,2025-09-21,India,Google Ads
316,2025-10-10,India,Organic
317,2025-01-27,USA,Referral
318,2025-08-14,USA,Facebook
319,2025-10-04,UK,Google Ads
320,2025-10-13,India,Referral
321,2025-04-07,UK,Google Ads
322,2025-10-11,Canada,Referral
323,2025-11-13,UK,Facebook
324,2025-10-31,Germany,Facebook
325,2025-05-27,USA,Facebook
326,2025-01-04,USA,Referral
327,2025-02-04,India,Referral
328,2025-07-11,India,Facebook
329,2025-02-18,Canada,Organic
330,2025-01-17,Canada,Organic
331,2025-06-21,Germany,Organic
332,2025-08-08,India,Organic
333,2025-06-07,India,Google Ads
334,2025-02-15,Canada,Facebook
335,2025-01-06,Canada,Referral
336,2025-04-09,Canada,Referral
337,2025-08-21,USA,Google Ads
338,2025-02-06,UK,Google Ads
339,2025-10-07,UK,Referral
340,2025-12-15,India,Facebook
341,2025-10-29,USA,Organic
342,2025-06-30,Canada,Google Ads
343,2025-04-05,India,Referral
344,2025-04-09,USA,Google Ads
345,2025-07-07,Germany,Google Ads
346,2025-04-26,USA,Google Ads
347,2025-07-10,India,Referral
348,2025-09-10,UK,Organic
349,2025-06-10,Canada,Organic
350,2025-09-13,Germany,Facebook
351,2025-11-19,USA,Referral
352,2025-05-08,India,Organic
353,2025-01-18,India,Organic
354,2025-10-08,Canada,Referral
355,2025-08-11,India,Facebook
356,2025-02-23,India,Organic
357,2025-02-27,Canada,Referral
358,2025-11-19,Germany,Organic
359,2025-12-26,UK,Organic
360,2025-06-23,UK,Google Ads
361,2025-10-07,USA,Organic
362,2025-04-24,Germany,Facebook
363,2025-10-15,USA,Google Ads
364,2025-12-08,UK,Referral
365,2025-05-31,Canada,Facebook
366,2025-05-07,India,Facebook
367,2025-06-04,UK,Organic
368,2025-09-30,Germany,Facebook
369,2025-04-14,UK,Google Ads
370,2025-10-26,Germany,Facebook
371,2025-09-03,Germany,Google Ads
372,2025-06-25,Germany,Google Ads
373,2025-02-08,USA,Google Ads
374,2025-06-19,Canada,Google Ads
375,2025-09-04,UK,Facebook
376,2025-01-26,Canada,Facebook
377,2025-12-21,India,Referral
378,2025-11-02,UK,Facebook
379,2025-01-13,Canada,Organic
380,2025-11-12,Canada,Facebook
381,2025-11-09,India,Organic
382,2025-02-05,Germany,Organic
383,2025-06-22,UK,Facebook
384,2025-01-20,UK,Google Ads
385,2025-11-17,India,Facebook
386,2025-09-21,Germany,Organic
387,2025-05-22,UK,Facebook
388,2025-05-23,UK,Referral
389,2025-04-02,UK,Google Ads
390,2025-12-20,Germany,Google Ads
391,2025-11-18,India,Organic
392,2025-10-15,UK,Referral
393,2025-08-03,Canada,Facebook
394,2025-12-08,Germany,Organic
395,2025-02-20,USA,Google Ads
396,2025-06-02,India,Organic
397,2025-07-05,Canada,Organic
398,2025-03-04,UK,Referral
399,2025-07-09,USA,Google Ads
400,2025-05-05,India,Facebook
401,2025-05-30,Germany,Organic
402,2025-11-10,USA,Google Ads
403,2025-02-27,USA,Organic
404,2025-12-08,Canada,Facebook
405,2025-11-01,India,Google Ads
406,2025-06-29,Canada,Organic
407,2025-06-19,Canada,Google Ads
408,2025-11-22,UK,Referral
409,2025-09-28,Germany,Organic
410,2025-02-23,USA,Organic
411,2025-04-11,India,Google Ads
412,2025-09-21,Germany,Referral
413,2025-02-22,Germany,Organic
414,2025-03-01,India,Google Ads
415,2025-04-18,Germany,Facebook
416,2025-01-05,UK,Google Ads
417,2025-04-13,Germany,Referral
418,2025-07-15,UK,Referral
419,2025-09-19,USA,Referral
420,2025-12-31,USA,Organic
421,2025-12-16,Canada,Facebook
422,2025-02-16,UK,Google Ads
423,2025-12-21,USA,Google Ads
424,2025-11-07,Germany,Google Ads
425,2025-11-04,India,Facebook
426,2025-05-24,India,Referral
427,2025-09-26,UK,Referral
428,2025-05-04,Canada,Google Ads
429,2025-04-16,Germany,Organic
430,2025-06-07,UK,Organic
431,2025-05-27,India,Facebook
432,2025-05-25,UK,Organic
433,2025-04-30,Germany,Facebook
434,2025-11-15,USA,Referral
435,2025-10-02,Germany,Organic
436,2025-04-02,USA,Organic
437,2025-02-27,USA,Google Ads
438,2025-12-12,USA,Google Ads
439,2025-08-17,UK,Facebook
440,2025-04-27,India,Organic
441,2025-11-14,UK,Referral
442,2025-10-06,India,Facebook
443,2025-05-07,Germany,Organic
444,2025-05-09,Canada,Facebook
445,2025-02-27,Germany,Google Ads
446,2025-05-02,UK,Organic
447,2025-01-01,UK,Organic
448,2025-08-27,India,Google Ads
449,2025-10-17,UK,Facebook
450,2025-04-06,USA,Facebook
451,2025-05-06,UK,Google Ads
452,2025-04-28,India,Referral
453,2025-02-17,India,Organic
454,2025-03-30,USA,Google Ads
455,2025-08-25,India,Google Ads
456,2025-09-29,Canada,Referral
457,2025-07-08,Germany,Organic
458,2025-07-11,UK,Organic
459,2025-03-10,Canada,Google Ads
460,2025-10-05,UK,Referral
461,2025-12-15,Canada,Facebook
462,2025-09-04,UK,Organic
463,2025-03-17,USA,Referral
464,2025-06-03,India,Google Ads
465,2025-05-24,India,Facebook
466,2025-03-27,USA,Google Ads
467,2025-07-04,Canada,Facebook
468,2025-10-12,Germany,Google Ads
469,2025-08-08,Canada,Referral
470,2025-03-10,India,Facebook
471,2025-02-16,Germany,Organic
472,2025-04-04,UK,Referral
473,2025-08-26,Germany,Referral
474,2025-07-23,Canada,Facebook
475,2025-08-06,USA,Facebook
476,2025-12-07,UK,Google Ads
477,2025-02-08,Canada,Google Ads
478,2025-04-10,UK,Organic
479,2025-10-16,Germany,Google Ads
480,2025-09-11,India,Facebook
481,2025-08-10,Canada,Google Ads
482,2025-12-23,USA,Organic
483,2025-01-23,Germany,Facebook
484,2025-09-07,Canada,Google Ads
485,2025-01-10,USA,Google Ads
486,2025-09-03,Canada,Organic
487,2025-11-21,Germany,Organic
488,2025-04-10,Canada,Facebook
489,2025-10-17,UK,Organic
490,2025-06-29,Germany,Google Ads
491,2025-08-11,Canada,Google Ads
492,2025-09-07,India,Google Ads
493,2025-05-27,Canada,Facebook
494,2025-04-06,UK,Organic
495,2025-09-14,USA,Google Ads
496,2025-11-21,USA,Organic
497,2025-01-04,USA,Facebook
498,2025-01-16,India,Referral
499,2025-10-07,UK,Organic
500,2025-12-02,Germany,Organic
501,2025-09-04,USA,Organic
502,2025-09-15,UK,Referral
503,2025-06-09,Canada,Referral
504,2025-12-06,India,Facebook
505,2025-06-01,UK,Facebook
506,2025-06-27,UK,Facebook
507,2025-06-12,Germany,Facebook
508,2025-02-02,UK,Facebook
509,2025-06-28,Germany,Google Ads
510,2025-04-11,India,Referral
511,2025-09-25,India,Facebook
512,2025-11-19,Canada,Organic
513,2025-03-06,Germany,Facebook
514,2025-06-17,Germany,Organic
515,2025-11-26,USA,Facebook
516,2025-02-12,USA,Organic
517,2025-02-13,Canada,Facebook
518,2025-10-12,India,Facebook
519,2025-01-12,USA,Referral
520,2025-04-05,UK,Google Ads
521,2025-10-29,India,Facebook
522,2025-09-10,UK,Google Ads
523,2025-08-30,Germany,Referral
524,2025-02-04,India,Google Ads
525,2025-08-03,Canada,Organic
526,2025-12-03,Germany,Google Ads
527,2025-03-31,Germany,Facebook
528,2025-09-21,UK,Referral
529,2025-04-03,Germany,Google Ads
530,2025-03-31,USA,Organic
531,2025-04-25,India,Google Ads
532,2025-04-15,USA,Facebook
533,2025-07-15,UK,Facebook
534,2025-11-10,UK,Organic
535,2025-04-24,India,Organic
536,2025-03-16,Germany,Organic
537,2025-08-05,Canada,Google Ads
538,2025-10-04,UK,Facebook
539,2025-09-06,India,Google Ads
540,2025-06-13,Canada,Organic
541,2025-12-23,Germany,Organic
542,2025-07-11,UK,Google Ads
543,2025-08-15,India,Google Ads
544,2025-06-26,India,Google Ads
545,2025-04-09,India,Referral
546,2025-02-05,UK,Organic
547,2025-04-06,Canada,Facebook
548,2025-06-01,India,Facebook
549,2025-05-31,Germany,Google Ads
550,2025-07-09,India,Organic
551,2025-08-12,Canada,Organic
552,2025-02-06,UK,Facebook
553,2025-09-25,India,Referral
554,2025-07-02,India,Facebook
555,2025-01-13,Germany,Google Ads
556,2025-10-06,Germany,Organic
557,2025-08-05,India,Facebook
558,2025-12-21,India,Referral
559,2025-12-27,Germany,Facebook
560,2025-10-13,Canada,Facebook
561,2025-09-30,USA,Organic
562,2025-03-03,USA,Facebook
563,2025-03-25,India,Facebook
564,2025-08-05,Germany,Referral
565,2025-12-08,UK,Facebook
566,2025-07-06,UK,Google Ads
567,2025-01-19,USA,Referral
568,2025-06-26,Canada,Google Ads
569,2025-04-10,USA,Google Ads
570,2025-08-21,India,Organic
571,2025-03-17,Canada,Google Ads
572,2025-09-22,UK,Referral
573,2025-10-11,Germany,Facebook
574,2025-07-25,Germany,Organic
575,2025-08-11,India,Google Ads
576,2025-02-21,USA,Google Ads
577,2025-12-05,India,Organic
578,2025-05-24,Germany,Facebook
579,2025-03-10,UK,Organic
580,2025-04-09,Germany,Google Ads
581,2025-01-25,Canada,Organic
582,2025-02-22,Germany,Google Ads
583,2025-05-31,Germany,Organic
584,2025-05-24,Canada,Organic
585,2025-02-26,USA,Google Ads
586,2025-02-08,Germany,Facebook
587,2025-04-19,India,Google Ads
588,2025-06-30,Germany,Facebook
589,2025-02-11,India,Organic
590,2025-07-05,Canada,Google Ads
591,2025-08-11,Germany,Referral
592,2025-05-02,Canada,Facebook
593,2025-05-13,Canada,Referral
594,2025-06-12,USA,Google Ads
595,2025-08-03,Germany,Referral
596,2025-08-09,India,Google Ads
597,2025-08-23,India,Facebook
598,2025-11-27,Germany,Referral
599,2025-05-26,USA,Google Ads
600,2025-08-27,USA,Google Ads
601,2025-03-17,USA,Organic
602,2025-01-09,India,Organic
603,2025-03-15,Canada,Facebook
604,2025-09-10,USA,Google Ads
605,2025-08-18,India,Organic
606,2025-01-07,India,Google Ads
607,2025-06-23,Canada,Referral
608,2025-05-21,Germany,Organic
609,2025-06-17,Germany,Organic
610,2025-06-19,USA,Google Ads
611,2025-10-10,USA,Referral
612,2025-05-02,Canada,Facebook
613,2025-07-13,USA,Referral
614,2025-01-05,Canada,Google Ads
615,2025-01-29,India,Organic
616,2025-06-14,USA,Organic
617,2025-12-05,India,Google Ads
618,2025-05-16,UK,Facebook
619,2025-12-31,Canada,Google Ads
620,2025-11-17,UK,Facebook
621,2025-12-08,USA,Facebook
622,2025-05-25,India,Facebook
623,2025-11-23,USA,Organic
624,2025-08-05,UK,Organic
625,2025-10-28,USA,Google Ads
626,2025-05-12,Germany,Organic
627,2025-10-19,UK,Referral
628,2025-03-11,USA,Facebook
629,2025-09-09,India,Google Ads
630,2025-10-02,USA,Facebook
631,2025-12-30,India,Organic
632,2025-07-01,Germany,Organic
633,2025-06-16,USA,Organic
634,2025-04-01,Germany,Google Ads
635,2025-07-21,UK,Organic
636,2025-12-12,India,Facebook
637,2025-01-19,UK,Google Ads
638,2025-02-08,India,Google Ads
639,2025-05-06,Germany,Facebook
640,2025-06-22,Canada,Organic
641,2025-05-21,USA,Organic
642,2025-08-30,Germany,Referral
643,2025-08-08,India,Google Ads
644,2025-05-06,India,Referral
645,2025-02-27,India,Organic
646,2025-05-28,India,Facebook
647,2025-11-13,USA,Referral
648,2025-12-27,UK,Organic
649,2025-01-01,Canada,Facebook
650,2025-12-14,USA,Referral
651,2025-07-09,India,Organic
652,2025-07-10,USA,Organic
653,2025-11-08,Germany,Referral
654,2025-04-27,India,Facebook
655,2025-05-14,Canada,Organic
656,2025-02-27,India,Organic
657,2025-02-13,Canada,Facebook
658,2025-06-22,Canada,Google Ads
659,2025-06-09,UK,Organic
660,2025-06-22,UK,Google Ads
661,2025-11-13,USA,Organic
662,2025-10-30,USA,Referral
663,2025-05-29,Canada,Facebook
664,2025-03-21,India,Google Ads
665,2025-08-01,Germany,Google Ads
666,2025-07-22,Germany,Organic
667,2025-09-09,India,Referral
668,2025-08-17,India,Facebook
669,2025-06-13,UK,Google Ads
670,2025-08-15,Germany,Organic
671,2025-05-27,Canada,Organic
672,2025-01-20,USA,Facebook
673,2025-02-16,UK,Organic
674,2025-08-21,Germany,Facebook
675,2025-11-01,India,Organic
676,2025-01-14,Germany,Facebook
677,2025-05-23,Canada,Google Ads
678,2025-01-01,UK,Referral
679,2025-02-23,India,Facebook
680,2025-09-16,Canada,Google Ads
681,2025-05-24,USA,Referral
682,2025-01-12,UK,Organic
683,2025-11-26,Canada,Google Ads
684,2025-08-12,Canada,Organic
685,2025-09-29,India,Referral
686,2025-12-24,USA,Organic
687,2025-06-05,Canada,Google Ads
688,2025-01-08,UK,Organic
689,2025-05-02,Canada,Organic
690,2025-12-14,Germany,Organic
691,2025-06-13,UK,Google Ads
692,2025-03-31,UK,Organic
693,2025-05-16,Canada,Google Ads
694,2025-07-05,India,Organic
695,2025-11-12,UK,Referral
696,2025-06-27,Germany,Google Ads
697,2025-01-28,India,Facebook
698,2025-08-08,India,Organic
699,2025-12-23,India,Organic
700,2025-02-10,UK,Facebook
701,2025-08-16,India,Organic
702,2025-07-11,Canada,Referral
703,2025-05-25,India,Organic
704,2025-07-20,Germany,Organic
705,2025-07-31,USA,Facebook
706,2025-08-08,Germany,Referral
707,2025-08-28,UK,Google Ads
708,2025-02-15,India,Google Ads
709,2025-02-04,India,Facebook
710,2025-09-10,Canada,Organic
711,2025-03-23,India,Referral
712,2025-09-13,Germany,Google Ads
713,2025-07-16,UK,Organic
714,2025-10-30,USA,Organic
715,2025-01-10,India,Organic
716,2025-11-08,USA,Organic
717,2025-10-13,India,Google Ads
718,2025-08-30,UK,Google Ads
719,2025-09-08,Germany,Referral
720,2025-12-31,UK,Facebook
721,2025-01-05,USA,Google Ads
722,2025-04-29,India,Organic
723,2025-10-16,USA,Referral
724,2025-03-06,Germany,Organic
725,2025-05-26,UK,Facebook
726,2025-08-12,USA,Facebook
727,2025-08-27,USA,Organic
728,2025-06-26,Germany,Google Ads
729,2025-09-24,India,Google Ads
730,2025-12-07,USA,Facebook
731,2025-10-09,Germany,Organic
732,2025-03-04,India,Facebook
733,2025-08-05,India,Google Ads
734,2025-12-08,UK,Google Ads
735,2025-11-11,Germany,Google Ads
736,2025-10-10,India,Google Ads
737,2025-06-26,UK,Facebook
738,2025-04-08,Canada,Organic
739,2025-04-15,Germany,Facebook
740,2025-04-09,Canada,Facebook
741,2025-11-07,India,Google Ads
742,2025-01-06,Germany,Facebook
743,2025-07-16,UK,Google Ads
744,2025-12-17,India,Google Ads
745,2025-05-13,Germany,Google Ads
746,2025-12-24,Germany,Referral
747,2025-09-16,Canada,Facebook
748,2025-01-23,India,Referral
749,2025-02-22,UK,Facebook
750,2025-06-14,UK,Facebook
751,2025-07-21,India,Organic
752,2025-03-24,India,Google Ads
753,2025-05-25,USA,Google Ads
754,2025-03-26,Canada,Referral
755,2025-03-19,India,Facebook
756,2025-01-01,India,Google Ads
757,2025-02-20,USA,Google Ads
758,2025-06-22,USA,Referral
759,2025-07-24,Germany,Referral
760,2025-09-17,UK,Facebook
761,2025-10-15,Canada,Google Ads
762,2025-02-03,Germany,Organic
763,2025-12-14,India,Facebook
764,2025-04-05,USA,Facebook
765,2025-03-13,UK,Organic
766,2025-02-08,Germany,Facebook
767,2025-06-03,UK,Organic
768,2025-09-07,USA,Referral
769,2025-06-11,Germany,Organic
770,2025-04-28,Germany,Facebook
771,2025-09-16,UK,Google Ads
772,2025-11-02,USA,Google Ads
773,2025-09-25,India,Facebook
774,2025-02-23,Germany,Facebook
775,2025-08-24,India,Facebook
776,2025-08-10,USA,Google Ads
777,2025-09-08,Germany,Google Ads
778,2025-11-09,Germany,Facebook
779,2025-04-22,India,Organic
780,2025-09-12,Canada,Organic
781,2025-10-30,India,Facebook
782,2025-07-26,India,Organic
783,2025-08-17,Canada,Organic
784,2025-12-07,USA,Facebook
785,2025-03-07,USA,Google Ads
786,2025-03-16,Germany,Facebook
787,2025-04-13,UK,Facebook
788,2025-07-11,UK,Google Ads
789,2025-09-09,Germany,Referral
790,2025-08-14,UK,Facebook
791,2025-10-21,India,Organic
792,2025-11-02,India,Facebook
793,2025-04-08,Canada,Google Ads
794,2025-12-04,Canada,Google Ads
795,2025-10-13,Germany,Organic
796,2025-12-01,Germany,Google Ads
797,2025-12-13,Germany,Google Ads
798,2025-11-04,India,Referral
799,2025-09-06,UK,Facebook
800,2025-06-15,Germany,Google Ads
801,2025-12-01,Germany,Facebook
802,2025-01-30,India,Organic
803,2025-09-04,India,Facebook
804,2025-04-16,India,Google Ads
805,2025-02-20,UK,Facebook
806,2025-03-22,Germany,Google Ads
807,2025-05-13,USA,Organic
808,2025-10-12,USA,Organic
809,2025-05-18,Germany,Google Ads
810,2025-07-03,Germany,Google Ads
811,2025-11-26,Germany,Facebook
812,2025-09-30,Germany,Organic
813,2025-12-06,UK,Google Ads
814,2025-03-10,USA,Google Ads
815,2025-02-03,Canada,Referral
816,2025-09-19,USA,Google Ads
817,2025-02-22,USA,Referral
818,2025-07-24,India,Google Ads
819,2025-05-06,Germany,Google Ads
820,2025-08-23,Germany,Facebook
821,2025-02-12,Germany,Google Ads
822,2025-08-28,India,Google Ads
823,2025-04-21,UK,Google Ads
824,2025-09-06,UK,Referral
825,2025-05-31,Canada,Facebook
826,2025-07-02,UK,Organic
827,2025-12-02,UK,Organic
828,2025-04-05,Germany,Organic
829,2025-01-08,USA,Organic
830,2025-12-26,UK,Facebook
831,2025-07-03,UK,Google Ads
832,2025-10-08,India,Google Ads
833,2025-07-14,Canada,Google Ads
834,2025-12-18,India,Google Ads
835,2025-07-14,Germany,Google Ads
836,2025-06-04,USA,Referral
837,2025-04-03,Canada,Referral
838,2025-06-09,India,Google Ads
839,2025-03-02,UK,Google Ads
840,2025-05-02,UK,Google Ads
841,2025-02-20,Canada,Google Ads
842,2025-10-04,UK,Google Ads
843,2025-01-05,India,Referral
844,2025-04-02,India,Google Ads
845,2025-06-19,UK,Google Ads
846,2025-11-13,UK,Google Ads
847,2025-01-22,Germany,Referral
848,2025-11-22,USA,Referral
849,2025-01-01,Canada,Organic
850,2025-05-13,India,Facebook
851,2025-08-21,Canada,Google Ads
852,2025-01-12,Germany,Google Ads
853,2025-12-12,India,Facebook
854,2025-02-15,Germany,Organic
855,2025-02-03,Germany,Google Ads
856,2025-03-19,UK,Facebook
857,2025-08-06,Canada,Organic
858,2025-10-28,Canada,Google Ads
859,2025-03-14,UK,Organic
860,2025-10-09,Canada,Facebook
861,2025-09-06,UK,Google Ads
862,2025-02-16,India,Facebook
863,2025-05-01,Germany,Referral
864,2025-08-02,Germany,Google Ads
865,2025-08-27,Canada,Facebook
866,2025-02-25,USA,Google Ads
867,2025-12-16,Germany,Organic
868,2025-04-17,UK,Organic
869,2025-11-15,USA,Facebook
870,2025-02-17,USA,Google Ads
871,2025-03-02,Germany,Referral
872,2025-12-03,Germany,Organic
873,2025-01-26,Germany,Organic
874,2025-10-19,UK,Facebook
875,2025-09-14,USA,Google Ads
876,2025-01-08,Canada,Organic
877,2025-04-23,UK,Facebook
878,2025-12-21,India,Facebook
879,2025-09-10,Germany,Google Ads
880,2025-06-29,USA,Facebook
881,2025-07-26,UK,Organic
882,2025-10-30,India,Referral
883,2025-05-07,UK,Google Ads
884,2025-02-25,UK,Organic
885,2025-08-02,Canada,Organic
886,2025-01-14,Canada,Referral
887,2025-01-28,UK,Organic
888,2025-03-19,India,Referral
889,2025-08-04,USA,Referral
890,2025-12-31,USA,Google Ads
891,2025-06-03,Germany,Organic
892,2025-01-14,Germany,Facebook
893,2025-07-06,USA,Google Ads
894,2025-11-08,UK,Google Ads
895,2025-01-07,UK,Google Ads
896,2025-01-03,Canada,Organic
897,2025-04-21,Canada,Facebook
898,2025-08-26,Germany,Referral
899,2025-12-29,USA,Organic
900,2025-08-27,UK,Organic
901,2025-10-01,USA,Google Ads
902,2025-10-21,India,Facebook
903,2025-08-15,USA,Facebook
904,2025-01-15,India,Google Ads
905,2025-07-11,Canada,Organic
906,2025-04-29,Canada,Organic
907,2025-01-28,Germany,Google Ads
908,2025-07-21,USA,Organic
909,2025-02-08,USA,Google Ads
910,2025-09-30,India,Facebook
911,2025-08-19,Canada,Organic
912,2025-03-27,India,Google Ads
913,2025-05-06,Canada,Organic
914,2025-10-27,India,Organic
915,2025-01-25,Canada,Organic
916,2025-05-25,India,Google Ads
917,2025-01-13,Canada,Google Ads
918,2025-07-31,India,Google Ads
919,2025-01-25,USA,Referral
920,2025-03-09,Germany,Google Ads
921,2025-03-08,India,Facebook
922,2025-08-21,Germany,Referral
923,2025-04-19,USA,Organic
924,2025-05-26,USA,Organic
925,2025-04-21,Canada,Referral
926,2025-08-16,Germany,Facebook
927,2025-04-21,UK,Facebook
928,2025-02-03,Canada,Google Ads
929,2025-04-21,Germany,Google Ads
930,2025-09-21,India,Organic
931,2025-08-24,India,Google Ads
932,2025-03-24,USA,Organic
933,2025-02-11,UK,Google Ads
934,2025-04-11,India,Google Ads
935,2025-01-06,Germany,Organic
936,2025-06-29,Germany,Google Ads
937,2025-10-09,India,Organic
938,2025-11-16,Germany,Referral
939,2025-08-14,Germany,Organic
940,2025-11-11,USA,Facebook
941,2025-12-31,UK,Referral
942,2025-08-17,USA,Google Ads
943,2025-10-16,UK,Organic
944,2025-05-30,Germany,Google Ads
945,2025-10-04,UK,Google Ads
946,2025-07-17,Germany,Referral
947,2025-03-11,Germany,Facebook
948,2025-04-22,USA,Organic
949,2025-01-04,USA,Facebook
950,2025-12-16,Canada,Organic
951,2025-11-27,India,Referral
952,2025-11-14,Canada,Facebook
953,2025-12-16,Canada,Organic
954,2025-04-05,UK,Organic
955,2025-06-01,Germany,Referral
956,2025-11-07,Germany,Google Ads
957,2025-05-17,Germany,Organic
958,2025-09-04,India,Facebook
959,2025-08-31,UK,Google Ads
960,2025-01-31,UK,Google Ads
961,2025-02-09,Germany,Organic
962,2025-08-17,Canada,Referral
963,2025-02-05,India,Facebook
964,2025-08-11,Canada,Organic
965,2025-01-06,USA,Organic
966,2025-11-18,UK,Facebook
967,2025-08-08,UK,Referral
968,2025-03-16,Canada,Facebook
969,2025-01-04,India,Google Ads
970,2025-12-01,UK,Google Ads
971,2025-05-14,Canada,Referral
972,2025-04-28,India,Referral
973,2025-04-04,Canada,Google Ads
974,2025-03-03,India,Google Ads
975,2025-07-13,Germany,Facebook
976,2025-12-01,India,Organic
977,2025-07-22,USA,Organic
978,2025-01-26,Germany,Referral
979,2025-06-22,Canada,Organic
980,2025-10-27,Germany,Referral
981,2025-05-13,Germany,Facebook
982,2025-11-22,Canada,Facebook
983,2025-04-28,Canada,Organic
984,2025-11-20,USA,Facebook
985,2025-10-02,Canada,Google Ads
986,2025-07-31,UK,Google Ads
987,2025-08-13,UK,Facebook
988,2025-01-20,USA,Organic
989,2025-04-23,India,Organic
990,2025-05-20,India,Google Ads
991,2025-02-16,UK,Organic
992,2025-01-01,Canada,Google Ads
993,2025-03-31,USA,Organic
994,2025-05-22,India,Facebook
995,2025-11-16,India,Organic
996,2025-02-07,Germany,Organic
997,2025-10-20,UK,Organic
998,2025-05-19,Canada,Organic
999,2025-12-22,USA,Organic
1000,2025-11-29,India,Google Ads
1001,2025-09-16,Germany,Organic
1002,2025-06-10,UK,Facebook
1003,2025-06-27,UK,Facebook
1004,2025-01-10,USA,Facebook
1005,2025-09-18,India,Referral
1006,2025-05-18,USA,Google Ads
1007,2025-06-21,USA,Facebook
1008,2025-01-13,Germany,Referral
1009,2025-06-17,UK,Organic
1010,2025-05-10,Canada,Google Ads
1011,2025-03-25,UK,Referral
1012,2025-11-17,UK,Google Ads
1013,2025-11-15,Germany,Organic
1014,2025-04-11,Canada,Organic
1015,2025-11-25,India,Facebook
1016,2025-09-30,Canada,Organic
1017,2025-09-22,India,Google Ads
1018,2025-02-07,Canada,Google Ads
1019,2025-04-04,USA,Organic
1020,2025-04-05,Canada,Google Ads
1021,2025-11-01,Germany,Referral
1022,2025-03-10,India,Facebook
1023,2025-11-14,UK,Google Ads
1024,2025-08-24,Germany,Organic
1025,2025-11-30,India,Facebook
1026,2025-05-17,India,Google Ads
1027,2025-03-17,UK,Facebook
1028,2025-02-04,USA,Referral
1029,2025-01-01,Germany,Facebook
1030,2025-10-23,UK,Facebook
1031,2025-11-16,UK,Facebook
1032,2025-03-01,USA,Google Ads
1033,2025-11-16,Germany,Google Ads
1034,2025-12-15,UK,Organic
1035,2025-11-24,USA,Referral
1036,2025-09-24,Germany,Google Ads
1037,2025-12-27,Canada,Facebook
1038,2025-08-17,India,Referral
1039,2025-09-27,USA,Google Ads
1040,2025-11-12,India,Google Ads
1041,2025-10-13,Canada,Referral
1042,2025-10-18,UK,Organic
1043,2025-08-01,UK,Google Ads
1044,2025-06-14,Germany,Facebook
1045,2025-01-05,USA,Google Ads
1046,2025-12-05,USA,Facebook
1047,2025-03-19,Germany,Organic
1048,2025-03-03,India,Organic
1049,2025-05-12,UK,Organic
1050,2025-03-30,UK,Facebook
1051,2025-08-25,USA,Google Ads
1052,2025-02-11,USA,Google Ads
1053,2025-03-30,Germany,Organic
1054,2025-10-23,Canada,Organic
1055,2025-11-24,India,Google Ads
1056,2025-10-22,Canada,Facebook
1057,2025-04-14,Canada,Organic
1058,2025-01-14,USA,Facebook
1059,2025-10-15,USA,Facebook
1060,2025-06-28,USA,Google Ads
1061,2025-05-05,Canada,Google Ads
1062,2025-12-19,India,Organic
1063,2025-01-23,USA,Organic
1064,2025-03-04,UK,Organic
1065,2025-05-23,India,Referral
1066,2025-06-02,UK,Referral
1067,2025-05-25,India,Google Ads
1068,2025-08-13,USA,Google Ads
1069,2025-11-05,Germany,Facebook
1070,2025-04-14,USA,Google Ads
1071,2025-04-14,Canada,Organic
1072,2025-02-08,Canada,Referral
1073,2025-07-17,India,Organic
1074,2025-05-14,Canada,Google Ads
1075,2025-03-08,USA,Google Ads
1076,2025-06-28,UK,Facebook
1077,2025-02-11,USA,Organic
1078,2025-01-15,India,Facebook
1079,2025-04-21,Canada,Google Ads
1080,2025-06-06,UK,Google Ads
1081,2025-10-16,Germany,Referral
1082,2025-08-19,UK,Organic
1083,2025-06-06,UK,Referral
1084,2025-02-07,USA,Organic
1085,2025-04-07,Germany,Facebook
1086,2025-10-16,India,Google Ads
1087,2025-09-11,India,Facebook
1088,2025-07-15,UK,Organic
1089,2025-03-27,UK,Referral
1090,2025-11-18,Canada,Google Ads
1091,2025-01-10,Germany,Google Ads
1092,2025-01-05,UK,Organic
1093,2025-05-03,Canada,Google Ads
1094,2025-11-26,Germany,Organic
1095,2025-12-19,India,Google Ads
1096,2025-04-28,Canada,Google Ads
1097,2025-10-21,Germany,Facebook
1098,2025-06-08,Canada,Organic
1099,2025-10-30,UK,Facebook
1100,2025-08-16,USA,Google Ads
1101,2025-12-31,India,Referral
1102,2025-08-04,UK,Google Ads
1103,2025-07-03,UK,Google Ads
1104,2025-01-15,Germany,Organic
1105,2025-06-06,Canada,Google Ads
1106,2025-05-16,India,Facebook
1107,2025-09-18,UK,Referral
1108,2025-06-06,Germany,Organic
1109,2025-02-16,India,Organic
1110,2025-11-20,Canada,Organic
1111,2025-11-28,UK,Google Ads
1112,2025-06-22,UK,Facebook
1113,2025-05-10,UK,Facebook
1114,2025-04-05,India,Referral
1115,2025-04-25,India,Google Ads
1116,2025-08-31,India,Facebook
1117,2025-10-19,India,Referral
1118,2025-10-09,Germany,Organic
1119,2025-10-26,USA,Referral
1120,2025-10-10,Germany,Organic
1121,2025-03-10,UK,Facebook
1122,2025-05-28,Germany,Organic
1123,2025-01-11,Canada,Google Ads
1124,2025-09-11,India,Google Ads
1125,2025-11-26,Canada,Organic
1126,2025-12-26,Canada,Organic
1127,2025-02-07,UK,Referral
1128,2025-05-14,India,Referral
1129,2025-07-19,Canada,Referral
1130,2025-01-23,UK,Google Ads
1131,2025-10-30,India,Organic
1132,2025-12-12,USA,Organic
1133,2025-10-29,UK,Referral
1134,2025-12-29,Germany,Facebook
1135,2025-08-06,India,Google Ads
1136,2025-05-21,Canada,Referral
1137,2025-04-14,Canada,Facebook
1138,2025-07-29,Germany,Organic
1139,2025-04-21,Germany,Facebook
1140,2025-04-14,Canada,Facebook
1141,2025-11-12,India,Organic
1142,2025-06-20,UK,Facebook
1143,2025-12-22,Germany,Organic
1144,2025-11-20,Germany,Google Ads
1145,2025-05-13,Germany,Facebook
1146,2025-10-20,USA,Facebook
1147,2025-11-24,India,Organic
1148,2025-05-07,India,Facebook
1149,2025-04-16,India,Organic
1150,2025-04-02,India,Organic
1151,2025-10-14,India,Organic
1152,2025-02-20,Canada,Organic
1153,2025-01-29,Germany,Facebook
1154,2025-10-23,Canada,Facebook
1155,2025-10-24,USA,Organic
1156,2025-08-02,UK,Google Ads
1157,2025-09-24,Germany,Referral
1158,2025-09-14,USA,Organic
1159,2025-10-29,Canada,Facebook
1160,2025-04-11,UK,Organic
1161,2025-12-12,USA,Referral
1162,2025-04-20,UK,Google Ads
1163,2025-07-01,USA,Organic
1164,2025-11-09,Canada,Google Ads
1165,2025-01-01,UK,Facebook
1166,2025-11-15,USA,Referral
1167,2025-02-24,Canada,Organic
1168,2025-05-29,Germany,Organic
1169,2025-11-05,Canada,Referral
1170,2025-05-17,Canada,Organic
1171,2025-07-21,Germany,Organic
1172,2025-11-09,Canada,Organic
1173,2025-04-27,Germany,Organic
1174,2025-06-03,Germany,Organic
1175,2025-10-18,Germany,Referral
1176,2025-03-04,USA,Organic
1177,2025-09-01,UK,Organic
1178,2025-01-25,USA,Google Ads
1179,2025-03-31,Germany,Organic
1180,2025-03-16,UK,Organic
1181,2025-10-21,UK,Organic
1182,2025-07-29,Germany,Google Ads
1183,2025-12-13,UK,Referral
1184,2025-01-17,UK,Google Ads
1185,2025-05-08,USA,Google Ads
1186,2025-12-30,UK,Organic
1187,2025-09-08,Germany,Organic
1188,2025-06-28,India,Facebook
1189,2025-07-01,India,Organic
1190,2025-06-01,India,Facebook
1191,2025-01-25,Germany,Google Ads
1192,2025-06-29,India,Google Ads
1193,2025-07-17,USA,Referral
1194,2025-12-10,Germany,Google Ads
1195,2025-06-10,Germany,Google Ads
1196,2025-06-26,Germany,Organic
1197,2025-10-12,UK,Facebook
1198,2025-03-04,UK,Organic
1199,2025-05-30,UK,Referral
1200,2025-06-03,Canada,Organic
1201,2025-06-05,USA,Facebook
1202,2025-02-18,Germany,Facebook
1203,2025-12-03,Germany,Organic
1204,2025-03-25,UK,Facebook
1205,2025-12-27,Germany,Google Ads
1206,2025-06-26,Germany,Facebook
1207,2025-05-28,India,Google Ads
1208,2025-04-28,Germany,Referral
1209,2025-12-08,Canada,Organic
1210,2025-03-04,UK,Google Ads
1211,2025-07-08,USA,Google Ads
1212,2025-12-26,USA,Referral
1213,2025-02-18,India,Facebook
1214,2025-11-23,USA,Organic
1215,2025-09-14,USA,Facebook
1216,2025-08-12,UK,Referral
1217,2025-05-21,UK,Organic
1218,2025-08-03,Canada,Google Ads
1219,2025-07-30,India,Google Ads
1220,2025-11-14,USA,Organic
1221,2025-02-01,Canada,Referral
1222,2025-06-07,India,Google Ads
1223,2025-10-12,USA,Organic
1224,2025-11-01,USA,Facebook
1225,2025-10-13,UK,Referral
1226,2025-05-24,Germany,Organic
1227,2025-01-19,India,Facebook
1228,2025-01-18,USA,Google Ads
1229,2025-09-14,India,Google Ads
1230,2025-03-19,Canada,Organic
1231,2025-06-24,Canada,Facebook
1232,2025-07-13,Germany,Facebook
1233,2025-04-23,USA,Referral
1234,2025-04-24,UK,Facebook
1235,2025-08-10,USA,Organic
1236,2025-06-15,India,Google Ads
1237,2025-11-15,Canada,Google Ads
1238,2025-05-12,India,Facebook
1239,2025-09-21,Germany,Organic
1240,2025-02-24,Canada,Facebook
1241,2025-12-25,UK,Referral
1242,2025-05-11,Canada,Facebook
1243,2025-10-15,USA,Facebook
1244,2025-09-23,USA,Referral
1245,2025-06-11,Canada,Facebook
1246,2025-03-28,Germany,Google Ads
1247,2025-02-24,USA,Google Ads
1248,2025-10-15,USA,Organic
1249,2025-06-27,UK,Organic
1250,2025-12-15,Canada,Google Ads
1251,2025-01-08,USA,Facebook
1252,2025-11-17,Germany,Organic
1253,2025-11-09,India,Referral
1254,2025-09-04,Canada,Facebook
1255,2025-11-19,UK,Referral
1256,2025-09-12,USA,Facebook
1257,2025-11-24,Germany,Google Ads
1258,2025-02-23,Canada,Google Ads
1259,2025-09-06,Germany,Facebook
1260,2025-08-27,Germany,Facebook
1261,2025-08-17,UK,Referral
1262,2025-03-08,Canada,Google Ads
1263,2025-02-20,USA,Facebook
1264,2025-04-07,UK,Google Ads
1265,2025-04-02,USA,Organic
1266,2025-09-21,India,Referral
1267,2025-10-18,Germany,Google Ads
1268,2025-04-06,India,Facebook
1269,2025-03-29,Germany,Google Ads
1270,2025-03-19,UK,Facebook
1271,2025-10-15,USA,Google Ads
1272,2025-04-30,USA,Facebook
1273,2025-10-29,UK,Organic
1274,2025-06-14,Canada,Organic
1275,2025-07-01,India,Google Ads
1276,2025-08-11,India,Facebook
1277,2025-11-07,USA,Organic
1278,2025-01-07,USA,Organic
1279,2025-11-26,USA,Google Ads
1280,2025-09-20,UK,Organic
1281,2025-06-10,Canada,Facebook
1282,2025-05-31,India,Google Ads
1283,2025-03-26,Germany,Google Ads
1284,2025-05-27,UK,Referral
1285,2025-04-22,India,Google Ads
1286,2025-02-05,Canada,Referral
1287,2025-10-12,UK,Facebook
1288,2025-07-07,India,Facebook
1289,2025-03-23,UK,Organic
1290,2025-01-02,India,Google Ads
1291,2025-10-30,India,Facebook
1292,2025-07-16,Canada,Facebook
1293,2025-01-11,Germany,Referral
1294,2025-08-22,Canada,Facebook
1295,2025-07-14,India,Facebook
1296,2025-04-29,UK,Google Ads
1297,2025-01-20,Canada,Organic
1298,2025-09-18,Germany,Google Ads
1299,2025-10-20,India,Google Ads
1300,2025-09-13,Canada,Google Ads
1301,2025-08-10,Canada,Organic
1302,2025-08-14,Canada,Facebook
1303,2025-02-22,Canada,Facebook
1304,2025-12-21,UK,Organic
1305,2025-12-08,Germany,Referral
1306,2025-12-30,Germany,Organic
1307,2025-10-07,India,Facebook
1308,2025-03-22,USA,Organic
1309,2025-07-21,UK,Referral
1310,2025-06-07,India,Facebook
1311,2025-04-30,India,Facebook
1312,2025-02-28,Canada,Google Ads
1313,2025-08-03,USA,Referral
1314,2025-05-08,USA,Google Ads
1315,2025-08-12,UK,Google Ads
1316,2025-07-28,USA,Facebook
1317,2025-04-25,India,Organic
1318,2025-07-28,USA,Facebook
1319,2025-01-14,USA,Organic
1320,2025-01-09,Germany,Organic
1321,2025-02-09,India,Facebook
1322,2025-08-25,USA,Organic
1323,2025-10-08,USA,Facebook
1324,2025-12-25,Canada,Referral
1325,2025-07-20,USA,Organic
1326,2025-09-03,USA,Referral
1327,2025-10-05,Germany,Google Ads
1328,2025-08-23,India,Facebook
1329,2025-01-04,UK,Google Ads
1330,2025-06-03,India,Facebook
1331,2025-01-29,Canada,Referral
1332,2025-04-19,India,Facebook
1333,2025-04-08,USA,Google Ads
1334,2025-08-03,Canada,Google Ads
1335,2025-10-20,India,Facebook
1336,2025-03-16,Canada,Google Ads
1337,2025-11-22,UK,Facebook
1338,2025-05-26,India,Organic
1339,2025-05-08,USA,Facebook
1340,2025-12-07,Canada,Organic
1341,2025-02-11,Germany,Facebook
1342,2025-12-22,Canada,Organic
1343,2025-02-10,Germany,Google Ads
1344,2025-02-03,USA,Referral
1345,2025-01-17,UK,Organic
1346,2025-06-14,Germany,Google Ads
1347,2025-06-02,UK,Google Ads
1348,2025-03-17,Canada,Google Ads
1349,2025-03-28,USA,Organic
1350,2025-04-27,Germany,Organic
1351,2025-12-28,Canada,Facebook
1352,2025-12-08,India,Facebook
1353,2025-01-27,Canada,Referral
1354,2025-11-09,UK,Referral
1355,2025-10-14,USA,Organic
1356,2025-05-14,USA,Facebook
1357,2025-08-07,Canada,Organic
1358,2025-06-17,India,Organic
1359,2025-04-08,UK,Facebook
1360,2025-09-25,Canada,Google Ads
1361,2025-08-25,Canada,Organic
1362,2025-11-05,USA,Google Ads
1363,2025-06-22,UK,Google Ads
1364,2025-07-09,India,Organic
1365,2025-05-02,USA,Organic
1366,2025-02-15,Canada,Referral
1367,2025-03-05,USA,Facebook
1368,2025-05-10,USA,Referral
1369,2025-11-06,Germany,Facebook
1370,2025-12-29,USA,Organic
1371,2025-07-12,USA,Facebook
1372,2025-11-03,UK,Google Ads
1373,2025-06-30,USA,Facebook
1374,2025-10-19,India,Organic
1375,2025-10-09,Canada,Google Ads
1376,2025-01-29,UK,Facebook
1377,2025-05-29,USA,Google Ads
1378,2025-09-24,India,Google Ads
1379,2025-10-23,Canada,Organic
1380,2025-01-11,UK,Referral
1381,2025-06-13,India,Facebook
1382,2025-04-23,USA,Organic
1383,2025-07-06,Germany,Referral
1384,2025-10-22,Germany,Organic
1385,2025-08-20,UK,Organic
1386,2025-08-15,India,Google Ads
1387,2025-11-06,Canada,Facebook
1388,2025-04-08,India,Facebook
1389,2025-02-24,Germany,Facebook
1390,2025-04-21,UK,Organic
1391,2025-06-01,USA,Facebook
1392,2025-09-03,India,Google Ads
1393,2025-03-10,Germany,Referral
1394,2025-11-08,Canada,Facebook
1395,2025-10-16,UK,Referral
1396,2025-09-07,USA,Organic
1397,2025-02-05,India,Google Ads
1398,2025-08-27,Canada,Organic
1399,2025-05-28,USA,Organic
1400,2025-08-15,Germany,Google Ads
1401,2025-09-01,Germany,Facebook
1402,2025-12-03,Canada,Facebook
1403,2025-12-31,Germany,Organic
1404,2025-07-20,UK,Google Ads
1405,2025-06-03,Canada,Organic
1406,2025-03-14,Germany,Google Ads
1407,2025-07-20,India,Facebook
1408,2025-10-23,Germany,Google Ads
1409,2025-01-17,UK,Google Ads
1410,2025-05-09,USA,Facebook
1411,2025-08-05,USA,Google Ads
1412,2025-03-02,Germany,Facebook
1413,2025-04-14,USA,Referral
1414,2025-02-11,Germany,Facebook
1415,2025-01-25,UK,Organic
1416,2025-02-08,USA,Referral
1417,2025-10-18,India,Referral
1418,2025-05-11,Germany,Referral
1419,2025-08-17,USA,Google Ads
1420,2025-04-18,UK,Organic
1421,2025-06-21,UK,Organic
1422,2025-04-12,India,Organic
1423,2025-12-20,UK,Organic
1424,2025-01-12,UK,Google Ads
1425,2025-10-02,USA,Referral
1426,2025-04-11,Germany,Facebook
1427,2025-02-13,Canada,Facebook
1428,2025-11-01,UK,Facebook
1429,2025-01-17,UK,Facebook
1430,2025-11-26,Canada,Google Ads
1431,2025-02-26,UK,Facebook
1432,2025-11-07,USA,Referral
1433,2025-10-30,USA,Facebook
1434,2025-01-12,Canada,Facebook
1435,2025-11-14,UK,Organic
1436,2025-03-21,UK,Facebook
1437,2025-08-04,Germany,Facebook
1438,2025-12-05,UK,Facebook
1439,2025-09-21,USA,Google Ads
1440,2025-05-29,India,Google Ads
1441,2025-03-22,India,Organic
1442,2025-08-03,India,Referral
1443,2025-07-17,India,Organic
1444,2025-07-19,UK,Google Ads
1445,2025-01-25,UK,Facebook
1446,2025-03-30,Germany,Google Ads
1447,2025-09-25,UK,Facebook
1448,2025-05-23,India,Google Ads
1449,2025-02-28,Canada,Referral
1450,2025-12-31,Canada,Google Ads
1451,2025-01-26,USA,Google Ads
1452,2025-02-16,USA,Facebook
1453,2025-10-15,UK,Google Ads
1454,2025-09-23,Canada,Organic
1455,2025-01-16,India,Referral
1456,2025-07-18,India,Google Ads
1457,2025-10-09,India,Facebook
1458,2025-03-27,UK,Referral
1459,2025-09-07,UK,Organic
1460,2025-09-27,Germany,Referral
1461,2025-12-01,India,Google Ads
1462,2025-04-27,India,Google Ads
1463,2025-01-07,UK,Google Ads
1464,2025-05-17,UK,Facebook
1465,2025-06-25,Germany,Organic
1466,2025-11-24,Germany,Google Ads
1467,2025-11-11,USA,Facebook
1468,2025-08-03,Canada,Google Ads
1469,2025-03-23,India,Organic
1470,2025-08-11,India,Google Ads
1471,2025-04-13,Germany,Google Ads
1472,2025-09-30,Germany,Organic
1473,2025-01-14,USA,Google Ads
1474,2025-06-08,Canada,Facebook
1475,2025-06-01,USA,Facebook
1476,2025-04-18,Canada,Referral
1477,2025-07-07,India,Organic
1478,2025-10-28,USA,Organic
1479,2025-04-08,Germany,Referral
1480,2025-05-11,USA,Referral
1481,2025-10-20,USA,Organic
1482,2025-06-20,India,Facebook
1483,2025-07-02,Germany,Organic
1484,2025-12-30,Germany,Facebook
1485,2025-02-08,UK,Referral
1486,2025-01-15,UK,Organic
1487,2025-01-04,UK,Google Ads
1488,2025-12-15,India,Google Ads
1489,2025-07-29,USA,Google Ads
1490,2025-06-10,Germany,Google Ads
1491,2025-01-16,Germany,Google Ads
1492,2025-04-18,USA,Facebook
1493,2025-11-07,Germany,Google Ads
1494,2025-08-15,USA,Organic
1495,2025-06-19,India,Google Ads
1496,2025-02-03,India,Google Ads
1497,2025-09-08,India,Facebook
1498,2025-09-04,USA,Referral
1499,2025-09-26,USA,Facebook
1500,2025-05-21,Canada,Facebook
1501,2025-10-01,Germany,Organic
1502,2025-04-06,Germany,Google Ads
1503,2025-08-15,Canada,Facebook
1504,2025-02-08,Canada,Google Ads
1505,2025-10-29,India,Organic
1506,2025-01-29,Canada,Organic
1507,2025-11-14,USA,Organic
1508,2025-09-02,UK,Google Ads
1509,2025-08-24,USA,Organic
1510,2025-07-04,Canada,Google Ads
1511,2025-09-29,Germany,Google Ads
1512,2025-08-24,USA,Facebook
1513,2025-08-27,Germany,Organic
1514,2025-09-23,USA,Google Ads
1515,2025-12-25,Germany,Organic
1516,2025-12-06,USA,Referral
1517,2025-03-06,Germany,Google Ads
1518,2025-06-26,UK,Facebook
1519,2025-01-03,India,Google Ads
1520,2025-05-22,USA,Facebook
1521,2025-06-07,UK,Google Ads
1522,2025-11-20,India,Referral
1523,2025-05-26,USA,Facebook
1524,2025-10-20,UK,Organic
1525,2025-06-02,UK,Google Ads
1526,2025-07-12,UK,Organic
1527,2025-03-14,Canada,Referral
1528,2025-11-01,Germany,Organic
1529,2025-12-10,India,Referral
1530,2025-05-20,Germany,Google Ads
1531,2025-07-06,Germany,Facebook
1532,2025-10-20,Germany,Organic
1533,2025-03-02,UK,Organic
1534,2025-07-17,Germany,Referral
1535,2025-10-22,Canada,Google Ads
1536,2025-11-15,USA,Google Ads
1537,2025-10-29,UK,Google Ads
1538,2025-12-10,India,Referral
1539,2025-01-11,USA,Referral
1540,2025-03-03,USA,Organic
1541,2025-11-29,USA,Facebook
1542,2025-08-14,Germany,Organic
1543,2025-06-02,Germany,Organic
1544,2025-07-18,UK,Google Ads
1545,2025-02-21,Germany,Organic
1546,2025-09-17,Germany,Facebook
1547,2025-02-28,Germany,Facebook
1548,2025-03-13,UK,Google Ads
1549,2025-05-28,UK,Organic
1550,2025-12-15,Canada,Organic
1551,2025-03-04,Canada,Organic
1552,2025-11-06,Canada,Organic
1553,2025-08-31,Canada,Facebook
1554,2025-11-26,USA,Organic
1555,2025-04-17,USA,Facebook
1556,2025-08-14,Canada,Organic
1557,2025-11-09,Canada,Facebook
1558,2025-08-06,India,Organic
1559,2025-08-29,USA,Organic
1560,2025-09-16,India,Organic
1561,2025-09-19,India,Organic
1562,2025-01-05,Germany,Facebook
1563,2025-09-18,UK,Organic
1564,2025-02-23,USA,Facebook
1565,2025-02-16,Canada,Referral
1566,2025-08-03,Canada,Organic
1567,2025-06-26,UK,Google Ads
1568,2025-01-09,USA,Organic
1569,2025-04-09,Canada,Organic
1570,2025-01-20,Canada,Referral
1571,2025-08-29,Germany,Organic
1572,2025-03-02,India,Google Ads
1573,2025-06-27,Canada,Facebook
1574,2025-12-04,USA,Facebook
1575,2025-03-03,UK,Organic
1576,2025-05-25,Germany,Organic
1577,2025-08-04,USA,Facebook
1578,2025-01-03,Germany,Organic
1579,2025-06-09,India,Organic
1580,2025-08-15,Canada,Google Ads
1581,2025-09-26,USA,Google Ads
1582,2025-04-30,UK,Facebook
1583,2025-03-30,India,Google Ads
1584,2025-11-25,India,Google Ads
1585,2025-03-09,Germany,Google Ads
1586,2025-12-23,India,Referral
1587,2025-04-08,USA,Google Ads
1588,2025-09-24,Germany,Google Ads
1589,2025-04-15,India,Google Ads
1590,2025-11-19,UK,Facebook
1591,2025-05-03,USA,Facebook
1592,2025-01-29,UK,Google Ads
1593,2025-05-17,UK,Organic
1594,2025-07-14,Germany,Organic
1595,2025-08-14,Canada,Facebook
1596,2025-11-28,Germany,Organic
1597,2025-06-19,USA,Facebook
1598,2025-01-09,USA,Google Ads
1599,2025-02-09,Germany,Organic
1600,2025-01-25,Canada,Organic
1601,2025-09-18,Germany,Organic
1602,2025-08-14,USA,Facebook
1603,2025-05-04,Canada,Referral
1604,2025-02-07,USA,Facebook
1605,2025-11-24,Canada,Google Ads
1606,2025-09-08,Canada,Facebook
1607,2025-06-25,Germany,Organic
1608,2025-03-31,Germany,Organic
1609,2025-02-06,Germany,Facebook
1610,2025-11-12,Canada,Google Ads
1611,2025-06-25,Canada,Organic
1612,2025-10-11,USA,Referral
1613,2025-03-22,UK,Google Ads
1614,2025-04-24,Germany,Organic
1615,2025-02-09,USA,Facebook
1616,2025-10-28,USA,Organic
1617,2025-08-12,India,Facebook
1618,2025-11-14,Germany,Facebook
1619,2025-12-15,USA,Organic
1620,2025-04-25,India,Referral
1621,2025-07-05,Germany,Facebook
1622,2025-11-19,Canada,Facebook
1623,2025-02-25,India,Google Ads
1624,2025-02-09,Canada,Google Ads
1625,2025-12-20,UK,Organic
1626,2025-02-09,UK,Google Ads
1627,2025-12-13,UK,Organic
1628,2025-08-25,UK,Facebook
1629,2025-10-16,USA,Referral
1630,2025-09-19,UK,Google Ads
1631,2025-08-04,USA,Google Ads
1632,2025-05-27,USA,Google Ads
1633,2025-12-02,Germany,Organic
1634,2025-06-17,USA,Facebook
1635,2025-04-02,USA,Google Ads
1636,2025-12-19,UK,Referral
1637,2025-02-28,USA,Referral
1638,2025-02-28,Canada,Organic
1639,2025-10-31,UK,Google Ads
1640,2025-06-18,India,Facebook
1641,2025-09-26,UK,Organic
1642,2025-12-29,USA,Facebook
1643,2025-02-14,Canada,Google Ads
1644,2025-12-11,UK,Google Ads
1645,2025-06-30,Canada,Referral
1646,2025-06-19,India,Google Ads
1647,2025-12-22,India,Organic
1648,2025-07-10,Germany,Facebook
1649,2025-06-04,Germany,Organic
1650,2025-07-07,UK,Organic
1651,2025-01-07,Germany,Facebook
1652,2025-05-13,Canada,Facebook
1653,2025-08-23,Germany,Organic
1654,2025-02-14,Canada,Facebook
1655,2025-11-10,Germany,Organic
1656,2025-09-06,Germany,Organic
1657,2025-01-31,Germany,Organic
1658,2025-01-23,USA,Facebook
1659,2025-06-09,USA,Google Ads
1660,2025-12-29,Germany,Organic
1661,2025-06-07,Canada,Google Ads
1662,2025-02-08,UK,Referral
1663,2025-03-23,India,Referral
1664,2025-12-22,USA,Google Ads
1665,2025-09-15,Germany,Google Ads
1666,2025-07-25,India,Facebook
1667,2025-03-18,USA,Referral
1668,2025-01-12,UK,Facebook
1669,2025-10-22,Canada,Facebook
1670,2025-08-12,Germany,Organic
1671,2025-01-13,UK,Google Ads
1672,2025-02-15,USA,Facebook
1673,2025-06-04,Germany,Google Ads
1674,2025-04-23,India,Organic
1675,2025-08-21,Canada,Google Ads
1676,2025-01-17,USA,Facebook
1677,2025-12-26,Canada,Referral
1678,2025-08-11,Germany,Facebook
1679,2025-12-20,UK,Organic
1680,2025-07-07,Canada,Google Ads
1681,2025-12-10,India,Facebook
1682,2025-12-31,USA,Google Ads
1683,2025-06-12,India,Organic
1684,2025-11-22,Canada,Google Ads
1685,2025-03-15,UK,Google Ads
1686,2025-08-21,UK,Google Ads
1687,2025-08-12,India,Facebook
1688,2025-11-15,Germany,Facebook
1689,2025-03-01,Germany,Organic
1690,2025-12-01,UK,Google Ads
1691,2025-08-10,India,Organic
1692,2025-02-06,India,Facebook
1693,2025-10-05,India,Facebook
1694,2025-07-15,Canada,Organic
1695,2025-12-18,Germany,Facebook
1696,2025-08-30,Germany,Google Ads
1697,2025-11-20,Canada,Organic
1698,2025-08-07,USA,Referral
1699,2025-07-11,Canada,Facebook
1700,2025-01-17,India,Organic
1701,2025-01-12,Canada,Organic
1702,2025-07-12,India,Facebook
1703,2025-01-22,UK,Organic
1704,2025-04-30,India,Facebook
1705,2025-07-29,Germany,Facebook
1706,2025-11-02,Canada,Facebook
1707,2025-09-27,India,Organic
1708,2025-07-11,USA,Facebook
1709,2025-06-24,UK,Google Ads
1710,2025-10-12,USA,Organic
1711,2025-07-23,USA,Organic
1712,2025-06-13,USA,Referral
1713,2025-09-08,UK,Facebook
1714,2025-08-15,UK,Google Ads
1715,2025-01-07,UK,Google Ads
1716,2025-01-29,UK,Organic
1717,2025-02-02,USA,Google Ads
1718,2025-05-14,Germany,Referral
1719,2025-03-20,Germany,Google Ads
1720,2025-02-27,UK,Referral
1721,2025-01-26,Canada,Organic
1722,2025-08-14,India,Referral
1723,2025-10-12,Canada,Google Ads
1724,2025-01-04,Canada,Organic
1725,2025-04-09,Canada,Google Ads
1726,2025-02-08,Germany,Google Ads
1727,2025-09-28,India,Facebook
1728,2025-10-12,Canada,Organic
1729,2025-06-06,UK,Google Ads
1730,2025-03-16,Germany,Referral
1731,2025-10-15,UK,Google Ads
1732,2025-05-10,UK,Facebook
1733,2025-06-24,Canada,Google Ads
1734,2025-03-25,UK,Organic
1735,2025-01-22,India,Google Ads
1736,2025-01-27,UK,Referral
1737,2025-07-14,Canada,Facebook
1738,2025-12-03,UK,Referral
1739,2025-08-24,Germany,Google Ads
1740,2025-04-02,Germany,Facebook
1741,2025-01-21,Germany,Organic
1742,2025-10-30,USA,Organic
1743,2025-12-23,Germany,Facebook
1744,2025-03-25,Germany,Referral
1745,2025-09-19,USA,Google Ads
1746,2025-05-27,Germany,Organic
1747,2025-09-14,Canada,Facebook
1748,2025-02-27,Germany,Google Ads
1749,2025-01-15,Germany,Facebook
1750,2025-06-11,USA,Referral
1751,2025-06-12,Canada,Referral
1752,2025-11-16,UK,Facebook
1753,2025-10-08,India,Referral
1754,2025-10-07,Canada,Facebook
1755,2025-01-12,UK,Organic
1756,2025-10-01,Canada,Google Ads
1757,2025-09-28,UK,Organic
1758,2025-07-27,UK,Google Ads
1759,2025-01-27,Canada,Google Ads
1760,2025-03-13,USA,Organic
1761,2025-03-01,Canada,Organic
1762,2025-05-25,Canada,Organic
1763,2025-04-03,UK,Referral
1764,2025-11-05,India,Organic
1765,2025-01-08,UK,Google Ads
1766,2025-03-20,Germany,Facebook
1767,2025-01-27,Canada,Organic
1768,2025-06-23,Canada,Referral
1769,2025-02-19,USA,Referral
1770,2025-07-18,UK,Organic
1771,2025-12-15,USA,Organic
1772,2025-06-30,Canada,Organic
1773,2025-01-24,UK,Google Ads
1774,2025-11-12,UK,Google Ads
1775,2025-02-15,Germany,Organic
1776,2025-01-15,Germany,Referral
1777,2025-06-02,India,Referral
1778,2025-08-10,Germany,Facebook
1779,2025-07-25,UK,Organic
1780,2025-09-30,Germany,Referral
1781,2025-08-24,India,Organic
1782,2025-12-06,Canada,Facebook
1783,2025-08-16,Germany,Organic
1784,2025-01-09,UK,Organic
1785,2025-06-15,Canada,Organic
1786,2025-11-15,UK,Organic
1787,2025-08-02,Canada,Organic
1788,2025-04-27,UK,Google Ads
1789,2025-12-10,Germany,Facebook
1790,2025-03-13,Germany,Organic
1791,2025-03-05,India,Google Ads
1792,2025-07-24,Canada,Referral
1793,2025-07-28,India,Google Ads
1794,2025-03-13,USA,Facebook
1795,2025-10-04,Germany,Referral
1796,2025-10-01,Canada,Google Ads
1797,2025-11-16,India,Organic
1798,2025-12-04,India,Organic
1799,2025-04-05,USA,Google Ads
1800,2025-06-15,India,Referral
1801,2025-02-01,UK,Google Ads
1802,2025-01-11,Germany,Facebook
1803,2025-10-28,India,Google Ads
1804,2025-08-05,India,Google Ads
1805,2025-10-16,USA,Referral
1806,2025-04-12,UK,Organic
1807,2025-09-24,India,Google Ads
1808,2025-08-02,Germany,Organic
1809,2025-06-28,Germany,Organic
1810,2025-03-29,India,Referral
1811,2025-02-10,UK,Facebook
1812,2025-03-17,Germany,Referral
1813,2025-02-15,Germany,Facebook
1814,2025-06-09,UK,Organic
1815,2025-03-21,UK,Referral
1816,2025-11-06,India,Google Ads
1817,2025-03-27,Canada,Google Ads
1818,2025-04-02,USA,Facebook
1819,2025-05-28,Canada,Google Ads
1820,2025-06-10,Canada,Google Ads
1821,2025-07-21,Germany,Organic
1822,2025-08-30,UK,Facebook
1823,2025-12-19,Germany,Facebook
1824,2025-01-02,USA,Facebook
1825,2025-08-13,India,Google Ads
1826,2025-10-16,USA,Facebook
1827,2025-08-21,Germany,Organic
1828,2025-03-18,Germany,Google Ads
1829,2025-04-26,Germany,Referral
1830,2025-06-03,Germany,Facebook
1831,2025-04-13,Canada,Referral
1832,2025-07-13,India,Google Ads
1833,2025-06-15,Canada,Organic
1834,2025-12-25,Germany,Organic
1835,2025-03-31,UK,Organic
1836,2025-06-23,Canada,Organic
1837,2025-05-02,Germany,Referral
1838,2025-05-23,Germany,Organic
1839,2025-04-16,India,Organic
1840,2025-11-01,USA,Referral
1841,2025-12-26,Canada,Organic
1842,2025-11-13,Canada,Facebook
1843,2025-05-03,Canada,Google Ads
1844,2025-01-09,Germany,Referral
1845,2025-09-19,India,Facebook
1846,2025-03-14,Germany,Organic
1847,2025-12-25,Germany,Google Ads
1848,2025-08-11,UK,Facebook
1849,2025-02-10,India,Organic
1850,2025-07-23,Canada,Organic
1851,2025-09-21,USA,Facebook
1852,2025-11-24,Canada,Google Ads
1853,2025-06-27,Germany,Facebook
1854,2025-12-14,India,Organic
1855,2025-11-14,India,Google Ads
1856,2025-03-25,India,Organic
1857,2025-11-14,UK,Organic
1858,2025-04-21,Canada,Referral
1859,2025-09-08,UK,Google Ads
1860,2025-01-07,USA,Google Ads
1861,2025-03-25,Germany,Facebook
1862,2025-07-27,UK,Facebook
1863,2025-11-10,UK,Google Ads
1864,2025-01-22,Germany,Organic
1865,2025-01-03,India,Facebook
1866,2025-05-07,Germany,Facebook
1867,2025-10-24,Canada,Facebook
1868,2025-07-07,Germany,Referral
1869,2025-12-28,India,Google Ads
1870,2025-01-14,Germany,Google Ads
1871,2025-01-12,UK,Google Ads
1872,2025-03-28,USA,Organic
1873,2025-01-12,UK,Organic
1874,2025-01-25,USA,Facebook
1875,2025-10-28,Germany,Google Ads
1876,2025-08-31,Canada,Google Ads
1877,2025-05-02,Germany,Organic
1878,2025-05-27,India,Google Ads
1879,2025-02-24,Germany,Referral
1880,2025-08-26,USA,Google Ads
1881,2025-12-22,UK,Google Ads
1882,2025-06-22,Canada,Google Ads
1883,2025-08-09,Germany,Organic
1884,2025-04-29,Germany,Organic
1885,2025-11-05,UK,Referral
1886,2025-07-02,Canada,Facebook
1887,2025-10-15,Germany,Google Ads
1888,2025-11-03,Germany,Organic
1889,2025-10-27,USA,Facebook
1890,2025-03-23,USA,Organic
1891,2025-07-30,India,Facebook
1892,2025-05-30,UK,Google Ads
1893,2025-02-06,Canada,Google Ads
1894,2025-12-18,Germany,Organic
1895,2025-11-08,Germany,Facebook
1896,2025-12-27,India,Organic
1897,2025-02-28,Germany,Facebook
1898,2025-05-11,UK,Organic
1899,2025-07-21,India,Facebook
1900,2025-08-31,UK,Google Ads
1901,2025-02-04,India,Referral
1902,2025-04-03,Germany,Facebook
1903,2025-07-26,India,Organic
1904,2025-12-19,USA,Organic
1905,2025-11-28,Canada,Facebook
1906,2025-11-01,Germany,Organic
1907,2025-12-16,Canada,Referral
1908,2025-08-01,Germany,Facebook
1909,2025-06-08,Canada,Organic
1910,2025-01-24,USA,Organic
1911,2025-10-20,Canada,Google Ads
1912,2025-01-04,India,Facebook
1913,2025-08-08,Canada,Google Ads
1914,2025-12-30,Germany,Organic
1915,2025-01-20,UK,Organic
1916,2025-06-01,Canada,Organic
1917,2025-02-19,Canada,Google Ads
1918,2025-06-26,Canada,Facebook
1919,2025-04-06,Germany,Organic
1920,2025-04-15,Canada,Facebook
1921,2025-09-07,Germany,Organic
1922,2025-04-27,Germany,Organic
1923,2025-12-20,UK,Google Ads
1924,2025-08-16,India,Google Ads
1925,2025-03-07,Germany,Facebook
1926,2025-12-01,USA,Organic
1927,2025-09-19,Canada,Referral
1928,2025-10-22,USA,Organic
1929,2025-08-31,Canada,Facebook
1930,2025-07-05,UK,Google Ads
1931,2025-09-03,Germany,Organic
1932,2025-05-05,India,Google Ads
1933,2025-09-25,Germany,Organic
1934,2025-05-11,Canada,Google Ads
1935,2025-08-25,India,Google Ads
1936,2025-01-18,Germany,Google Ads
1937,2025-02-09,India,Google Ads
1938,2025-01-21,Canada,Organic
1939,2025-08-13,UK,Google Ads
1940,2025-12-21,UK,Referral
1941,2025-10-09,Germany,Organic
1942,2025-01-08,USA,Facebook
1943,2025-04-10,Canada,Facebook
1944,2025-08-28,Germany,Organic
1945,2025-03-28,Germany,Google Ads
1946,2025-10-25,UK,Referral
1947,2025-01-14,India,Organic
1948,2025-11-30,Canada,Google Ads
1949,2025-01-02,India,Organic
1950,2025-10-20,Canada,Facebook
1951,2025-11-21,USA,Google Ads
1952,2025-02-10,UK,Referral
1953,2025-11-14,USA,Google Ads
1954,2025-11-12,Germany,Organic
1955,2025-04-21,UK,Referral
1956,2025-01-14,Germany,Google Ads
1957,2025-08-19,USA,Google Ads
1958,2025-03-25,Canada,Google Ads
1959,2025-05-10,Germany,Google Ads
1960,2025-08-19,India,Google Ads
1961,2025-11-22,Canada,Organic
1962,2025-05-25,Canada,Organic
1963,2025-12-11,USA,Organic
1964,2025-01-28,USA,Facebook
1965,2025-03-07,UK,Organic
1966,2025-06-12,UK,Facebook
1967,2025-08-17,India,Facebook
1968,2025-09-18,Canada,Facebook
1969,2025-06-13,India,Google Ads
1970,2025-10-28,India,Referral
1971,2025-10-30,USA,Organic
1972,2025-10-14,India,Organic
1973,2025-01-10,India,Organic
1974,2025-07-14,Germany,Organic
1975,2025-04-28,UK,Google Ads
1976,2025-09-27,UK,Facebook
1977,2025-03-21,Canada,Organic
1978,2025-04-03,UK,Google Ads
1979,2025-09-23,Canada,Referral
1980,2025-11-28,Germany,Facebook
1981,2025-12-16,UK,Google Ads
1982,2025-12-27,Germany,Facebook
1983,2025-09-14,UK,Organic
1984,2025-05-13,UK,Facebook
1985,2025-10-03,Germany,Organic
1986,2025-09-21,India,Facebook
1987,2025-06-20,India,Organic
1988,2025-01-01,India,Google Ads
1989,2025-11-09,India,Google Ads
1990,2025-03-05,UK,Google Ads
1991,2025-10-11,USA,Google Ads
1992,2025-05-01,Germany,Google Ads
1993,2025-04-17,USA,Organic
1994,2025-06-24,USA,Facebook
1995,2025-07-23,Canada,Google Ads
1996,2025-06-14,India,Google Ads
1997,2025-11-01,UK,Google Ads
1998,2025-04-30,India,Facebook
1999,2025-02-13,India,Google Ads
2000,2025-11-08,USA,Facebook
2001,2025-06-05,Canada,Facebook
2002,2025-07-26,India,Organic
2003,2025-04-18,Germany,Organic
2004,2025-09-08,Germany,Google Ads
2005,2025-11-30,India,Google Ads
2006,2025-05-10,USA,Google Ads
2007,2025-10-20,USA,Google Ads
2008,2025-01-20,UK,Google Ads
2009,2025-10-09,Canada,Organic
2010,2025-10-12,USA,Google Ads
2011,2025-01-01,UK,Referral
2012,2025-04-29,Germany,Google Ads
2013,2025-02-04,Germany,Organic
2014,2025-07-17,Germany,Organic
2015,2025-09-02,India,Facebook
2016,2025-02-28,Canada,Facebook
2017,2025-11-21,UK,Organic
2018,2025-06-10,Canada,Referral
2019,2025-06-28,India,Facebook
2020,2025-07-25,UK,Google Ads
2021,2025-01-12,UK,Facebook
2022,2025-10-03,USA,Google Ads
2023,2025-06-30,Canada,Referral
2024,2025-08-30,Canada,Organic
2025,2025-08-04,USA,Google Ads
2026,2025-09-08,Germany,Google Ads
2027,2025-10-26,India,Google Ads
2028,2025-05-06,Canada,Organic
2029,2025-08-05,USA,Referral
2030,2025-11-02,UK,Google Ads
2031,2025-10-12,USA,Facebook
2032,2025-07-04,Germany,Referral
2033,2025-02-08,India,Google Ads
2034,2025-08-11,Germany,Google Ads
2035,2025-07-03,UK,Facebook
2036,2025-06-27,UK,Google Ads
2037,2025-10-21,UK,Google Ads
2038,2025-12-06,UK,Referral
2039,2025-05-31,USA,Organic
2040,2025-05-06,UK,Facebook
2041,2025-10-28,UK,Facebook
2042,2025-11-04,USA,Organic
2043,2025-12-02,UK,Facebook
2044,2025-08-22,Germany,Google Ads
2045,2025-01-08,Germany,Google Ads
2046,2025-12-07,Canada,Organic
2047,2025-05-09,Germany,Google Ads
2048,2025-09-21,India,Google Ads
2049,2025-06-06,India,Facebook
2050,2025-12-18,India,Google Ads
2051,2025-12-24,USA,Referral
2052,2025-01-05,Germany,Organic
2053,2025-03-27,India,Google Ads
2054,2025-06-24,Canada,Google Ads
2055,2025-10-17,USA,Organic
2056,2025-07-12,Canada,Facebook
2057,2025-11-07,Germany,Organic
2058,2025-04-29,UK,Facebook
2059,2025-08-06,Canada,Facebook
2060,2025-04-24,UK,Referral
2061,2025-05-25,USA,Facebook
2062,2025-01-26,Canada,Facebook
2063,2025-05-16,Canada,Organic
2064,2025-10-30,USA,Organic
2065,2025-08-20,USA,Organic
2066,2025-03-17,India,Organic
2067,2025-11-24,Germany,Facebook
2068,2025-12-11,Canada,Facebook
2069,2025-10-29,Canada,Google Ads
2070,2025-10-16,USA,Organic
2071,2025-01-01,USA,Google Ads
2072,2025-05-27,Germany,Google Ads
2073,2025-10-14,USA,Referral
2074,2025-05-22,UK,Facebook
2075,2025-02-22,UK,Google Ads
2076,2025-10-31,UK,Google Ads
2077,2025-03-10,UK,Facebook
2078,2025-12-27,Germany,Facebook
2079,2025-03-31,Canada,Google Ads
2080,2025-08-08,UK,Google Ads
2081,2025-07-11,USA,Google Ads
2082,2025-03-04,UK,Google Ads
2083,2025-03-14,Germany,Google Ads
2084,2025-06-10,USA,Facebook
2085,2025-06-18,UK,Google Ads
2086,2025-03-30,Canada,Google Ads
2087,2025-06-25,USA,Referral
2088,2025-09-26,USA,Referral
2089,2025-03-14,Canada,Google Ads
2090,2025-09-02,USA,Google Ads
2091,2025-03-18,UK,Facebook
2092,2025-06-08,USA,Organic
2093,2025-11-20,UK,Referral
2094,2025-04-08,Canada,Facebook
2095,2025-04-12,India,Organic
2096,2025-05-12,Canada,Referral
2097,2025-04-12,UK,Facebook
2098,2025-01-19,Germany,Google Ads
2099,2025-03-23,Canada,Facebook
2100,2025-10-06,Germany,Google Ads
2101,2025-12-05,Germany,Google Ads
2102,2025-12-31,UK,Organic
2103,2025-11-27,UK,Google Ads
2104,2025-05-09,India,Google Ads
2105,2025-12-10,USA,Referral
2106,2025-11-06,Canada,Facebook
2107,2025-03-30,UK,Google Ads
2108,2025-08-01,Canada,Google Ads
2109,2025-05-23,Germany,Google Ads
2110,2025-03-06,USA,Google Ads
2111,2025-03-17,India,Organic
2112,2025-07-18,Canada,Google Ads
2113,2025-05-23,USA,Organic
2114,2025-11-12,India,Google Ads
2115,2025-04-03,Canada,Referral
2116,2025-11-01,USA,Organic
2117,2025-08-12,UK,Referral
2118,2025-10-18,Canada,Facebook
2119,2025-04-12,USA,Organic
2120,2025-09-24,India,Referral
2121,2025-12-21,USA,Organic
2122,2025-04-20,UK,Google Ads
2123,2025-11-26,Canada,Google Ads
2124,2025-09-22,Canada,Google Ads
2125,2025-01-03,Canada,Google Ads
2126,2025-03-26,UK,Organic
2127,2025-10-09,India,Organic
2128,2025-11-24,Canada,Facebook
2129,2025-10-31,India,Google Ads
2130,2025-04-27,USA,Google Ads
2131,2025-08-09,India,Google Ads
2132,2025-06-03,India,Facebook
2133,2025-06-02,Canada,Organic
2134,2025-01-12,Germany,Google Ads
2135,2025-05-13,Germany,Organic
2136,2025-10-31,UK,Facebook
2137,2025-10-20,UK,Referral
2138,2025-10-27,Germany,Google Ads
2139,2025-08-16,USA,Facebook
2140,2025-09-28,Canada,Google Ads
2141,2025-02-12,Canada,Facebook
2142,2025-12-09,USA,Facebook
2143,2025-11-22,USA,Organic
2144,2025-10-29,Germany,Google Ads
2145,2025-12-30,UK,Google Ads
2146,2025-01-21,USA,Organic
2147,2025-04-17,UK,Facebook
2148,2025-12-02,India,Facebook
2149,2025-10-30,Canada,Organic
2150,2025-04-27,Germany,Facebook
2151,2025-05-04,Canada,Organic
2152,2025-10-08,Germany,Organic
2153,2025-10-19,India,Organic
2154,2025-07-22,Canada,Organic
2155,2025-02-20,India,Google Ads
2156,2025-09-28,Germany,Facebook
2157,2025-11-20,USA,Referral
2158,2025-10-04,Canada,Google Ads
2159,2025-05-21,India,Organic
2160,2025-10-02,Canada,Organic
2161,2025-10-17,Canada,Organic
2162,2025-11-30,Canada,Facebook
2163,2025-02-21,UK,Google Ads
2164,2025-01-27,India,Facebook
2165,2025-06-06,India,Google Ads
2166,2025-08-27,Canada,Referral
2167,2025-06-05,USA,Organic
2168,2025-10-18,Canada,Organic
2169,2025-05-16,UK,Facebook
2170,2025-05-24,Germany,Google Ads
2171,2025-04-16,UK,Google Ads
2172,2025-06-07,USA,Google Ads
2173,2025-05-26,Canada,Facebook
2174,2025-01-02,India,Facebook
2175,2025-03-18,Canada,Facebook
2176,2025-05-12,USA,Facebook
2177,2025-03-31,India,Referral
2178,2025-12-11,UK,Google Ads
2179,2025-12-16,Germany,Organic
2180,2025-09-20,Germany,Google Ads
2181,2025-12-17,Canada,Facebook
2182,2025-04-18,UK,Google Ads
2183,2025-03-15,USA,Organic
2184,2025-02-08,Germany,Google Ads
2185,2025-06-08,UK,Google Ads
2186,2025-03-12,Canada,Organic
2187,2025-11-08,India,Google Ads
2188,2025-08-29,Canada,Facebook
2189,2025-10-25,Canada,Facebook
2190,2025-02-05,UK,Facebook
2191,2025-03-25,Germany,Organic
2192,2025-09-20,UK,Organic
2193,2025-11-06,India,Google Ads
2194,2025-06-21,UK,Google Ads
2195,2025-06-22,USA,Organic
2196,2025-12-28,Canada,Facebook
2197,2025-02-16,Germany,Referral
2198,2025-05-21,India,Facebook
2199,2025-04-28,Canada,Organic
2200,2025-10-04,UK,Referral
2201,2025-08-02,USA,Organic
2202,2025-08-08,UK,Facebook
2203,2025-01-26,Canada,Organic
2204,2025-01-09,India,Facebook
2205,2025-09-28,Germany,Organic
2206,2025-01-10,Canada,Google Ads
2207,2025-05-01,India,Organic
2208,2025-05-05,Canada,Google Ads
2209,2025-06-19,USA,Google Ads
2210,2025-03-13,UK,Organic
2211,2025-06-01,Germany,Google Ads
2212,2025-07-27,India,Organic
2213,2025-02-18,Germany,Referral
2214,2025-06-03,Germany,Referral
2215,2025-12-13,Germany,Organic
2216,2025-10-20,India,Facebook
2217,2025-03-09,India,Facebook
2218,2025-02-19,Germany,Facebook
2219,2025-06-01,UK,Google Ads
2220,2025-01-19,Canada,Facebook
2221,2025-04-10,Germany,Organic
2222,2025-03-01,USA,Google Ads
2223,2025-06-16,Germany,Google Ads
2224,2025-07-21,India,Organic
2225,2025-12-11,Canada,Google Ads
2226,2025-05-26,USA,Google Ads
2227,2025-06-13,Canada,Google Ads
2228,2025-08-30,Canada,Organic
2229,2025-03-10,USA,Organic
2230,2025-06-24,Germany,Organic
2231,2025-02-18,Germany,Google Ads
2232,2025-04-18,Germany,Organic
2233,2025-08-14,UK,Organic
2234,2025-06-10,Germany,Facebook
2235,2025-04-29,USA,Facebook
2236,2025-05-29,UK,Organic
2237,2025-05-30,Germany,Facebook
2238,2025-10-20,UK,Organic
2239,2025-05-23,USA,Google Ads
2240,2025-06-09,Germany,Facebook
2241,2025-01-11,India,Facebook
2242,2025-05-18,USA,Facebook
2243,2025-03-19,Canada,Facebook
2244,2025-03-18,Canada,Referral
2245,2025-09-11,USA,Organic
2246,2025-09-15,Canada,Organic
2247,2025-11-16,USA,Organic
2248,2025-10-18,India,Google Ads
2249,2025-09-20,USA,Organic
2250,2025-03-26,Germany,Facebook
2251,2025-05-26,Germany,Facebook
2252,2025-11-19,UK,Google Ads
2253,2025-02-11,Canada,Google Ads
2254,2025-05-05,Canada,Google Ads
2255,2025-06-16,USA,Google Ads
2256,2025-08-29,Canada,Google Ads
2257,2025-10-07,Germany,Organic
2258,2025-07-07,India,Google Ads
2259,2025-10-29,USA,Facebook
2260,2025-01-19,Canada,Organic
2261,2025-03-09,Germany,Google Ads
2262,2025-08-06,UK,Organic
2263,2025-04-12,Canada,Organic
2264,2025-02-11,India,Facebook
2265,2025-10-15,India,Google Ads
2266,2025-06-16,Canada,Google Ads
2267,2025-04-19,Canada,Facebook
2268,2025-02-05,Germany,Google Ads
2269,2025-08-20,Canada,Google Ads
2270,2025-08-17,UK,Google Ads
2271,2025-12-19,Germany,Organic
2272,2025-06-13,USA,Google Ads
2273,2025-03-14,UK,Organic
2274,2025-05-16,Germany,Google Ads
2275,2025-12-19,Germany,Organic
2276,2025-03-11,India,Google Ads
2277,2025-07-15,Germany,Organic
2278,2025-09-26,UK,Facebook
2279,2025-02-18,Canada,Organic
2280,2025-11-12,UK,Google Ads
2281,2025-05-10,USA,Facebook
2282,2025-01-05,Germany,Google Ads
2283,2025-01-27,Germany,Facebook
2284,2025-06-09,Germany,Google Ads
2285,2025-05-29,Germany,Facebook
2286,2025-09-21,India,Google Ads
2287,2025-08-18,India,Google Ads
2288,2025-07-19,Canada,Organic
2289,2025-02-19,Germany,Referral
2290,2025-03-08,USA,Facebook
2291,2025-10-27,Canada,Organic
2292,2025-02-27,Germany,Facebook
2293,2025-09-16,India,Facebook
2294,2025-12-08,USA,Google Ads
2295,2025-11-22,Canada,Google Ads
2296,2025-05-10,USA,Referral
2297,2025-08-03,Germany,Facebook
2298,2025-06-21,UK,Organic
2299,2025-09-15,USA,Facebook
2300,2025-04-12,USA,Facebook
2301,2025-07-28,India,Facebook
2302,2025-10-18,Germany,Organic
2303,2025-12-20,USA,Google Ads
2304,2025-10-13,Germany,Facebook
2305,2025-04-26,India,Facebook
2306,2025-09-21,Germany,Referral
2307,2025-05-30,India,Facebook
2308,2025-10-27,India,Organic
2309,2025-02-05,Canada,Google Ads
2310,2025-11-29,Germany,Google Ads
2311,2025-10-14,UK,Referral
2312,2025-10-30,Canada,Organic
2313,2025-11-07,India,Facebook
2314,2025-07-27,UK,Facebook
2315,2025-04-16,USA,Google Ads
2316,2025-06-07,USA,Organic
2317,2025-05-01,Canada,Google Ads
2318,2025-02-24,UK,Organic
2319,2025-01-12,Germany,Facebook
2320,2025-05-25,UK,Google Ads
2321,2025-05-16,Canada,Referral
2322,2025-01-03,Germany,Referral
2323,2025-05-24,Germany,Google Ads
2324,2025-01-30,USA,Organic
2325,2025-08-25,UK,Organic
2326,2025-10-06,Germany,Organic
2327,2025-12-14,Canada,Referral
2328,2025-04-25,USA,Facebook
2329,2025-04-14,Germany,Organic
2330,2025-04-28,UK,Organic
2331,2025-01-05,USA,Facebook
2332,2025-12-26,UK,Facebook
2333,2025-09-05,UK,Facebook
2334,2025-12-30,UK,Organic
2335,2025-11-17,USA,Organic
2336,2025-05-01,Germany,Facebook
2337,2025-10-13,India,Facebook
2338,2025-05-29,Germany,Google Ads
2339,2025-03-25,USA,Google Ads
2340,2025-08-19,India,Facebook
2341,2025-10-15,India,Facebook
2342,2025-06-10,India,Organic
2343,2025-09-29,Canada,Facebook
2344,2025-02-07,USA,Referral
2345,2025-08-14,Canada,Google Ads
2346,2025-05-22,India,Referral
2347,2025-10-19,Canada,Google Ads
2348,2025-05-31,Canada,Organic
2349,2025-04-24,USA,Facebook
2350,2025-08-25,UK,Facebook
2351,2025-03-07,Canada,Google Ads
2352,2025-12-27,Canada,Google Ads
2353,2025-12-07,India,Organic
2354,2025-09-15,India,Facebook
2355,2025-09-06,India,Referral
2356,2025-11-27,Germany,Facebook
2357,2025-11-19,Canada,Referral
2358,2025-06-29,India,Google Ads
2359,2025-07-09,USA,Google Ads
2360,2025-06-03,Germany,Facebook
2361,2025-07-15,UK,Referral
2362,2025-11-07,Canada,Facebook
2363,2025-09-19,Canada,Google Ads
2364,2025-05-23,USA,Google Ads
2365,2025-12-08,UK,Facebook
2366,2025-11-12,UK,Organic
2367,2025-04-11,Germany,Facebook
2368,2025-09-01,Canada,Organic
2369,2025-01-12,India,Organic
2370,2025-08-27,USA,Referral
2371,2025-02-18,USA,Facebook
2372,2025-02-11,USA,Facebook
2373,2025-06-15,USA,Referral
2374,2025-03-23,India,Facebook
2375,2025-10-18,India,Facebook
2376,2025-06-07,Germany,Organic
2377,2025-08-04,Canada,Google Ads
2378,2025-06-07,India,Facebook
2379,2025-05-14,Germany,Google Ads
2380,2025-03-08,UK,Google Ads
2381,2025-12-02,Canada,Google Ads
2382,2025-01-07,India,Google Ads
2383,2025-01-14,UK,Facebook
2384,2025-03-14,Germany,Organic
2385,2025-06-12,India,Organic
2386,2025-03-07,India,Organic
2387,2025-12-13,UK,Facebook
2388,2025-05-10,India,Organic
2389,2025-07-25,USA,Referral
2390,2025-10-03,India,Organic
2391,2025-09-13,Canada,Organic
2392,2025-09-23,UK,Google Ads
2393,2025-01-25,Canada,Organic
2394,2025-10-08,Germany,Organic
2395,2025-09-10,Canada,Facebook
2396,2025-11-06,USA,Facebook
2397,2025-10-16,USA,Google Ads
2398,2025-06-13,Canada,Google Ads
2399,2025-04-05,Germany,Referral
2400,2025-09-27,India,Organic
2401,2025-11-17,USA,Google Ads
2402,2025-04-20,Canada,Google Ads
2403,2025-12-02,Canada,Organic
2404,2025-11-06,Canada,Facebook
2405,2025-08-26,India,Facebook
2406,2025-01-25,UK,Google Ads
2407,2025-05-21,Germany,Google Ads
2408,2025-04-27,UK,Facebook
2409,2025-01-25,Germany,Organic
2410,2025-03-20,Germany,Google Ads
2411,2025-03-09,Canada,Facebook
2412,2025-06-22,USA,Organic
2413,2025-01-12,Canada,Organic
2414,2025-10-15,India,Google Ads
2415,2025-05-08,Germany,Organic
2416,2025-04-06,USA,Referral
2417,2025-04-02,Germany,Referral
2418,2025-05-21,Germany,Organic
2419,2025-01-31,Canada,Organic
2420,2025-11-30,USA,Google Ads
2421,2025-01-20,USA,Organic
2422,2025-05-26,Germany,Organic
2423,2025-11-12,USA,Facebook
2424,2025-06-09,USA,Facebook
2425,2025-12-15,Canada,Organic
2426,2025-02-12,UK,Referral
2427,2025-09-11,India,Google Ads
2428,2025-05-10,UK,Google Ads
2429,2025-03-01,USA,Organic
2430,2025-05-31,Germany,Google Ads
2431,2025-10-14,India,Organic
2432,2025-01-05,India,Google Ads
2433,2025-09-23,Germany,Facebook
2434,2025-12-11,India,Organic
2435,2025-05-10,Germany,Google Ads
2436,2025-09-24,India,Google Ads
2437,2025-06-27,UK,Facebook
2438,2025-09-10,India,Facebook
2439,2025-02-25,Canada,Organic
2440,2025-03-24,Germany,Facebook
2441,2025-04-09,India,Facebook
2442,2025-05-29,Germany,Facebook
2443,2025-11-25,Canada,Google Ads
2444,2025-06-05,India,Organic
2445,2025-07-09,India,Google Ads
2446,2025-09-20,Canada,Organic
2447,2025-03-21,Canada,Facebook
2448,2025-09-09,Canada,Facebook
2449,2025-04-07,Germany,Organic
2450,2025-09-17,Canada,Referral
2451,2025-09-17,Germany,Referral
2452,2025-04-13,UK,Facebook
2453,2025-02-09,India,Google Ads
2454,2025-09-30,India,Referral
2455,2025-04-11,USA,Google Ads
2456,2025-12-25,UK,Organic
2457,2025-11-04,Canada,Organic
2458,2025-08-09,Canada,Referral
2459,2025-11-04,UK,Referral
2460,2025-05-04,Canada,Google Ads
2461,2025-08-19,USA,Organic
2462,2025-06-27,Germany,Google Ads
2463,2025-03-04,India,Google Ads
2464,2025-04-26,UK,Facebook
2465,2025-07-10,India,Google Ads
2466,2025-03-03,Germany,Organic
2467,2025-09-13,UK,Referral
2468,2025-01-07,Germany,Organic
2469,2025-06-04,Canada,Google Ads
2470,2025-04-02,Canada,Organic
2471,2025-01-14,Canada,Referral
2472,2025-08-17,Germany,Organic
2473,2025-03-27,Germany,Organic
2474,2025-05-13,Germany,Referral
2475,2025-07-02,India,Google Ads
2476,2025-03-03,Germany,Referral
2477,2025-08-07,Canada,Referral
2478,2025-09-03,USA,Referral
2479,2025-08-18,Germany,Google Ads
2480,2025-03-20,USA,Referral
2481,2025-05-29,Canada,Facebook
2482,2025-05-18,Germany,Organic
2483,2025-11-10,India,Organic
2484,2025-03-06,India,Google Ads
2485,2025-01-13,USA,Facebook
2486,2025-08-01,India,Organic
2487,2025-08-30,India,Organic
2488,2025-08-01,India,Organic
2489,2025-06-30,Canada,Google Ads
2490,2025-12-04,India,Organic
2491,2025-06-22,UK,Google Ads
2492,2025-06-09,Germany,Organic
2493,2025-06-13,India,Google Ads
2494,2025-07-07,India,Organic
2495,2025-07-10,India,Facebook
2496,2025-11-04,UK,Referral
2497,2025-09-13,India,Organic
2498,2025-07-02,India,Organic
2499,2025-04-27,Germany,Facebook
2500,2025-10-09,UK,Organic
2501,2025-07-15,UK,Facebook
2502,2025-02-03,India,Google Ads
2503,2025-02-21,UK,Organic
2504,2025-04-22,USA,Organic
2505,2025-09-09,UK,Google Ads
2506,2025-03-23,UK,Google Ads
2507,2025-08-20,UK,Organic
2508,2025-08-15,Canada,Organic
2509,2025-08-21,Canada,Google Ads
2510,2025-08-09,Canada,Referral
2511,2025-02-11,UK,Referral
2512,2025-01-21,USA,Google Ads
2513,2025-02-11,UK,Google Ads
2514,2025-04-23,India,Organic
2515,2025-04-15,USA,Referral
2516,2025-07-11,Canada,Organic
2517,2025-01-17,Germany,Facebook
2518,2025-04-30,USA,Google Ads
2519,2025-05-09,Canada,Facebook
2520,2025-05-10,USA,Organic
2521,2025-03-01,USA,Facebook
2522,2025-02-17,UK,Facebook
2523,2025-01-29,India,Google Ads
2524,2025-04-07,Germany,Facebook
2525,2025-01-10,Canada,Google Ads
2526,2025-08-30,USA,Google Ads
2527,2025-11-10,Germany,Referral
2528,2025-08-20,USA,Google Ads
2529,2025-10-04,India,Organic
2530,2025-10-11,Germany,Google Ads
2531,2025-07-22,Canada,Google Ads
2532,2025-09-04,USA,Facebook
2533,2025-10-17,India,Google Ads
2534,2025-09-21,Germany,Google Ads
2535,2025-08-02,USA,Referral
2536,2025-07-19,USA,Google Ads
2537,2025-03-20,Canada,Google Ads
2538,2025-12-09,India,Organic
2539,2025-12-10,UK,Google Ads
2540,2025-06-22,USA,Organic
2541,2025-03-10,Germany,Google Ads
2542,2025-03-28,Canada,Google Ads
2543,2025-04-11,Canada,Organic
2544,2025-01-08,USA,Referral
2545,2025-11-29,USA,Google Ads
2546,2025-07-19,USA,Facebook
2547,2025-03-28,UK,Google Ads
2548,2025-02-12,USA,Google Ads
2549,2025-04-19,India,Referral
2550,2025-06-01,Germany,Google Ads
2551,2025-01-17,USA,Referral
2552,2025-05-13,UK,Google Ads
2553,2025-05-28,Germany,Referral
2554,2025-10-04,Canada,Facebook
2555,2025-08-20,USA,Referral
2556,2025-11-10,Germany,Google Ads
2557,2025-08-16,Canada,Organic
2558,2025-05-19,UK,Organic
2559,2025-07-30,India,Facebook
2560,2025-01-28,USA,Organic
2561,2025-02-20,India,Organic
2562,2025-09-18,UK,Referral
2563,2025-09-18,Germany,Facebook
2564,2025-12-16,Germany,Organic
2565,2025-12-18,UK,Referral
2566,2025-01-08,UK,Google Ads
2567,2025-11-16,USA,Facebook
2568,2025-05-18,Canada,Referral
2569,2025-02-07,India,Facebook
2570,2025-04-21,India,Google Ads
2571,2025-08-08,Germany,Facebook
2572,2025-12-03,Germany,Referral
2573,2025-08-11,USA,Referral
2574,2025-05-16,UK,Referral
2575,2025-09-13,India,Organic
2576,2025-12-26,USA,Facebook
2577,2025-11-25,Germany,Google Ads
2578,2025-02-18,Germany,Google Ads
2579,2025-10-19,India,Google Ads
2580,2025-11-20,Germany,Google Ads
2581,2025-03-19,Germany,Referral
2582,2025-04-15,Canada,Organic
2583,2025-06-18,UK,Organic
2584,2025-08-05,Germany,Referral
2585,2025-04-29,Canada,Referral
2586,2025-07-09,USA,Organic
2587,2025-09-12,Germany,Facebook
2588,2025-09-23,USA,Google Ads
2589,2025-05-29,Germany,Facebook
2590,2025-06-13,India,Google Ads
2591,2025-05-20,Canada,Facebook
2592,2025-12-13,Canada,Referral
2593,2025-09-15,India,Facebook
2594,2025-09-26,UK,Google Ads
2595,2025-06-30,Canada,Organic
2596,2025-06-09,USA,Organic
2597,2025-12-17,Canada,Google Ads
2598,2025-10-15,UK,Google Ads
2599,2025-10-15,USA,Referral
2600,2025-08-14,USA,Google Ads
2601,2025-01-11,India,Organic
2602,2025-01-10,Germany,Facebook
2603,2025-09-28,India,Facebook
2604,2025-09-30,Germany,Google Ads
2605,2025-07-02,India,Organic
2606,2025-06-02,Germany,Referral
2607,2025-11-11,Canada,Google Ads
2608,2025-11-30,USA,Google Ads
2609,2025-05-04,Germany,Google Ads
2610,2025-04-24,Canada,Organic
2611,2025-10-05,UK,Facebook
2612,2025-08-01,India,Google Ads
2613,2025-06-21,UK,Facebook
2614,2025-10-15,Canada,Facebook
2615,2025-06-23,UK,Referral
2616,2025-04-23,UK,Organic
2617,2025-05-02,Canada,Google Ads
2618,2025-02-01,USA,Google Ads
2619,2025-08-10,Germany,Facebook
2620,2025-04-29,India,Google Ads
2621,2025-02-08,Germany,Organic
2622,2025-09-25,India,Facebook
2623,2025-08-21,Germany,Facebook
2624,2025-01-18,UK,Facebook
2625,2025-05-29,USA,Organic
2626,2025-05-29,UK,Organic
2627,2025-05-06,USA,Organic
2628,2025-10-29,Canada,Organic
2629,2025-12-26,India,Organic
2630,2025-08-26,India,Organic
2631,2025-05-15,Canada,Google Ads
2632,2025-05-31,Germany,Google Ads
2633,2025-08-24,Canada,Referral
2634,2025-08-12,Canada,Referral
2635,2025-07-22,USA,Organic
2636,2025-09-13,Canada,Organic
2637,2025-03-27,India,Google Ads
2638,2025-05-30,UK,Facebook
2639,2025-08-23,USA,Referral
2640,2025-12-11,USA,Referral
2641,2025-01-22,Germany,Facebook
2642,2025-12-14,UK,Facebook
2643,2025-10-12,USA,Facebook
2644,2025-09-26,Canada,Facebook
2645,2025-09-15,USA,Facebook
2646,2025-01-29,USA,Organic
2647,2025-08-01,USA,Google Ads
2648,2025-10-10,Germany,Organic
2649,2025-02-19,USA,Organic
2650,2025-04-05,USA,Organic
2651,2025-03-29,Germany,Organic
2652,2025-02-13,UK,Organic
2653,2025-10-05,India,Organic
2654,2025-06-20,Germany,Facebook
2655,2025-07-08,Germany,Referral
2656,2025-12-19,USA,Google Ads
2657,2025-07-03,USA,Referral
2658,2025-01-03,India,Google Ads
2659,2025-07-10,USA,Google Ads
2660,2025-04-28,Canada,Facebook
2661,2025-01-19,USA,Organic
2662,2025-01-23,USA,Google Ads
2663,2025-01-30,Canada,Organic
2664,2025-10-22,India,Organic
2665,2025-04-18,Canada,Google Ads
2666,2025-10-08,Germany,Organic
2667,2025-05-08,Canada,Facebook
2668,2025-08-17,UK,Facebook
2669,2025-04-21,Germany,Organic
2670,2025-05-16,USA,Facebook
2671,2025-12-28,Germany,Referral
2672,2025-07-05,India,Organic
2673,2025-05-24,India,Organic
2674,2025-03-13,Canada,Organic
2675,2025-05-09,Germany,Referral
2676,2025-12-30,USA,Google Ads
2677,2025-09-18,India,Google Ads
2678,2025-01-03,USA,Facebook
2679,2025-04-14,UK,Referral
2680,2025-08-12,India,Google Ads
2681,2025-11-16,Canada,Referral
2682,2025-12-28,UK,Google Ads
2683,2025-12-20,Germany,Google Ads
2684,2025-01-10,USA,Google Ads
2685,2025-10-29,India,Organic
2686,2025-08-19,UK,Referral
2687,2025-08-07,UK,Google Ads
2688,2025-03-07,India,Organic
2689,2025-04-22,Germany,Google Ads
2690,2025-01-13,Germany,Organic
2691,2025-03-27,Canada,Google Ads
2692,2025-08-22,Germany,Facebook
2693,2025-03-31,Canada,Organic
2694,2025-11-10,UK,Organic
2695,2025-02-23,India,Google Ads
2696,2025-01-12,Germany,Google Ads
2697,2025-07-28,Canada,Organic
2698,2025-01-14,UK,Organic
2699,2025-05-01,Germany,Referral
2700,2025-01-20,USA,Organic
2701,2025-03-16,UK,Referral
2702,2025-08-31,Germany,Facebook
2703,2025-08-11,UK,Facebook
2704,2025-03-11,India,Google Ads
2705,2025-11-08,India,Facebook
2706,2025-07-30,India,Organic
2707,2025-04-11,USA,Organic
2708,2025-07-05,India,Google Ads
2709,2025-05-12,USA,Facebook
2710,2025-04-21,India,Organic
2711,2025-05-12,UK,Organic
2712,2025-01-20,Germany,Google Ads
2713,2025-01-24,Germany,Organic
2714,2025-08-15,India,Google Ads
2715,2025-06-03,Germany,Referral
2716,2025-10-20,India,Referral
2717,2025-08-18,India,Facebook
2718,2025-11-06,Canada,Facebook
2719,2025-12-25,Canada,Organic
2720,2025-07-21,Canada,Facebook
2721,2025-02-07,USA,Google Ads
2722,2025-09-17,Canada,Referral
2723,2025-07-07,India,Facebook
2724,2025-02-26,UK,Google Ads
2725,2025-01-20,Canada,Organic
2726,2025-09-30,Canada,Google Ads
2727,2025-04-29,UK,Google Ads
2728,2025-03-12,India,Facebook
2729,2025-01-04,USA,Facebook
2730,2025-08-09,Canada,Organic
2731,2025-01-14,UK,Referral
2732,2025-01-03,India,Referral
2733,2025-08-04,Germany,Google Ads
2734,2025-08-17,USA,Google Ads
2735,2025-12-02,UK,Organic
2736,2025-07-05,UK,Organic
2737,2025-02-24,UK,Referral
2738,2025-09-11,Canada,Organic
2739,2025-01-24,Germany,Google Ads
2740,2025-06-11,USA,Facebook
2741,2025-06-07,India,Organic
2742,2025-03-23,India,Referral
2743,2025-06-08,Germany,Google Ads
2744,2025-07-07,UK,Facebook
2745,2025-03-01,UK,Google Ads
2746,2025-11-01,UK,Facebook
2747,2025-11-15,UK,Google Ads
2748,2025-07-30,UK,Referral
2749,2025-06-01,Germany,Organic
2750,2025-04-19,Canada,Referral
2751,2025-03-17,USA,Referral
2752,2025-01-30,UK,Google Ads
2753,2025-11-10,Canada,Organic
2754,2025-04-27,India,Referral
2755,2025-12-22,Germany,Organic
2756,2025-07-11,Canada,Organic
2757,2025-01-19,UK,Facebook
2758,2025-06-22,UK,Organic
2759,2025-08-16,UK,Facebook
2760,2025-12-16,Canada,Facebook
2761,2025-07-02,UK,Google Ads
2762,2025-04-23,Canada,Google Ads
2763,2025-07-02,UK,Google Ads
2764,2025-05-26,India,Google Ads
2765,2025-11-15,India,Facebook
2766,2025-04-26,USA,Google Ads
2767,2025-04-23,UK,Google Ads
2768,2025-09-08,UK,Organic
2769,2025-09-08,Canada,Organic
2770,2025-10-30,Canada,Organic
2771,2025-11-09,UK,Referral
2772,2025-04-28,USA,Google Ads
2773,2025-10-28,UK,Google Ads
2774,2025-06-10,Canada,Facebook
2775,2025-07-17,UK,Referral
2776,2025-09-17,Canada,Organic
2777,2025-05-28,UK,Facebook
2778,2025-08-28,Germany,Google Ads
2779,2025-02-16,Canada,Organic
2780,2025-07-17,USA,Google Ads
2781,2025-02-16,Germany,Facebook
2782,2025-03-19,UK,Referral
2783,2025-05-04,Canada,Organic
2784,2025-03-16,Germany,Referral
2785,2025-12-25,USA,Facebook
2786,2025-05-17,Canada,Organic
2787,2025-03-31,Germany,Referral
2788,2025-11-21,Germany,Organic
2789,2025-03-02,Germany,Organic
2790,2025-05-18,India,Organic
2791,2025-02-19,UK,Referral
2792,2025-09-16,Canada,Google Ads
2793,2025-04-17,Canada,Facebook
2794,2025-04-23,Canada,Facebook
2795,2025-12-16,Germany,Referral
2796,2025-09-11,UK,Referral
2797,2025-04-28,USA,Google Ads
2798,2025-07-17,Canada,Google Ads
2799,2025-12-03,UK,Referral
2800,2025-12-31,UK,Google Ads
2801,2025-02-20,India,Google Ads
2802,2025-09-02,Canada,Google Ads
2803,2025-02-04,Germany,Google Ads
2804,2025-10-29,UK,Organic
2805,2025-03-10,UK,Facebook
2806,2025-12-15,USA,Facebook
2807,2025-11-16,India,Referral
2808,2025-02-18,UK,Google Ads
2809,2025-03-15,UK,Google Ads
2810,2025-07-11,Germany,Referral
2811,2025-09-18,Germany,Organic
2812,2025-12-22,USA,Google Ads
2813,2025-03-11,USA,Facebook
2814,2025-03-31,USA,Facebook
2815,2025-09-17,Germany,Organic
2816,2025-05-06,Germany,Google Ads
2817,2025-08-19,India,Facebook
2818,2025-10-22,Canada,Google Ads
2819,2025-05-09,Canada,Organic
2820,2025-10-07,India,Facebook
2821,2025-11-09,Canada,Facebook
2822,2025-04-10,Germany,Google Ads
2823,2025-11-22,Canada,Google Ads
2824,2025-10-24,Germany,Organic
2825,2025-07-01,India,Organic
2826,2025-06-23,USA,Organic
2827,2025-11-12,India,Organic
2828,2025-12-30,Canada,Google Ads
2829,2025-07-07,Germany,Organic
2830,2025-02-26,Canada,Google Ads
2831,2025-01-31,Canada,Google Ads
2832,2025-03-25,USA,Organic
2833,2025-06-01,Canada,Referral
2834,2025-02-05,USA,Organic
2835,2025-08-01,Germany,Organic
2836,2025-12-30,Germany,Referral
2837,2025-04-16,USA,Google Ads
2838,2025-12-08,India,Referral
2839,2025-08-08,Germany,Organic
2840,2025-06-12,India,Organic
2841,2025-08-08,Germany,Organic
2842,2025-09-27,Germany,Organic
2843,2025-04-30,UK,Organic
2844,2025-12-02,Canada,Facebook
2845,2025-07-01,Canada,Referral
2846,2025-04-16,India,Google Ads
2847,2025-08-05,Canada,Facebook
2848,2025-07-24,India,Google Ads
2849,2025-03-11,Germany,Google Ads
2850,2025-02-13,UK,Google Ads
2851,2025-11-25,UK,Google Ads
2852,2025-10-28,Germany,Facebook
2853,2025-08-16,USA,Facebook
2854,2025-07-03,USA,Google Ads
2855,2025-04-17,Canada,Google Ads
2856,2025-03-25,India,Referral
2857,2025-12-04,UK,Google Ads
2858,2025-09-07,Canada,Facebook
2859,2025-12-29,Germany,Google Ads
2860,2025-01-21,UK,Google Ads
2861,2025-07-15,India,Organic
2862,2025-06-27,India,Facebook
2863,2025-01-07,USA,Facebook
2864,2025-03-11,Canada,Google Ads
2865,2025-05-07,Germany,Organic
2866,2025-06-09,UK,Organic
2867,2025-09-05,India,Google Ads
2868,2025-07-22,UK,Google Ads
2869,2025-05-28,Germany,Google Ads
2870,2025-05-23,UK,Organic
2871,2025-07-18,Canada,Google Ads
2872,2025-06-03,USA,Facebook
2873,2025-05-22,UK,Google Ads
2874,2025-11-09,USA,Google Ads
2875,2025-06-14,Germany,Google Ads
2876,2025-11-10,USA,Facebook
2877,2025-01-21,UK,Google Ads
2878,2025-03-23,UK,Facebook
2879,2025-03-10,India,Organic
2880,2025-05-11,UK,Facebook
2881,2025-03-28,USA,Organic
2882,2025-08-06,India,Organic
2883,2025-11-01,UK,Organic
2884,2025-12-11,UK,Referral
2885,2025-12-07,Germany,Google Ads
2886,2025-06-10,India,Google Ads
2887,2025-06-27,Germany,Organic
2888,2025-04-27,Germany,Organic
2889,2025-07-15,Germany,Facebook
2890,2025-11-23,Canada,Google Ads
2891,2025-03-27,Germany,Organic
2892,2025-10-16,USA,Referral
2893,2025-03-22,UK,Facebook
2894,2025-06-01,Canada,Referral
2895,2025-03-02,Germany,Facebook
2896,2025-03-02,UK,Google Ads
2897,2025-12-20,India,Facebook
2898,2025-01-28,India,Facebook
2899,2025-02-12,UK,Organic
2900,2025-06-18,USA,Facebook
2901,2025-03-27,UK,Facebook
2902,2025-06-26,UK,Google Ads
2903,2025-01-17,Canada,Google Ads
2904,2025-04-08,India,Facebook
2905,2025-07-17,India,Referral
2906,2025-04-08,Germany,Google Ads
2907,2025-03-06,UK,Referral
2908,2025-11-26,UK,Facebook
2909,2025-12-07,USA,Google Ads
2910,2025-01-05,India,Google Ads
2911,2025-01-02,USA,Google Ads
2912,2025-01-22,Canada,Referral
2913,2025-04-22,Germany,Organic
2914,2025-02-26,USA,Referral
2915,2025-03-07,India,Organic
2916,2025-11-26,Canada,Organic
2917,2025-04-08,UK,Organic
2918,2025-05-24,Canada,Organic
2919,2025-05-05,USA,Organic
2920,2025-06-16,India,Google Ads
2921,2025-03-27,USA,Facebook
2922,2025-03-17,UK,Organic
2923,2025-12-10,UK,Google Ads
2924,2025-10-21,India,Facebook
2925,2025-02-28,Germany,Referral
2926,2025-05-18,Canada,Facebook
2927,2025-04-09,Canada,Organic
2928,2025-07-11,UK,Google Ads
2929,2025-08-31,USA,Organic
2930,2025-11-15,USA,Facebook
2931,2025-02-18,Germany,Referral
2932,2025-02-01,USA,Referral
2933,2025-10-04,Canada,Referral
2934,2025-01-20,USA,Google Ads
2935,2025-06-03,Germany,Facebook
2936,2025-03-09,Canada,Referral
2937,2025-08-02,USA,Organic
2938,2025-05-23,Canada,Referral
2939,2025-08-20,UK,Organic
2940,2025-08-01,UK,Facebook
2941,2025-03-20,UK,Google Ads
2942,2025-08-02,USA,Organic
2943,2025-04-26,Germany,Organic
2944,2025-04-02,Canada,Google Ads
2945,2025-09-27,India,Google Ads
2946,2025-06-17,UK,Organic
2947,2025-02-27,UK,Organic
2948,2025-10-11,India,Google Ads
2949,2025-01-26,India,Google Ads
2950,2025-03-07,USA,Google Ads
2951,2025-09-05,Canada,Google Ads
2952,2025-09-11,UK,Referral
2953,2025-02-13,Germany,Organic
2954,2025-04-07,USA,Organic
2955,2025-02-11,USA,Organic
2956,2025-08-15,Germany,Facebook
2957,2025-09-19,Germany,Organic
2958,2025-06-16,Germany,Referral
2959,2025-10-06,India,Organic
2960,2025-03-30,UK,Facebook
2961,2025-06-27,India,Organic
2962,2025-07-16,UK,Referral
2963,2025-11-03,India,Google Ads
2964,2025-09-24,Canada,Google Ads
2965,2025-09-25,UK,Referral
2966,2025-03-15,USA,Referral
2967,2025-01-08,UK,Facebook
2968,2025-10-24,UK,Facebook
2969,2025-06-13,UK,Google Ads
2970,2025-03-26,Canada,Facebook
2971,2025-03-13,India,Referral
2972,2025-02-24,USA,Google Ads
2973,2025-02-16,India,Facebook
2974,2025-08-26,India,Referral
2975,2025-04-14,Germany,Facebook
2976,2025-07-29,Canada,Organic
2977,2025-02-11,Germany,Facebook
2978,2025-11-12,Canada,Organic
2979,2025-09-25,India,Referral
2980,2025-09-20,India,Facebook
2981,2025-12-02,Canada,Organic
2982,2025-12-31,India,Referral
2983,2025-09-16,India,Referral
2984,2025-10-10,USA,Facebook
2985,2025-04-24,Germany,Facebook
2986,2025-12-29,Germany,Facebook
2987,2025-02-09,Germany,Facebook
2988,2025-08-08,UK,Facebook
2989,2025-05-09,USA,Google Ads
2990,2025-01-08,Germany,Organic
2991,2025-04-11,Germany,Facebook
2992,2025-06-25,USA,Referral
2993,2025-04-17,India,Organic
2994,2025-04-11,Germany,Facebook
2995,2025-09-17,India,Facebook
2996,2025-09-03,Germany,Organic
2997,2025-10-02,Canada,Google Ads
2998,2025-02-01,UK,Google Ads
2999,2025-05-17,Germany,Referral
3000,2025-01-12,Canada,Google Ads
3001,2025-10-29,USA,Referral
3002,2025-01-16,Canada,Referral
3003,2025-05-09,USA,Facebook
3004,2025-03-04,Germany,Organic
3005,2025-04-19,USA,Facebook
3006,2025-01-21,Canada,Referral
3007,2025-06-07,UK,Organic
3008,2025-09-26,India,Google Ads
3009,2025-06-11,India,Organic
3010,2025-09-17,UK,Organic
3011,2025-04-12,India,Google Ads
3012,2025-08-11,Germany,Referral
3013,2025-02-28,Germany,Facebook
3014,2025-09-04,Canada,Facebook
3015,2025-05-08,Canada,Google Ads
3016,2025-10-10,USA,Organic
3017,2025-11-21,Canada,Organic
3018,2025-01-25,Germany,Organic
3019,2025-05-11,Canada,Organic
3020,2025-12-19,India,Organic
3021,2025-07-15,USA,Google Ads
3022,2025-10-08,USA,Facebook
3023,2025-06-03,Germany,Google Ads
3024,2025-05-13,Canada,Google Ads
3025,2025-08-15,India,Google Ads
3026,2025-07-08,Canada,Referral
3027,2025-09-22,UK,Referral
3028,2025-05-14,Canada,Google Ads
3029,2025-07-30,Germany,Facebook
3030,2025-03-01,Canada,Google Ads
3031,2025-12-30,USA,Organic
3032,2025-12-30,India,Facebook
3033,2025-08-01,Germany,Organic
3034,2025-08-04,UK,Facebook
3035,2025-08-14,India,Organic
3036,2025-05-11,India,Facebook
3037,2025-03-17,USA,Google Ads
3038,2025-10-13,USA,Google Ads
3039,2025-10-04,USA,Facebook
3040,2025-06-05,Germany,Referral
3041,2025-09-05,Canada,Facebook
3042,2025-08-06,India,Google Ads
3043,2025-07-09,Canada,Referral
3044,2025-06-12,Canada,Google Ads
3045,2025-06-29,USA,Google Ads
3046,2025-02-03,Canada,Referral
3047,2025-02-10,India,Organic
3048,2025-11-03,India,Facebook
3049,2025-12-04,UK,Organic
3050,2025-11-10,Germany,Organic
3051,2025-03-16,Canada,Google Ads
3052,2025-10-06,Germany,Organic
3053,2025-06-25,Germany,Organic
3054,2025-05-30,Germany,Referral
3055,2025-09-30,Germany,Referral
3056,2025-11-21,India,Facebook
3057,2025-04-18,Canada,Organic
3058,2025-05-19,UK,Google Ads
3059,2025-12-16,Germany,Google Ads
3060,2025-09-28,UK,Facebook
3061,2025-12-13,India,Organic
3062,2025-10-16,India,Organic
3063,2025-07-31,USA,Facebook
3064,2025-09-29,Germany,Organic
3065,2025-03-07,USA,Organic
3066,2025-09-05,UK,Organic
3067,2025-06-05,Canada,Google Ads
3068,2025-02-16,USA,Organic
3069,2025-07-20,India,Referral
3070,2025-05-28,Germany,Google Ads
3071,2025-05-04,UK,Facebook
3072,2025-01-01,India,Referral
3073,2025-09-04,Canada,Organic
3074,2025-12-09,Germany,Facebook
3075,2025-05-08,Canada,Google Ads
3076,2025-07-10,Canada,Organic
3077,2025-03-08,Germany,Facebook
3078,2025-01-04,Germany,Google Ads
3079,2025-10-30,Canada,Facebook
3080,2025-10-21,UK,Google Ads
3081,2025-05-23,Germany,Organic
3082,2025-07-10,India,Referral
3083,2025-01-21,USA,Facebook
3084,2025-08-15,UK,Organic
3085,2025-11-09,Germany,Facebook
3086,2025-04-27,Germany,Google Ads
3087,2025-10-29,UK,Referral
3088,2025-05-22,USA,Google Ads
3089,2025-02-08,Canada,Google Ads
3090,2025-12-21,India,Facebook
3091,2025-09-09,Germany,Organic
3092,2025-11-29,USA,Facebook
3093,2025-07-26,India,Google Ads
3094,2025-07-29,UK,Organic
3095,2025-04-25,Germany,Facebook
3096,2025-08-13,Canada,Google Ads
3097,2025-05-14,UK,Facebook
3098,2025-09-08,Germany,Google Ads
3099,2025-08-07,USA,Facebook
3100,2025-04-01,India,Organic
3101,2025-12-20,India,Organic
3102,2025-02-15,Germany,Google Ads
3103,2025-02-07,UK,Google Ads
3104,2025-05-22,Canada,Google Ads
3105,2025-04-10,USA,Google Ads
3106,2025-11-24,Germany,Google Ads
3107,2025-07-09,USA,Facebook
3108,2025-02-04,India,Google Ads
3109,2025-05-27,Canada,Organic
3110,2025-01-30,USA,Facebook
3111,2025-11-30,Germany,Google Ads
3112,2025-03-25,Canada,Facebook
3113,2025-10-08,UK,Google Ads
3114,2025-12-10,Germany,Organic
3115,2025-09-27,USA,Facebook
3116,2025-06-03,Canada,Google Ads
3117,2025-04-12,Germany,Facebook
3118,2025-08-03,Canada,Google Ads
3119,2025-05-30,Canada,Organic
3120,2025-03-24,Canada,Referral
3121,2025-04-20,USA,Google Ads
3122,2025-10-02,Germany,Organic
3123,2025-07-20,India,Google Ads
3124,2025-10-11,India,Google Ads
3125,2025-06-22,USA,Google Ads
3126,2025-11-23,USA,Referral
3127,2025-07-25,Canada,Facebook
3128,2025-03-04,Germany,Referral
3129,2025-03-14,Germany,Facebook
3130,2025-09-08,UK,Google Ads
3131,2025-05-04,UK,Organic
3132,2025-05-01,India,Referral
3133,2025-10-02,UK,Organic
3134,2025-04-30,UK,Organic
3135,2025-11-13,India,Facebook
3136,2025-06-13,India,Google Ads
3137,2025-10-13,UK,Google Ads
3138,2025-09-22,Germany,Facebook
3139,2025-11-16,UK,Referral
3140,2025-06-10,Canada,Organic
3141,2025-11-04,Canada,Organic
3142,2025-03-30,Canada,Google Ads
3143,2025-05-22,USA,Organic
3144,2025-07-22,Canada,Referral
3145,2025-11-05,Germany,Facebook
3146,2025-08-15,USA,Facebook
3147,2025-11-30,USA,Organic
3148,2025-08-10,Canada,Organic
3149,2025-02-10,UK,Referral
3150,2025-07-15,India,Facebook
3151,2025-03-09,UK,Google Ads
3152,2025-09-21,UK,Facebook
3153,2025-01-02,USA,Google Ads
3154,2025-12-27,USA,Organic
3155,2025-05-05,USA,Google Ads
3156,2025-04-20,Germany,Referral
3157,2025-03-27,Germany,Referral
3158,2025-04-30,India,Google Ads
3159,2025-05-07,USA,Google Ads
3160,2025-09-12,Canada,Facebook
3161,2025-07-02,USA,Organic
3162,2025-01-16,Germany,Google Ads
3163,2025-03-03,USA,Google Ads
3164,2025-06-07,Germany,Facebook
3165,2025-09-25,USA,Organic
3166,2025-02-04,Canada,Google Ads
3167,2025-09-24,India,Organic
3168,2025-03-05,Canada,Referral
3169,2025-02-19,Germany,Google Ads
3170,2025-09-12,UK,Facebook
3171,2025-05-29,Canada,Google Ads
3172,2025-11-21,USA,Google Ads
3173,2025-10-31,India,Google Ads
3174,2025-10-03,USA,Facebook
3175,2025-12-23,USA,Organic
3176,2025-06-21,Canada,Organic
3177,2025-07-20,India,Google Ads
3178,2025-11-20,UK,Google Ads
3179,2025-02-04,USA,Organic
3180,2025-08-04,India,Google Ads
3181,2025-03-06,UK,Facebook
3182,2025-01-08,USA,Facebook
3183,2025-10-28,India,Referral
3184,2025-12-09,Canada,Google Ads
3185,2025-11-28,USA,Organic
3186,2025-03-17,USA,Google Ads
3187,2025-06-23,India,Organic
3188,2025-02-16,USA,Organic
3189,2025-01-15,UK,Organic
3190,2025-12-27,USA,Facebook
3191,2025-05-27,Germany,Facebook
3192,2025-01-26,UK,Google Ads
3193,2025-11-04,India,Google Ads
3194,2025-04-03,UK,Facebook
3195,2025-08-20,Germany,Referral
3196,2025-01-21,Germany,Facebook
3197,2025-11-03,USA,Organic
3198,2025-02-07,USA,Google Ads
3199,2025-10-03,Canada,Facebook
3200,2025-06-06,UK,Facebook
3201,2025-06-28,Canada,Google Ads
3202,2025-05-12,Germany,Facebook
3203,2025-11-07,USA,Organic
3204,2025-12-14,USA,Facebook
3205,2025-01-28,USA,Organic
3206,2025-09-17,India,Organic
3207,2025-03-17,Germany,Facebook
3208,2025-03-08,USA,Organic
3209,2025-12-08,Germany,Facebook
3210,2025-07-13,USA,Google Ads
3211,2025-06-11,UK,Google Ads
3212,2025-12-13,Germany,Google Ads
3213,2025-12-27,Canada,Organic
3214,2025-09-14,India,Referral
3215,2025-03-13,Canada,Google Ads
3216,2025-03-28,Germany,Google Ads
3217,2025-09-19,USA,Facebook
3218,2025-08-02,Germany,Organic
3219,2025-06-02,India,Facebook
3220,2025-07-29,Germany,Facebook
3221,2025-03-02,USA,Organic
3222,2025-09-25,Canada,Facebook
3223,2025-09-19,UK,Referral
3224,2025-08-06,Canada,Google Ads
3225,2025-10-10,USA,Referral
3226,2025-05-16,USA,Google Ads
3227,2025-12-28,India,Google Ads
3228,2025-04-03,Germany,Organic
3229,2025-04-19,Germany,Organic
3230,2025-08-29,Canada,Organic
3231,2025-12-21,UK,Facebook
3232,2025-05-22,UK,Referral
3233,2025-10-18,India,Google Ads
3234,2025-08-25,USA,Google Ads
3235,2025-12-06,India,Facebook
3236,2025-11-08,Germany,Organic
3237,2025-06-26,USA,Organic
3238,2025-05-21,India,Facebook
3239,2025-07-08,Canada,Google Ads
3240,2025-02-18,Germany,Google Ads
3241,2025-10-29,UK,Facebook
3242,2025-07-09,India,Facebook
3243,2025-05-16,Germany,Organic
3244,2025-02-12,Germany,Organic
3245,2025-12-19,UK,Referral
3246,2025-03-31,UK,Google Ads
3247,2025-10-22,UK,Facebook
3248,2025-12-07,India,Facebook
3249,2025-09-02,UK,Organic
3250,2025-07-11,Canada,Facebook
3251,2025-11-14,Germany,Referral
3252,2025-04-16,UK,Organic
3253,2025-12-29,Germany,Google Ads
3254,2025-11-06,USA,Google Ads
3255,2025-08-21,USA,Organic
3256,2025-09-22,UK,Organic
3257,2025-12-10,Germany,Google Ads
3258,2025-02-06,USA,Google Ads
3259,2025-11-01,UK,Organic
3260,2025-02-10,Germany,Organic
3261,2025-01-17,UK,Google Ads
3262,2025-12-10,Germany,Facebook
3263,2025-10-04,USA,Facebook
3264,2025-11-03,UK,Referral
3265,2025-02-28,USA,Google Ads
3266,2025-07-02,UK,Organic
3267,2025-02-10,India,Facebook
3268,2025-02-08,USA,Google Ads
3269,2025-07-11,USA,Facebook
3270,2025-09-24,Canada,Google Ads
3271,2025-05-27,USA,Organic
3272,2025-11-29,Germany,Organic
3273,2025-05-07,UK,Google Ads
3274,2025-02-15,India,Google Ads
3275,2025-02-14,Germany,Organic
3276,2025-01-01,Germany,Google Ads
3277,2025-06-17,Germany,Facebook
3278,2025-04-18,Germany,Facebook
3279,2025-01-19,India,Referral
3280,2025-11-28,Canada,Facebook
3281,2025-03-13,USA,Organic
3282,2025-04-19,Germany,Google Ads
3283,2025-09-25,USA,Google Ads
3284,2025-08-28,USA,Google Ads
3285,2025-10-28,Germany,Facebook
3286,2025-03-31,Canada,Organic
3287,2025-04-13,USA,Organic
3288,2025-09-07,UK,Facebook
3289,2025-01-08,USA,Organic
3290,2025-06-02,Germany,Google Ads
3291,2025-12-13,India,Google Ads
3292,2025-06-23,USA,Referral
3293,2025-12-09,Canada,Organic
3294,2025-06-07,UK,Organic
3295,2025-08-03,UK,Facebook
3296,2025-06-26,India,Facebook
3297,2025-06-24,India,Google Ads
3298,2025-12-06,USA,Referral
3299,2025-12-04,Germany,Organic
3300,2025-05-26,Canada,Google Ads
3301,2025-11-20,UK,Organic
3302,2025-06-10,India,Facebook
3303,2025-05-07,Canada,Organic
3304,2025-03-23,Germany,Google Ads
3305,2025-05-27,UK,Google Ads
3306,2025-08-27,UK,Google Ads
3307,2025-03-25,Germany,Google Ads
3308,2025-04-23,UK,Organic
3309,2025-08-13,Germany,Organic
3310,2025-11-28,UK,Organic
3311,2025-08-31,USA,Referral
3312,2025-05-23,Germany,Google Ads
3313,2025-02-10,Canada,Referral
3314,2025-09-15,USA,Referral
3315,2025-10-12,Canada,Facebook
3316,2025-04-15,UK,Google Ads
3317,2025-07-21,Canada,Organic
3318,2025-11-03,USA,Facebook
3319,2025-11-27,Germany,Organic
3320,2025-09-23,India,Google Ads
3321,2025-07-29,Canada,Facebook
3322,2025-02-20,India,Facebook
3323,2025-04-28,Canada,Google Ads
3324,2025-07-20,Canada,Facebook
3325,2025-02-08,Germany,Google Ads
3326,2025-01-28,UK,Facebook
3327,2025-09-16,USA,Organic
3328,2025-03-25,USA,Google Ads
3329,2025-06-04,USA,Organic
3330,2025-04-27,UK,Google Ads
3331,2025-01-02,India,Organic
3332,2025-04-03,USA,Referral
3333,2025-06-15,India,Facebook
3334,2025-12-16,UK,Referral
3335,2025-10-23,UK,Facebook
3336,2025-09-15,Germany,Facebook
3337,2025-03-22,USA,Referral
3338,2025-09-25,Germany,Google Ads
3339,2025-08-23,USA,Google Ads
3340,2025-11-17,UK,Organic
3341,2025-11-07,UK,Organic
3342,2025-10-28,Canada,Organic
3343,2025-12-23,Canada,Google Ads
3344,2025-08-01,UK,Referral
3345,2025-03-03,UK,Organic
3346,2025-02-18,India,Referral
3347,2025-05-07,India,Facebook
3348,2025-08-11,Germany,Organic
3349,2025-10-06,Canada,Referral
3350,2025-10-21,Canada,Facebook
3351,2025-10-11,UK,Referral
3352,2025-10-04,UK,Google Ads
3353,2025-04-17,Germany,Facebook
3354,2025-05-26,Canada,Referral
3355,2025-04-09,India,Referral
3356,2025-03-14,USA,Google Ads
3357,2025-05-02,Germany,Google Ads
3358,2025-01-30,USA,Organic
3359,2025-07-07,India,Referral
3360,2025-12-30,India,Organic
3361,2025-12-20,USA,Organic
3362,2025-10-15,Germany,Organic
3363,2025-07-14,USA,Google Ads
3364,2025-06-05,Germany,Referral
3365,2025-06-21,Germany,Facebook
3366,2025-12-01,UK,Organic
3367,2025-02-10,Canada,Facebook
3368,2025-03-04,Canada,Facebook
3369,2025-01-23,India,Organic
3370,2025-12-26,UK,Referral
3371,2025-03-16,Canada,Organic
3372,2025-02-17,Germany,Organic
3373,2025-06-09,Germany,Google Ads
3374,2025-11-09,USA,Organic
3375,2025-04-28,USA,Google Ads
3376,2025-04-10,Germany,Google Ads
3377,2025-06-16,Germany,Google Ads
3378,2025-10-17,USA,Organic
3379,2025-06-05,Canada,Referral
3380,2025-01-07,India,Organic
3381,2025-07-15,USA,Google Ads
3382,2025-02-25,Canada,Google Ads
3383,2025-11-17,Canada,Facebook
3384,2025-07-12,Canada,Google Ads
3385,2025-02-16,UK,Facebook
3386,2025-05-28,UK,Organic
3387,2025-10-02,Canada,Referral
3388,2025-06-06,Germany,Facebook
3389,2025-07-21,UK,Google Ads
3390,2025-05-06,USA,Organic
3391,2025-11-01,UK,Organic
3392,2025-10-21,Germany,Referral
3393,2025-03-05,India,Google Ads
3394,2025-11-21,UK,Facebook
3395,2025-06-25,Canada,Referral
3396,2025-04-26,Canada,Google Ads
3397,2025-07-23,Canada,Organic
3398,2025-11-17,India,Google Ads
3399,2025-01-31,Germany,Facebook
3400,2025-04-23,USA,Organic
3401,2025-12-31,Germany,Facebook
3402,2025-11-21,India,Organic
3403,2025-12-10,Canada,Facebook
3404,2025-03-08,Germany,Referral
3405,2025-03-16,USA,Facebook
3406,2025-02-14,Canada,Google Ads
3407,2025-09-17,USA,Facebook
3408,2025-06-03,UK,Organic
3409,2025-06-04,USA,Organic
3410,2025-12-29,Canada,Facebook
3411,2025-08-22,UK,Organic
3412,2025-02-20,Canada,Organic
3413,2025-11-02,Canada,Organic
3414,2025-09-19,UK,Organic
3415,2025-11-11,USA,Organic
3416,2025-05-05,India,Organic
3417,2025-09-02,India,Google Ads
3418,2025-01-30,India,Google Ads
3419,2025-05-02,India,Referral
3420,2025-05-05,Germany,Google Ads
3421,2025-02-06,India,Facebook
3422,2025-06-19,UK,Referral
3423,2025-05-04,India,Google Ads
3424,2025-12-23,Canada,Organic
3425,2025-02-04,India,Organic
3426,2025-03-28,USA,Referral
3427,2025-05-14,UK,Google Ads
3428,2025-07-15,UK,Facebook
3429,2025-10-01,Germany,Referral
3430,2025-07-20,Canada,Google Ads
3431,2025-10-12,UK,Facebook
3432,2025-03-18,USA,Organic
3433,2025-02-28,India,Google Ads
3434,2025-05-06,UK,Referral
3435,2025-04-19,USA,Organic
3436,2025-08-12,India,Google Ads
3437,2025-10-05,Germany,Google Ads
3438,2025-03-09,UK,Google Ads
3439,2025-03-10,UK,Google Ads
3440,2025-06-14,USA,Organic
3441,2025-11-01,Canada,Google Ads
3442,2025-06-11,Germany,Facebook
3443,2025-12-31,Canada,Referral
3444,2025-12-08,UK,Organic
3445,2025-11-05,Canada,Google Ads
3446,2025-12-09,India,Referral
3447,2025-02-11,Germany,Google Ads
3448,2025-12-20,Canada,Referral
3449,2025-04-19,India,Organic
3450,2025-02-20,USA,Organic
3451,2025-09-07,Canada,Organic
3452,2025-12-07,Germany,Facebook
3453,2025-01-21,India,Organic
3454,2025-10-27,Canada,Organic
3455,2025-05-19,USA,Facebook
3456,2025-12-25,Canada,Facebook
3457,2025-11-20,India,Referral
3458,2025-04-02,Canada,Facebook
3459,2025-10-07,Germany,Referral
3460,2025-05-05,UK,Organic
3461,2025-04-21,India,Organic
3462,2025-12-20,India,Google Ads
3463,2025-05-19,India,Google Ads
3464,2025-09-30,India,Facebook
3465,2025-04-09,Canada,Organic
3466,2025-09-09,Germany,Organic
3467,2025-12-04,USA,Organic
3468,2025-04-14,Germany,Organic
3469,2025-08-02,India,Organic
3470,2025-09-06,Canada,Google Ads
3471,2025-06-01,Canada,Organic
3472,2025-09-07,India,Google Ads
3473,2025-10-02,Canada,Facebook
3474,2025-06-14,India,Google Ads
3475,2025-12-07,Germany,Facebook
3476,2025-01-08,UK,Facebook
3477,2025-10-11,Canada,Google Ads
3478,2025-01-05,India,Facebook
3479,2025-05-25,India,Referral
3480,2025-04-11,Canada,Google Ads
3481,2025-06-13,USA,Organic
3482,2025-05-27,India,Facebook
3483,2025-03-05,Canada,Facebook
3484,2025-04-01,India,Google Ads
3485,2025-04-27,USA,Google Ads
3486,2025-12-20,UK,Organic
3487,2025-09-24,USA,Google Ads
3488,2025-11-06,Germany,Google Ads
3489,2025-06-22,Canada,Facebook
3490,2025-02-16,USA,Organic
3491,2025-05-20,UK,Organic
3492,2025-09-03,India,Facebook
3493,2025-05-29,Canada,Facebook
3494,2025-09-03,USA,Facebook
3495,2025-01-05,UK,Google Ads
3496,2025-07-03,USA,Facebook
3497,2025-01-20,Germany,Organic
3498,2025-02-15,Canada,Organic
3499,2025-01-12,India,Organic
3500,2025-03-11,UK,Organic
3501,2025-01-17,USA,Google Ads
3502,2025-05-27,Canada,Google Ads
3503,2025-06-03,USA,Facebook
3504,2025-10-31,Canada,Organic
3505,2025-04-18,Germany,Google Ads
3506,2025-08-24,USA,Referral
3507,2025-11-04,Germany,Facebook
3508,2025-12-18,UK,Facebook
3509,2025-03-11,Germany,Organic
3510,2025-07-02,Canada,Google Ads
3511,2025-09-07,UK,Facebook
3512,2025-08-16,USA,Facebook
3513,2025-04-12,USA,Google Ads
3514,2025-03-16,Canada,Organic
3515,2025-08-04,India,Organic
3516,2025-07-22,India,Google Ads
3517,2025-07-11,USA,Facebook
3518,2025-09-06,Canada,Google Ads
3519,2025-08-30,India,Organic
3520,2025-06-28,Germany,Facebook
3521,2025-08-07,USA,Facebook
3522,2025-03-23,Germany,Facebook
3523,2025-04-02,Canada,Facebook
3524,2025-06-24,Germany,Organic
3525,2025-08-27,India,Organic
3526,2025-09-17,India,Facebook
3527,2025-12-31,UK,Organic
3528,2025-06-12,USA,Facebook
3529,2025-02-17,Canada,Google Ads
3530,2025-11-25,USA,Google Ads
3531,2025-11-24,Germany,Facebook
3532,2025-04-26,Canada,Organic
3533,2025-12-03,Canada,Referral
3534,2025-12-03,India,Google Ads
3535,2025-08-13,Germany,Facebook
3536,2025-12-18,India,Google Ads
3537,2025-11-24,India,Organic
3538,2025-05-27,UK,Organic
3539,2025-03-04,India,Google Ads
3540,2025-10-21,USA,Organic
3541,2025-11-19,Canada,Organic
3542,2025-11-21,India,Google Ads
3543,2025-01-13,USA,Facebook
3544,2025-07-08,Germany,Organic
3545,2025-10-14,Canada,Google Ads
3546,2025-07-27,Germany,Facebook
3547,2025-04-24,USA,Google Ads
3548,2025-01-22,Germany,Facebook
3549,2025-12-15,Germany,Organic
3550,2025-08-02,Germany,Facebook
3551,2025-06-20,India,Google Ads
3552,2025-11-19,India,Google Ads
3553,2025-02-23,India,Organic
3554,2025-10-25,Canada,Facebook
3555,2025-11-16,USA,Organic
3556,2025-05-06,India,Google Ads
3557,2025-10-04,Germany,Organic
3558,2025-07-23,Germany,Referral
3559,2025-07-13,Germany,Referral
3560,2025-06-18,Germany,Facebook
3561,2025-06-01,UK,Organic
3562,2025-02-04,Canada,Google Ads
3563,2025-07-03,USA,Organic
3564,2025-10-13,USA,Google Ads
3565,2025-02-26,India,Organic
3566,2025-08-10,UK,Facebook
3567,2025-10-30,USA,Referral
3568,2025-06-12,Canada,Organic
3569,2025-01-19,Germany,Facebook
3570,2025-09-21,India,Referral
3571,2025-10-09,Canada,Google Ads
3572,2025-04-23,USA,Referral
3573,2025-11-23,UK,Organic
3574,2025-01-30,India,Referral
3575,2025-05-15,USA,Google Ads
3576,2025-03-08,India,Google Ads
3577,2025-03-06,USA,Organic
3578,2025-10-19,Germany,Referral
3579,2025-01-25,UK,Google Ads
3580,2025-02-06,Germany,Google Ads
3581,2025-01-01,USA,Google Ads
3582,2025-02-06,Canada,Referral
3583,2025-05-21,Germany,Organic
3584,2025-08-20,Canada,Facebook
3585,2025-05-16,USA,Google Ads
3586,2025-07-07,UK,Organic
3587,2025-05-08,Canada,Google Ads
3588,2025-07-20,USA,Organic
3589,2025-05-07,Canada,Facebook
3590,2025-09-14,Germany,Organic
3591,2025-06-13,USA,Referral
3592,2025-02-04,Germany,Facebook
3593,2025-07-13,India,Facebook
3594,2025-07-10,USA,Organic
3595,2025-04-14,Canada,Google Ads
3596,2025-01-23,India,Referral
3597,2025-09-22,Germany,Google Ads
3598,2025-10-17,Germany,Organic
3599,2025-09-17,Canada,Google Ads
3600,2025-12-24,India,Google Ads
3601,2025-03-16,UK,Facebook
3602,2025-12-21,Canada,Referral
3603,2025-03-13,Germany,Referral
3604,2025-09-16,USA,Google Ads
3605,2025-07-07,India,Google Ads
3606,2025-06-22,UK,Facebook
3607,2025-10-17,USA,Facebook
3608,2025-02-14,India,Organic
3609,2025-03-02,Canada,Facebook
3610,2025-03-24,Canada,Organic
3611,2025-05-03,India,Organic
3612,2025-12-24,UK,Organic
3613,2025-01-16,India,Organic
3614,2025-03-07,USA,Google Ads
3615,2025-05-25,USA,Google Ads
3616,2025-06-11,Canada,Organic
3617,2025-08-22,India,Google Ads
3618,2025-05-24,Canada,Google Ads
3619,2025-12-24,UK,Referral
3620,2025-07-07,USA,Organic
3621,2025-11-18,Germany,Facebook
3622,2025-01-13,Germany,Organic
3623,2025-07-03,India,Facebook
3624,2025-04-21,India,Referral
3625,2025-10-17,Germany,Google Ads
3626,2025-10-22,India,Organic
3627,2025-08-03,USA,Organic
3628,2025-04-30,UK,Facebook
3629,2025-02-24,UK,Organic
3630,2025-01-27,Canada,Referral
3631,2025-04-28,USA,Organic
3632,2025-08-09,India,Facebook
3633,2025-08-19,India,Organic
3634,2025-02-22,Canada,Referral
3635,2025-10-22,Canada,Facebook
3636,2025-11-17,India,Organic
3637,2025-08-21,India,Facebook
3638,2025-06-07,USA,Google Ads
3639,2025-09-26,Canada,Google Ads
3640,2025-01-21,USA,Referral
3641,2025-02-22,India,Organic
3642,2025-10-02,Germany,Google Ads
3643,2025-11-09,Germany,Referral
3644,2025-10-08,India,Facebook
3645,2025-08-02,Canada,Organic
3646,2025-01-31,Germany,Google Ads
3647,2025-12-03,Canada,Referral
3648,2025-07-02,Germany,Organic
3649,2025-01-23,Canada,Organic
3650,2025-02-01,Germany,Google Ads
3651,2025-03-15,Canada,Facebook
3652,2025-01-10,USA,Google Ads
3653,2025-02-23,Canada,Referral
3654,2025-02-21,USA,Google Ads
3655,2025-05-28,USA,Organic
3656,2025-06-09,India,Google Ads
3657,2025-01-14,USA,Google Ads
3658,2025-06-27,UK,Facebook
3659,2025-02-22,USA,Organic
3660,2025-12-01,Canada,Organic
3661,2025-01-22,USA,Referral
3662,2025-01-30,Canada,Referral
3663,2025-07-10,Canada,Google Ads
3664,2025-09-17,UK,Organic
3665,2025-07-24,USA,Facebook
3666,2025-02-28,USA,Referral
3667,2025-09-21,Germany,Google Ads
3668,2025-01-12,Germany,Organic
3669,2025-04-29,India,Google Ads
3670,2025-10-17,Canada,Facebook
3671,2025-12-04,UK,Google Ads
3672,2025-09-05,Germany,Google Ads
3673,2025-12-20,USA,Facebook
3674,2025-05-07,India,Organic
3675,2025-03-16,UK,Organic
3676,2025-12-27,USA,Google Ads
3677,2025-07-23,USA,Google Ads
3678,2025-02-18,Canada,Facebook
3679,2025-03-20,Canada,Referral
3680,2025-08-29,Germany,Google Ads
3681,2025-12-15,Germany,Facebook
3682,2025-06-03,USA,Google Ads
3683,2025-10-01,USA,Facebook
3684,2025-04-06,Germany,Google Ads
3685,2025-08-02,Germany,Google Ads
3686,2025-10-21,USA,Google Ads
3687,2025-07-28,UK,Google Ads
3688,2025-12-09,USA,Google Ads
3689,2025-03-29,UK,Organic
3690,2025-11-02,UK,Google Ads
3691,2025-09-21,USA,Google Ads
3692,2025-11-21,India,Google Ads
3693,2025-11-16,Germany,Referral
3694,2025-06-06,Canada,Organic
3695,2025-06-05,USA,Organic
3696,2025-05-19,UK,Facebook
3697,2025-05-01,USA,Google Ads
3698,2025-03-06,Germany,Google Ads
3699,2025-04-17,UK,Facebook
3700,2025-05-27,Canada,Organic
3701,2025-05-17,Canada,Referral
3702,2025-06-11,Canada,Referral
3703,2025-04-10,India,Facebook
3704,2025-12-04,UK,Facebook
3705,2025-11-03,UK,Google Ads
3706,2025-05-21,India,Google Ads
3707,2025-03-24,UK,Referral
3708,2025-06-26,India,Google Ads
3709,2025-07-17,USA,Referral
3710,2025-04-22,Germany,Facebook
3711,2025-02-25,Canada,Facebook
3712,2025-06-28,India,Google Ads
3713,2025-07-05,India,Organic
3714,2025-08-06,India,Facebook
3715,2025-11-12,USA,Facebook
3716,2025-08-05,India,Google Ads
3717,2025-04-30,Germany,Google Ads
3718,2025-06-24,Germany,Facebook
3719,2025-01-23,Canada,Facebook
3720,2025-08-01,USA,Organic
3721,2025-08-23,Germany,Organic
3722,2025-01-13,UK,Facebook
3723,2025-04-11,UK,Organic
3724,2025-01-24,UK,Google Ads
3725,2025-12-30,India,Organic
3726,2025-01-11,India,Google Ads
3727,2025-09-30,UK,Google Ads
3728,2025-10-08,Canada,Google Ads
3729,2025-04-04,Canada,Organic
3730,2025-07-20,India,Google Ads
3731,2025-01-21,UK,Google Ads
3732,2025-12-06,Canada,Facebook
3733,2025-07-30,India,Google Ads
3734,2025-05-20,UK,Organic
3735,2025-10-20,USA,Organic
3736,2025-10-25,UK,Referral
3737,2025-04-11,UK,Google Ads
3738,2025-10-31,Germany,Google Ads
3739,2025-12-25,Germany,Organic
3740,2025-01-28,USA,Organic
3741,2025-02-10,USA,Google Ads
3742,2025-12-21,UK,Organic
3743,2025-10-30,Canada,Organic
3744,2025-05-26,USA,Google Ads
3745,2025-09-13,UK,Organic
3746,2025-08-15,India,Google Ads
3747,2025-08-24,Germany,Referral
3748,2025-12-27,Canada,Facebook
3749,2025-01-13,UK,Google Ads
3750,2025-07-29,India,Facebook
3751,2025-08-17,Germany,Referral
3752,2025-04-10,India,Organic
3753,2025-01-31,UK,Facebook
3754,2025-01-16,USA,Organic
3755,2025-05-17,Germany,Organic
3756,2025-11-25,India,Google Ads
3757,2025-06-15,USA,Google Ads
3758,2025-11-06,Canada,Organic
3759,2025-04-10,UK,Facebook
3760,2025-04-19,UK,Google Ads
3761,2025-12-09,Germany,Organic
3762,2025-06-22,India,Facebook
3763,2025-08-25,Canada,Facebook
3764,2025-06-11,Germany,Google Ads
3765,2025-08-04,Germany,Organic
3766,2025-09-21,India,Organic
3767,2025-09-20,Canada,Organic
3768,2025-10-19,India,Google Ads
3769,2025-10-01,UK,Organic
3770,2025-01-03,USA,Referral
3771,2025-01-28,UK,Facebook
3772,2025-11-22,UK,Google Ads
3773,2025-05-29,Germany,Organic
3774,2025-01-28,UK,Google Ads
3775,2025-11-06,Canada,Google Ads
3776,2025-03-06,UK,Google Ads
3777,2025-12-22,Canada,Google Ads
3778,2025-01-21,India,Facebook
3779,2025-09-09,Germany,Google Ads
3780,2025-08-23,Canada,Referral
3781,2025-08-15,UK,Facebook
3782,2025-01-13,Germany,Organic
3783,2025-11-09,Germany,Facebook
3784,2025-02-18,Canada,Organic
3785,2025-04-28,Canada,Facebook
3786,2025-02-23,USA,Organic
3787,2025-05-18,USA,Organic
3788,2025-02-22,Germany,Organic
3789,2025-02-13,USA,Facebook
3790,2025-10-30,UK,Organic
3791,2025-02-22,India,Facebook
3792,2025-03-15,Germany,Google Ads
3793,2025-02-15,India,Google Ads
3794,2025-01-13,USA,Referral
3795,2025-06-14,Canada,Google Ads
3796,2025-04-12,Germany,Organic
3797,2025-10-07,USA,Google Ads
3798,2025-09-15,UK,Facebook
3799,2025-12-03,Germany,Organic
3800,2025-12-22,Germany,Google Ads
3801,2025-05-18,Canada,Organic
3802,2025-06-12,Germany,Organic
3803,2025-04-21,Canada,Facebook
3804,2025-04-12,USA,Organic
3805,2025-01-17,UK,Google Ads
3806,2025-09-25,UK,Facebook
3807,2025-07-01,Germany,Google Ads
3808,2025-01-24,Germany,Facebook
3809,2025-01-29,USA,Referral
3810,2025-06-20,Canada,Organic
3811,2025-08-16,UK,Organic
3812,2025-07-07,Canada,Organic
3813,2025-12-12,USA,Google Ads
3814,2025-08-18,UK,Organic
3815,2025-11-17,UK,Organic
3816,2025-12-06,India,Google Ads
3817,2025-04-29,USA,Organic
3818,2025-06-05,USA,Organic
3819,2025-09-29,India,Google Ads
3820,2025-06-24,Canada,Facebook
3821,2025-04-14,India,Facebook
3822,2025-04-02,USA,Google Ads
3823,2025-07-05,Canada,Organic
3824,2025-10-10,UK,Referral
3825,2025-06-30,India,Organic
3826,2025-06-19,Canada,Organic
3827,2025-07-06,Canada,Referral
3828,2025-06-24,Canada,Referral
3829,2025-08-10,India,Google Ads
3830,2025-08-21,UK,Facebook
3831,2025-06-11,Canada,Google Ads
3832,2025-05-14,India,Facebook
3833,2025-08-12,USA,Referral
3834,2025-06-02,India,Google Ads
3835,2025-02-02,India,Organic
3836,2025-02-24,India,Organic
3837,2025-01-07,Canada,Google Ads
3838,2025-09-01,India,Google Ads
3839,2025-11-09,USA,Facebook
3840,2025-05-06,Canada,Google Ads
3841,2025-01-12,USA,Organic
3842,2025-01-16,Germany,Facebook
3843,2025-07-27,India,Facebook
3844,2025-02-12,Canada,Google Ads
3845,2025-05-15,Canada,Facebook
3846,2025-08-16,India,Google Ads
3847,2025-04-21,UK,Referral
3848,2025-11-03,UK,Facebook
3849,2025-06-09,USA,Referral
3850,2025-11-27,India,Organic
3851,2025-09-21,India,Organic
3852,2025-08-13,Germany,Facebook
3853,2025-08-05,UK,Google Ads
3854,2025-02-14,UK,Facebook
3855,2025-08-02,India,Google Ads
3856,2025-02-28,USA,Referral
3857,2025-05-12,India,Facebook
3858,2025-04-14,USA,Referral
3859,2025-07-14,UK,Organic
3860,2025-06-06,Germany,Google Ads
3861,2025-04-08,Canada,Organic
3862,2025-08-14,UK,Google Ads
3863,2025-07-24,USA,Google Ads
3864,2025-03-20,India,Google Ads
3865,2025-05-04,UK,Referral
3866,2025-08-06,Germany,Facebook
3867,2025-01-04,USA,Organic
3868,2025-03-31,India,Google Ads
3869,2025-04-14,Canada,Facebook
3870,2025-04-29,USA,Facebook
3871,2025-05-13,India,Facebook
3872,2025-11-08,Canada,Google Ads
3873,2025-04-06,India,Facebook
3874,2025-11-27,Canada,Organic
3875,2025-05-23,Canada,Google Ads
3876,2025-10-15,Canada,Referral
3877,2025-01-28,India,Google Ads
3878,2025-10-05,Canada,Facebook
3879,2025-08-21,USA,Google Ads
3880,2025-01-17,Germany,Google Ads
3881,2025-02-28,Germany,Referral
3882,2025-03-31,Canada,Organic
3883,2025-07-18,Germany,Organic
3884,2025-12-28,Germany,Referral
3885,2025-01-26,Canada,Organic
3886,2025-01-25,Canada,Organic
3887,2025-10-28,USA,Organic
3888,2025-12-05,UK,Facebook
3889,2025-09-24,India,Organic
3890,2025-06-30,Canada,Organic
3891,2025-12-26,Canada,Google Ads
3892,2025-03-09,Germany,Referral
3893,2025-12-17,USA,Google Ads
3894,2025-11-17,Germany,Referral
3895,2025-02-18,Canada,Facebook
3896,2025-06-24,Canada,Facebook
3897,2025-02-21,Germany,Google Ads
3898,2025-04-12,Canada,Referral
3899,2025-08-04,UK,Google Ads
3900,2025-07-07,India,Organic
3901,2025-02-26,India,Organic
3902,2025-02-16,India,Google Ads
3903,2025-06-08,UK,Referral
3904,2025-06-23,Canada,Google Ads
3905,2025-08-30,Germany,Organic
3906,2025-10-09,USA,Facebook
3907,2025-08-29,Canada,Google Ads
3908,2025-01-05,UK,Google Ads
3909,2025-03-25,UK,Organic
3910,2025-11-04,India,Referral
3911,2025-12-27,Canada,Google Ads
3912,2025-09-05,India,Google Ads
3913,2025-02-23,USA,Referral
3914,2025-06-10,India,Google Ads
3915,2025-08-14,USA,Facebook
3916,2025-01-15,UK,Facebook
3917,2025-08-12,India,Google Ads
3918,2025-03-02,India,Organic
3919,2025-05-02,Germany,Referral
3920,2025-10-04,UK,Facebook
3921,2025-02-15,Germany,Organic
3922,2025-10-21,USA,Organic
3923,2025-03-03,USA,Facebook
3924,2025-03-27,UK,Google Ads
3925,2025-07-29,USA,Organic
3926,2025-03-19,UK,Facebook
3927,2025-07-21,USA,Google Ads
3928,2025-10-29,Canada,Referral
3929,2025-08-11,India,Organic
3930,2025-08-10,Canada,Referral
3931,2025-01-03,UK,Google Ads
3932,2025-01-06,UK,Organic
3933,2025-04-03,Canada,Organic
3934,2025-01-08,India,Referral
3935,2025-08-23,India,Referral
3936,2025-04-18,Germany,Referral
3937,2025-06-10,USA,Referral
3938,2025-07-28,Germany,Google Ads
3939,2025-08-28,India,Organic
3940,2025-11-27,Canada,Google Ads
3941,2025-11-29,USA,Organic
3942,2025-02-19,Canada,Referral
3943,2025-01-11,Germany,Google Ads
3944,2025-12-17,UK,Organic
3945,2025-06-05,Canada,Organic
3946,2025-03-11,Germany,Google Ads
3947,2025-06-18,Germany,Google Ads
3948,2025-09-29,Germany,Google Ads
3949,2025-03-09,UK,Google Ads
3950,2025-12-21,UK,Organic
3951,2025-09-09,UK,Facebook
3952,2025-02-17,USA,Google Ads
3953,2025-07-03,UK,Referral
3954,2025-11-16,UK,Organic
3955,2025-07-06,UK,Facebook
3956,2025-03-31,Canada,Google Ads
3957,2025-11-28,UK,Organic
3958,2025-05-19,USA,Facebook
3959,2025-12-23,Germany,Organic
3960,2025-03-30,Canada,Organic
3961,2025-10-01,India,Google Ads
3962,2025-01-19,UK,Referral
3963,2025-11-07,Germany,Facebook
3964,2025-12-24,Germany,Facebook
3965,2025-06-03,Canada,Referral
3966,2025-09-17,India,Facebook
3967,2025-04-18,USA,Organic
3968,2025-10-12,Germany,Organic
3969,2025-02-28,Germany,Google Ads
3970,2025-05-05,Germany,Referral
3971,2025-12-20,Germany,Facebook
3972,2025-09-30,Canada,Facebook
3973,2025-04-17,India,Referral
3974,2025-10-26,Germany,Facebook
3975,2025-09-02,USA,Organic
3976,2025-12-02,USA,Organic
3977,2025-09-04,UK,Google Ads
3978,2025-01-08,Germany,Google Ads
3979,2025-05-21,Germany,Google Ads
3980,2025-12-28,Germany,Referral
3981,2025-01-08,Germany,Google Ads
3982,2025-12-18,Germany,Facebook
3983,2025-04-04,USA,Google Ads
3984,2025-11-17,India,Facebook
3985,2025-02-08,India,Organic
3986,2025-03-22,UK,Referral
3987,2025-07-06,USA,Facebook
3988,2025-03-25,Germany,Facebook
3989,2025-03-29,India,Organic
3990,2025-08-30,Canada,Facebook
3991,2025-12-08,Canada,Referral
3992,2025-04-03,Canada,Facebook
3993,2025-03-27,Germany,Facebook
3994,2025-02-13,Germany,Referral
3995,2025-05-17,UK,Facebook
3996,2025-03-15,UK,Google Ads
3997,2025-02-05,UK,Google Ads
3998,2025-04-11,Canada,Referral
3999,2025-06-05,Germany,Organic
4000,2025-09-12,Canada,Facebook
4001,2025-06-20,UK,Organic
4002,2025-08-04,Germany,Facebook
4003,2025-06-19,USA,Facebook
4004,2025-09-09,India,Organic
4005,2025-12-26,India,Organic
4006,2025-11-18,UK,Facebook
4007,2025-02-24,Canada,Google Ads
4008,2025-04-01,USA,Google Ads
4009,2025-10-05,Germany,Organic
4010,2025-04-11,Canada,Organic
4011,2025-06-04,UK,Organic
4012,2025-12-15,Canada,Organic
4013,2025-12-30,UK,Organic
4014,2025-05-21,India,Referral
4015,2025-06-22,India,Google Ads
4016,2025-01-10,Canada,Facebook
4017,2025-08-16,USA,Facebook
4018,2025-09-22,Germany,Google Ads
4019,2025-09-05,UK,Organic
4020,2025-09-04,Germany,Referral
4021,2025-06-04,India,Facebook
4022,2025-02-03,USA,Referral
4023,2025-05-09,USA,Facebook
4024,2025-06-09,Germany,Facebook
4025,2025-03-30,India,Organic
4026,2025-04-03,Germany,Google Ads
4027,2025-11-23,Canada,Facebook
4028,2025-08-29,USA,Organic
4029,2025-11-19,USA,Referral
4030,2025-04-27,Canada,Organic
4031,2025-04-04,India,Facebook
4032,2025-06-12,USA,Google Ads
4033,2025-04-09,UK,Referral
4034,2025-04-23,UK,Facebook
4035,2025-12-25,India,Referral
4036,2025-04-01,Canada,Facebook
4037,2025-12-12,Germany,Organic
4038,2025-07-25,India,Organic
4039,2025-01-17,Germany,Facebook
4040,2025-10-01,India,Organic
4041,2025-06-22,UK,Facebook
4042,2025-04-26,Canada,Organic
4043,2025-12-15,UK,Organic
4044,2025-06-30,Canada,Google Ads
4045,2025-04-01,Germany,Organic
4046,2025-03-23,India,Google Ads
4047,2025-11-20,USA,Google Ads
4048,2025-04-24,USA,Organic
4049,2025-09-14,Canada,Google Ads
4050,2025-02-27,Canada,Organic
4051,2025-06-03,UK,Google Ads
4052,2025-12-31,USA,Facebook
4053,2025-04-26,UK,Google Ads
4054,2025-12-09,Germany,Google Ads
4055,2025-09-23,USA,Organic
4056,2025-11-11,Germany,Organic
4057,2025-07-22,India,Referral
4058,2025-02-10,UK,Google Ads
4059,2025-04-15,Canada,Organic
4060,2025-07-12,USA,Organic
4061,2025-10-05,UK,Google Ads
4062,2025-12-20,Canada,Organic
4063,2025-08-25,India,Organic
4064,2025-08-09,USA,Facebook
4065,2025-03-09,Germany,Organic
4066,2025-07-16,India,Facebook
4067,2025-09-13,Canada,Facebook
4068,2025-05-19,USA,Facebook
4069,2025-11-08,USA,Referral
4070,2025-05-29,India,Facebook
4071,2025-04-09,USA,Facebook
4072,2025-03-17,Canada,Organic
4073,2025-10-09,India,Organic
4074,2025-04-19,Germany,Organic
4075,2025-07-07,India,Google Ads
4076,2025-07-18,India,Organic
4077,2025-10-30,Germany,Facebook
4078,2025-11-23,Canada,Facebook
4079,2025-06-03,UK,Organic
4080,2025-02-09,UK,Organic
4081,2025-05-13,Germany,Organic
4082,2025-05-12,Canada,Organic
4083,2025-10-06,USA,Organic
4084,2025-12-28,Germany,Facebook
4085,2025-03-25,UK,Google Ads
4086,2025-08-30,Canada,Referral
4087,2025-04-26,India,Facebook
4088,2025-04-19,Canada,Organic
4089,2025-08-09,Canada,Organic
4090,2025-02-10,UK,Google Ads
4091,2025-05-27,UK,Referral
4092,2025-04-22,USA,Organic
4093,2025-04-13,USA,Organic
4094,2025-02-15,Germany,Google Ads
4095,2025-11-20,India,Facebook
4096,2025-09-28,USA,Google Ads
4097,2025-07-14,UK,Organic
4098,2025-10-07,Canada,Organic
4099,2025-10-10,Germany,Google Ads
4100,2025-02-09,USA,Organic
4101,2025-07-08,Canada,Facebook
4102,2025-06-13,Canada,Organic
4103,2025-01-24,USA,Facebook
4104,2025-01-24,India,Facebook
4105,2025-01-04,India,Facebook
4106,2025-11-19,Germany,Referral
4107,2025-10-17,India,Facebook
4108,2025-06-30,Germany,Facebook
4109,2025-09-05,UK,Google Ads
4110,2025-04-26,USA,Facebook
4111,2025-10-06,Canada,Organic
4112,2025-12-31,Germany,Organic
4113,2025-03-10,India,Google Ads
4114,2025-12-17,Germany,Facebook
4115,2025-09-11,Germany,Google Ads
4116,2025-06-30,India,Referral
4117,2025-11-14,India,Organic
4118,2025-06-18,USA,Organic
4119,2025-11-09,Canada,Organic
4120,2025-09-06,USA,Referral
4121,2025-07-07,USA,Referral
4122,2025-02-23,India,Google Ads
4123,2025-11-22,India,Referral
4124,2025-12-23,Canada,Referral
4125,2025-11-09,Germany,Facebook
4126,2025-05-18,USA,Organic
4127,2025-06-17,Canada,Organic
4128,2025-04-13,USA,Organic
4129,2025-03-26,Germany,Google Ads
4130,2025-11-13,USA,Organic
4131,2025-07-31,UK,Google Ads
4132,2025-01-03,Canada,Organic
4133,2025-06-28,India,Referral
4134,2025-12-08,USA,Organic
4135,2025-10-30,Canada,Facebook
4136,2025-11-28,Canada,Organic
4137,2025-02-07,USA,Facebook
4138,2025-08-27,India,Organic
4139,2025-06-18,India,Organic
4140,2025-12-09,USA,Google Ads
4141,2025-11-10,Canada,Google Ads
4142,2025-11-02,India,Organic
4143,2025-01-30,USA,Facebook
4144,2025-07-09,USA,Referral
4145,2025-12-23,USA,Facebook
4146,2025-01-25,Canada,Google Ads
4147,2025-04-22,India,Organic
4148,2025-07-25,Canada,Organic
4149,2025-07-04,UK,Organic
4150,2025-02-16,India,Organic
4151,2025-08-16,Canada,Facebook
4152,2025-02-08,India,Organic
4153,2025-01-16,UK,Google Ads
4154,2025-01-22,Germany,Facebook
4155,2025-08-01,USA,Google Ads
4156,2025-11-06,Canada,Google Ads
4157,2025-05-29,UK,Google Ads
4158,2025-08-29,UK,Google Ads
4159,2025-09-29,India,Referral
4160,2025-02-28,India,Google Ads
4161,2025-10-14,USA,Google Ads
4162,2025-07-21,India,Organic
4163,2025-02-01,Canada,Facebook
4164,2025-06-11,Canada,Facebook
4165,2025-09-12,Canada,Facebook
4166,2025-09-11,Germany,Facebook
4167,2025-01-09,Canada,Facebook
4168,2025-05-19,India,Google Ads
4169,2025-01-10,India,Referral
4170,2025-08-02,Canada,Google Ads
4171,2025-09-30,UK,Google Ads
4172,2025-11-20,UK,Organic
4173,2025-02-17,UK,Facebook
4174,2025-04-21,USA,Facebook
4175,2025-06-02,Germany,Organic
4176,2025-05-03,Canada,Referral
4177,2025-12-23,USA,Organic
4178,2025-04-12,UK,Google Ads
4179,2025-08-29,Canada,Referral
4180,2025-11-17,USA,Facebook
4181,2025-07-10,India,Google Ads
4182,2025-08-05,UK,Facebook
4183,2025-02-20,USA,Organic
4184,2025-10-19,India,Google Ads
4185,2025-03-22,UK,Organic
4186,2025-03-29,Germany,Referral
4187,2025-07-13,UK,Google Ads
4188,2025-04-14,Germany,Organic
4189,2025-09-28,Germany,Facebook
4190,2025-04-06,Germany,Facebook
4191,2025-07-17,Canada,Google Ads
4192,2025-01-01,Canada,Organic
4193,2025-06-16,Germany,Facebook
4194,2025-05-06,India,Organic
4195,2025-11-09,Germany,Referral
4196,2025-03-22,USA,Referral
4197,2025-09-08,Germany,Google Ads
4198,2025-06-18,Canada,Google Ads
4199,2025-03-14,Canada,Facebook
4200,2025-05-21,USA,Organic
4201,2025-03-11,USA,Referral
4202,2025-09-19,UK,Organic
4203,2025-12-06,India,Organic
4204,2025-11-04,India,Google Ads
4205,2025-09-02,India,Organic
4206,2025-01-03,Canada,Google Ads
4207,2025-12-03,India,Google Ads
4208,2025-03-04,UK,Referral
4209,2025-02-18,UK,Organic
4210,2025-03-17,India,Google Ads
4211,2025-06-24,USA,Facebook
4212,2025-04-19,UK,Google Ads
4213,2025-07-02,USA,Organic
4214,2025-07-11,Canada,Google Ads
4215,2025-03-06,UK,Referral
4216,2025-12-03,USA,Facebook
4217,2025-09-28,India,Facebook
4218,2025-04-10,Canada,Google Ads
4219,2025-02-01,Germany,Google Ads
4220,2025-12-18,Germany,Organic
4221,2025-05-08,India,Organic
4222,2025-12-05,Canada,Google Ads
4223,2025-02-12,Canada,Facebook
4224,2025-03-19,Canada,Organic
4225,2025-11-10,Canada,Facebook
4226,2025-10-16,Germany,Google Ads
4227,2025-09-27,USA,Facebook
4228,2025-06-11,Canada,Organic
4229,2025-07-08,USA,Google Ads
4230,2025-09-04,Canada,Facebook
4231,2025-08-04,UK,Organic
4232,2025-11-11,UK,Referral
4233,2025-12-05,UK,Facebook
4234,2025-06-17,Canada,Google Ads
4235,2025-12-05,USA,Facebook
4236,2025-07-12,Germany,Google Ads
4237,2025-10-10,India,Google Ads
4238,2025-12-02,Germany,Organic
4239,2025-01-13,Canada,Referral
4240,2025-08-28,UK,Organic
4241,2025-11-16,UK,Google Ads
4242,2025-05-27,USA,Organic
4243,2025-07-23,Canada,Google Ads
4244,2025-03-21,Germany,Google Ads
4245,2025-02-12,Canada,Referral
4246,2025-03-30,Canada,Referral
4247,2025-05-28,UK,Google Ads
4248,2025-04-05,Germany,Google Ads
4249,2025-05-31,India,Google Ads
4250,2025-01-02,UK,Organic
4251,2025-01-22,Germany,Referral
4252,2025-11-09,USA,Google Ads
4253,2025-11-24,UK,Facebook
4254,2025-01-07,USA,Google Ads
4255,2025-07-25,UK,Google Ads
4256,2025-04-24,Canada,Organic
4257,2025-09-29,Germany,Organic
4258,2025-03-24,USA,Google Ads
4259,2025-06-28,UK,Google Ads
4260,2025-07-29,USA,Google Ads
4261,2025-11-24,UK,Facebook
4262,2025-05-04,UK,Google Ads
4263,2025-04-23,India,Facebook
4264,2025-01-12,India,Facebook
4265,2025-05-06,India,Google Ads
4266,2025-02-22,USA,Organic
4267,2025-11-27,Canada,Google Ads
4268,2025-10-10,UK,Organic
4269,2025-05-20,Germany,Organic
4270,2025-04-07,India,Organic
4271,2025-01-05,USA,Google Ads
4272,2025-02-26,USA,Organic
4273,2025-11-30,USA,Google Ads
4274,2025-03-10,Germany,Referral
4275,2025-04-28,Germany,Organic
4276,2025-02-28,India,Facebook
4277,2025-02-02,Germany,Facebook
4278,2025-11-14,India,Referral
4279,2025-02-19,Germany,Referral
4280,2025-01-19,Germany,Referral
4281,2025-08-02,Germany,Organic
4282,2025-07-16,India,Organic
4283,2025-02-16,UK,Organic
4284,2025-06-16,India,Google Ads
4285,2025-10-16,UK,Google Ads
4286,2025-05-21,USA,Organic
4287,2025-03-25,USA,Facebook
4288,2025-07-01,India,Organic
4289,2025-03-20,UK,Google Ads
4290,2025-08-03,UK,Organic
4291,2025-01-14,UK,Google Ads
4292,2025-08-03,USA,Facebook
4293,2025-05-08,India,Facebook
4294,2025-11-06,Canada,Google Ads
4295,2025-09-05,UK,Referral
4296,2025-01-29,UK,Facebook
4297,2025-10-07,Canada,Referral
4298,2025-12-04,India,Google Ads
4299,2025-11-15,UK,Google Ads
4300,2025-07-21,India,Google Ads
4301,2025-12-27,UK,Google Ads
4302,2025-02-26,Germany,Google Ads
4303,2025-08-06,UK,Google Ads
4304,2025-03-03,Germany,Referral
4305,2025-06-06,India,Referral
4306,2025-07-21,UK,Referral
4307,2025-01-17,USA,Referral
4308,2025-11-18,USA,Facebook
4309,2025-01-06,Canada,Facebook
4310,2025-02-27,USA,Google Ads
4311,2025-11-21,Germany,Google Ads
4312,2025-11-14,USA,Organic
4313,2025-06-18,USA,Referral
4314,2025-03-23,USA,Organic
4315,2025-08-07,UK,Organic
4316,2025-06-26,Canada,Google Ads
4317,2025-07-23,India,Facebook
4318,2025-03-12,Canada,Facebook
4319,2025-09-23,Germany,Referral
4320,2025-04-08,UK,Referral
4321,2025-12-11,UK,Organic
4322,2025-10-18,USA,Google Ads
4323,2025-07-27,USA,Google Ads
4324,2025-01-02,Germany,Facebook
4325,2025-05-04,UK,Referral
4326,2025-10-07,India,Google Ads
4327,2025-03-15,Canada,Google Ads
4328,2025-06-15,UK,Facebook
4329,2025-01-22,India,Referral
4330,2025-06-03,India,Facebook
4331,2025-10-22,Canada,Organic
4332,2025-08-07,India,Facebook
4333,2025-06-06,Germany,Google Ads
4334,2025-08-18,India,Google Ads
4335,2025-01-20,Germany,Organic
4336,2025-02-10,India,Referral
4337,2025-05-28,USA,Facebook
4338,2025-04-18,India,Facebook
4339,2025-03-25,Germany,Organic
4340,2025-11-18,India,Organic
4341,2025-11-05,India,Google Ads
4342,2025-10-17,India,Facebook
4343,2025-11-19,Germany,Organic
4344,2025-05-14,India,Organic
4345,2025-07-26,Canada,Referral
4346,2025-10-10,Canada,Referral
4347,2025-09-23,Germany,Google Ads
4348,2025-03-14,USA,Organic
4349,2025-12-18,Canada,Facebook
4350,2025-02-17,UK,Organic
4351,2025-11-22,Canada,Organic
4352,2025-08-21,UK,Facebook
4353,2025-04-10,Germany,Referral
4354,2025-02-28,USA,Organic
4355,2025-09-15,UK,Referral
4356,2025-03-06,UK,Google Ads
4357,2025-03-24,Canada,Facebook
4358,2025-06-03,UK,Organic
4359,2025-09-23,Germany,Referral
4360,2025-11-05,Germany,Facebook
4361,2025-03-20,Germany,Google Ads
4362,2025-11-11,Canada,Facebook
4363,2025-05-30,USA,Facebook
4364,2025-02-17,Canada,Organic
4365,2025-09-05,Germany,Organic
4366,2025-10-05,Canada,Referral
4367,2025-12-22,Germany,Organic
4368,2025-04-08,India,Google Ads
4369,2025-01-25,India,Organic
4370,2025-10-11,UK,Organic
4371,2025-10-28,USA,Referral
4372,2025-03-09,India,Google Ads
4373,2025-01-07,Germany,Google Ads
4374,2025-11-01,Canada,Google Ads
4375,2025-05-17,Canada,Organic
4376,2025-06-13,UK,Google Ads
4377,2025-03-24,Canada,Organic
4378,2025-05-18,India,Organic
4379,2025-03-14,Canada,Facebook
4380,2025-08-25,India,Organic
4381,2025-02-15,India,Referral
4382,2025-04-16,USA,Organic
4383,2025-10-15,UK,Google Ads
4384,2025-09-19,Germany,Facebook
4385,2025-06-25,India,Facebook
4386,2025-06-15,UK,Google Ads
4387,2025-05-25,Germany,Organic
4388,2025-11-26,Canada,Referral
4389,2025-10-10,UK,Organic
4390,2025-02-23,UK,Facebook
4391,2025-06-27,UK,Facebook
4392,2025-09-01,Canada,Referral
4393,2025-12-07,Canada,Referral
4394,2025-05-07,UK,Facebook
4395,2025-09-28,USA,Facebook
4396,2025-05-12,India,Organic
4397,2025-04-03,Canada,Facebook
4398,2025-03-14,USA,Google Ads
4399,2025-09-05,Canada,Facebook
4400,2025-12-14,UK,Facebook
4401,2025-09-30,USA,Google Ads
4402,2025-02-12,Germany,Google Ads
4403,2025-02-10,India,Google Ads
4404,2025-06-19,India,Organic
4405,2025-07-31,Canada,Organic
4406,2025-06-17,India,Google Ads
4407,2025-02-08,Germany,Referral
4408,2025-09-02,USA,Facebook
4409,2025-05-31,USA,Google Ads
4410,2025-04-21,UK,Google Ads
4411,2025-02-16,USA,Organic
4412,2025-03-04,Canada,Google Ads
4413,2025-08-13,Germany,Google Ads
4414,2025-03-10,UK,Organic
4415,2025-10-26,Canada,Facebook
4416,2025-10-17,Canada,Organic
4417,2025-10-23,Canada,Organic
4418,2025-07-22,India,Referral
4419,2025-03-02,Canada,Google Ads
4420,2025-11-14,India,Google Ads
4421,2025-11-10,USA,Referral
4422,2025-06-10,India,Organic
4423,2025-11-27,Canada,Organic
4424,2025-01-16,Germany,Google Ads
4425,2025-12-04,Germany,Google Ads
4426,2025-04-04,USA,Google Ads
4427,2025-10-31,Canada,Facebook
4428,2025-05-18,India,Google Ads
4429,2025-12-04,Germany,Facebook
4430,2025-02-07,UK,Organic
4431,2025-05-07,Canada,Google Ads
4432,2025-10-02,Canada,Google Ads
4433,2025-06-13,UK,Facebook
4434,2025-11-15,Germany,Google Ads
4435,2025-03-18,UK,Google Ads
4436,2025-06-23,USA,Google Ads
4437,2025-12-24,India,Facebook
4438,2025-11-17,India,Organic
4439,2025-04-01,Germany,Google Ads
4440,2025-08-26,UK,Organic
4441,2025-09-21,Canada,Referral
4442,2025-06-28,Canada,Organic
4443,2025-07-28,Canada,Google Ads
4444,2025-03-14,USA,Facebook
4445,2025-04-17,USA,Organic
4446,2025-12-11,Canada,Referral
4447,2025-10-22,Germany,Referral
4448,2025-10-11,USA,Facebook
4449,2025-12-19,USA,Organic
4450,2025-07-01,India,Referral
4451,2025-02-06,India,Organic
4452,2025-05-17,Germany,Facebook
4453,2025-12-04,USA,Google Ads
4454,2025-02-25,USA,Google Ads
4455,2025-07-06,UK,Facebook
4456,2025-12-07,Germany,Organic
4457,2025-09-15,Germany,Referral
4458,2025-02-27,UK,Referral
4459,2025-12-29,UK,Google Ads
4460,2025-05-03,India,Organic
4461,2025-07-07,Germany,Google Ads
4462,2025-08-18,Germany,Organic
4463,2025-06-17,UK,Organic
4464,2025-04-24,Canada,Google Ads
4465,2025-09-09,Canada,Google Ads
4466,2025-04-17,India,Google Ads
4467,2025-02-06,Canada,Google Ads
4468,2025-12-01,Canada,Referral
4469,2025-04-02,Canada,Google Ads
4470,2025-01-18,USA,Google Ads
4471,2025-12-20,India,Google Ads
4472,2025-03-04,UK,Referral
4473,2025-05-30,Canada,Facebook
4474,2025-05-19,USA,Google Ads
4475,2025-07-05,Canada,Organic
4476,2025-07-04,USA,Facebook
4477,2025-07-24,India,Facebook
4478,2025-09-17,Canada,Organic
4479,2025-08-02,USA,Google Ads
4480,2025-09-13,Germany,Referral
4481,2025-05-15,Germany,Organic
4482,2025-03-02,USA,Facebook
4483,2025-12-29,Canada,Google Ads
4484,2025-11-06,Canada,Organic
4485,2025-03-29,India,Organic
4486,2025-11-20,India,Google Ads
4487,2025-07-26,UK,Google Ads
4488,2025-05-09,India,Facebook
4489,2025-11-07,Canada,Organic
4490,2025-01-03,UK,Referral
4491,2025-08-30,India,Organic
4492,2025-05-01,USA,Facebook
4493,2025-04-12,Germany,Google Ads
4494,2025-02-07,India,Organic
4495,2025-12-07,India,Referral
4496,2025-05-13,USA,Facebook
4497,2025-07-21,Canada,Google Ads
4498,2025-12-14,USA,Google Ads
4499,2025-01-21,India,Google Ads
4500,2025-08-30,Canada,Organic
4501,2025-04-19,UK,Referral
4502,2025-10-30,India,Google Ads
4503,2025-03-25,USA,Facebook
4504,2025-03-24,UK,Facebook
4505,2025-10-18,Germany,Referral
4506,2025-03-10,UK,Facebook
4507,2025-05-09,USA,Google Ads
4508,2025-07-15,UK,Google Ads
4509,2025-05-20,USA,Facebook
4510,2025-10-10,India,Organic
4511,2025-11-08,Canada,Google Ads
4512,2025-08-22,Germany,Facebook
4513,2025-01-23,Canada,Organic
4514,2025-06-02,Canada,Facebook
4515,2025-10-04,Canada,Google Ads
4516,2025-03-02,USA,Referral
4517,2025-11-15,USA,Organic
4518,2025-02-21,Germany,Organic
4519,2025-12-10,USA,Organic
4520,2025-06-02,USA,Referral
4521,2025-08-25,USA,Facebook
4522,2025-11-07,USA,Facebook
4523,2025-10-29,India,Facebook
4524,2025-02-01,Germany,Facebook
4525,2025-02-24,USA,Google Ads
4526,2025-12-18,Germany,Referral
4527,2025-02-05,UK,Referral
4528,2025-04-20,India,Facebook
4529,2025-06-26,USA,Facebook
4530,2025-12-28,India,Google Ads
4531,2025-11-10,India,Referral
4532,2025-10-22,UK,Facebook
4533,2025-12-02,Germany,Organic
4534,2025-04-07,India,Referral
4535,2025-08-01,Canada,Facebook
4536,2025-11-13,UK,Organic
4537,2025-05-17,Canada,Facebook
4538,2025-01-06,UK,Organic
4539,2025-04-19,Canada,Facebook
4540,2025-02-04,Canada,Facebook
4541,2025-02-08,India,Referral
4542,2025-05-30,India,Organic
4543,2025-04-28,UK,Facebook
4544,2025-09-18,Germany,Google Ads
4545,2025-03-28,India,Google Ads
4546,2025-03-17,India,Organic
4547,2025-11-09,USA,Facebook
4548,2025-08-02,India,Organic
4549,2025-10-12,Germany,Facebook
4550,2025-08-27,USA,Facebook
4551,2025-06-14,Canada,Organic
4552,2025-03-28,Canada,Facebook
4553,2025-05-21,USA,Referral
4554,2025-06-09,USA,Organic
4555,2025-02-15,USA,Google Ads
4556,2025-04-22,UK,Organic
4557,2025-02-14,Germany,Google Ads
4558,2025-09-04,Germany,Facebook
4559,2025-04-14,Canada,Google Ads
4560,2025-03-26,Canada,Organic
4561,2025-05-14,Canada,Google Ads
4562,2025-04-18,India,Google Ads
4563,2025-01-18,Canada,Facebook
4564,2025-04-04,USA,Google Ads
4565,2025-05-30,Canada,Google Ads
4566,2025-09-03,USA,Facebook
4567,2025-10-16,UK,Google Ads
4568,2025-07-28,India,Google Ads
4569,2025-05-06,India,Google Ads
4570,2025-08-23,Germany,Organic
4571,2025-05-02,UK,Organic
4572,2025-05-18,USA,Facebook
4573,2025-04-25,UK,Referral
4574,2025-06-11,India,Google Ads
4575,2025-07-20,USA,Facebook
4576,2025-08-22,UK,Organic
4577,2025-01-28,India,Organic
4578,2025-01-11,USA,Referral
4579,2025-07-25,USA,Referral
4580,2025-06-16,India,Google Ads
4581,2025-09-04,USA,Referral
4582,2025-02-16,India,Referral
4583,2025-09-03,Canada,Facebook
4584,2025-05-07,Canada,Referral
4585,2025-05-27,USA,Google Ads
4586,2025-04-28,USA,Organic
4587,2025-06-01,India,Google Ads
4588,2025-03-13,USA,Google Ads
4589,2025-12-29,Germany,Organic
4590,2025-05-17,Canada,Facebook
4591,2025-06-24,USA,Organic
4592,2025-10-16,USA,Facebook
4593,2025-01-19,UK,Facebook
4594,2025-07-14,USA,Google Ads
4595,2025-11-26,Germany,Organic
4596,2025-06-24,Canada,Organic
4597,2025-12-20,UK,Organic
4598,2025-05-21,India,Organic
4599,2025-09-03,India,Facebook
4600,2025-04-03,Canada,Facebook
4601,2025-08-27,India,Facebook
4602,2025-07-24,Germany,Referral
4603,2025-02-17,USA,Organic
4604,2025-09-02,Canada,Facebook
4605,2025-11-16,UK,Facebook
4606,2025-11-13,USA,Facebook
4607,2025-10-22,India,Organic
4608,2025-05-08,India,Facebook
4609,2025-12-10,UK,Organic
4610,2025-10-09,Germany,Facebook
4611,2025-01-17,UK,Facebook
4612,2025-03-12,Canada,Referral
4613,2025-09-26,UK,Facebook
4614,2025-11-21,India,Referral
4615,2025-10-09,Germany,Google Ads
4616,2025-11-01,Germany,Google Ads
4617,2025-01-07,UK,Facebook
4618,2025-11-10,Canada,Organic
4619,2025-11-01,India,Organic
4620,2025-04-13,USA,Google Ads
4621,2025-11-05,Germany,Google Ads
4622,2025-07-12,UK,Organic
4623,2025-08-29,Canada,Google Ads
4624,2025-03-03,Canada,Facebook
4625,2025-01-17,India,Facebook
4626,2025-06-20,Germany,Organic
4627,2025-01-25,India,Google Ads
4628,2025-09-08,USA,Google Ads
4629,2025-09-10,USA,Facebook
4630,2025-07-26,USA,Google Ads
4631,2025-01-29,Canada,Facebook
4632,2025-04-27,Germany,Organic
4633,2025-10-09,India,Google Ads
4634,2025-05-24,India,Google Ads
4635,2025-01-25,USA,Google Ads
4636,2025-11-06,Germany,Organic
4637,2025-06-05,Germany,Google Ads
4638,2025-03-14,UK,Referral
4639,2025-04-30,Germany,Facebook
4640,2025-11-08,Germany,Facebook
4641,2025-11-17,India,Google Ads
4642,2025-04-03,Germany,Organic
4643,2025-03-27,Germany,Organic
4644,2025-12-02,India,Facebook
4645,2025-12-30,Germany,Facebook
4646,2025-04-28,India,Facebook
4647,2025-08-21,UK,Facebook
4648,2025-07-18,Canada,Facebook
4649,2025-07-25,India,Facebook
4650,2025-12-05,India,Organic
4651,2025-05-27,Germany,Google Ads
4652,2025-09-28,India,Facebook
4653,2025-05-19,USA,Facebook
4654,2025-06-30,USA,Google Ads
4655,2025-01-30,UK,Facebook
4656,2025-02-26,India,Google Ads
4657,2025-08-20,Germany,Google Ads
4658,2025-05-26,Germany,Referral
4659,2025-02-17,Canada,Facebook
4660,2025-07-13,UK,Facebook
4661,2025-08-12,Germany,Organic
4662,2025-05-16,Canada,Google Ads
4663,2025-01-22,Germany,Referral
4664,2025-01-06,Canada,Google Ads
4665,2025-07-23,USA,Organic
4666,2025-08-27,USA,Organic
4667,2025-07-04,Germany,Referral
4668,2025-12-26,UK,Organic
4669,2025-10-19,India,Facebook
4670,2025-12-01,UK,Organic
4671,2025-08-08,UK,Google Ads
4672,2025-04-26,India,Organic
4673,2025-11-09,USA,Google Ads
4674,2025-02-18,USA,Organic
4675,2025-06-22,India,Organic
4676,2025-03-23,Canada,Referral
4677,2025-11-18,UK,Facebook
4678,2025-11-29,Germany,Organic
4679,2025-02-14,USA,Google Ads
4680,2025-12-01,Germany,Google Ads
4681,2025-01-20,India,Facebook
4682,2025-08-09,Germany,Organic
4683,2025-05-03,Germany,Organic
4684,2025-08-22,UK,Organic
4685,2025-08-09,India,Google Ads
4686,2025-11-19,Germany,Organic
4687,2025-12-05,USA,Google Ads
4688,2025-01-03,India,Google Ads
4689,2025-07-01,USA,Google Ads
4690,2025-07-25,Canada,Organic
4691,2025-11-16,Germany,Facebook
4692,2025-02-09,India,Google Ads
4693,2025-02-28,USA,Organic
4694,2025-03-03,Germany,Facebook
4695,2025-05-12,UK,Organic
4696,2025-03-01,USA,Facebook
4697,2025-11-27,USA,Google Ads
4698,2025-05-02,Canada,Referral
4699,2025-04-17,UK,Google Ads
4700,2025-04-06,Canada,Organic
4701,2025-12-13,UK,Facebook
4702,2025-08-23,USA,Google Ads
4703,2025-03-03,Canada,Organic
4704,2025-09-13,Germany,Google Ads
4705,2025-02-18,UK,Referral
4706,2025-12-14,USA,Google Ads
4707,2025-06-08,India,Facebook
4708,2025-05-04,UK,Organic
4709,2025-11-13,UK,Google Ads
4710,2025-07-26,Germany,Facebook
4711,2025-02-17,UK,Referral
4712,2025-05-16,UK,Organic
4713,2025-07-20,Germany,Facebook
4714,2025-09-07,Germany,Organic
4715,2025-11-10,Canada,Referral
4716,2025-12-23,USA,Google Ads
4717,2025-11-14,USA,Facebook
4718,2025-10-22,Canada,Google Ads
4719,2025-11-10,USA,Referral
4720,2025-07-28,UK,Organic
4721,2025-12-21,Canada,Organic
4722,2025-07-30,Canada,Referral
4723,2025-07-11,USA,Google Ads
4724,2025-02-13,India,Google Ads
4725,2025-01-29,USA,Google Ads
4726,2025-02-28,India,Facebook
4727,2025-03-12,Canada,Organic
4728,2025-04-02,India,Organic
4729,2025-09-22,UK,Facebook
4730,2025-08-08,Germany,Facebook
4731,2025-08-03,India,Organic
4732,2025-10-04,Germany,Google Ads
4733,2025-03-05,UK,Google Ads
4734,2025-12-12,Germany,Organic
4735,2025-10-19,UK,Facebook
4736,2025-09-02,Germany,Referral
4737,2025-03-03,Germany,Facebook
4738,2025-11-28,USA,Organic
4739,2025-06-19,India,Organic
4740,2025-09-26,Germany,Google Ads
4741,2025-09-24,Canada,Google Ads
4742,2025-02-23,USA,Google Ads
4743,2025-01-16,India,Google Ads
4744,2025-01-08,USA,Facebook
4745,2025-04-14,India,Organic
4746,2025-02-28,UK,Organic
4747,2025-11-09,Germany,Organic
4748,2025-02-09,Canada,Google Ads
4749,2025-08-25,USA,Organic
4750,2025-04-04,USA,Facebook
4751,2025-08-10,USA,Referral
4752,2025-07-23,USA,Referral
4753,2025-05-18,Germany,Organic
4754,2025-10-27,India,Organic
4755,2025-07-26,Germany,Google Ads
4756,2025-12-02,UK,Google Ads
4757,2025-03-22,Germany,Organic
4758,2025-08-06,Germany,Facebook
4759,2025-01-02,UK,Facebook
4760,2025-06-27,Germany,Organic
4761,2025-12-12,India,Organic
4762,2025-10-06,Canada,Google Ads
4763,2025-05-26,UK,Google Ads
4764,2025-11-14,USA,Google Ads
4765,2025-08-12,India,Organic
4766,2025-03-03,Canada,Facebook
4767,2025-10-21,India,Referral
4768,2025-08-27,India,Organic
4769,2025-07-14,USA,Google Ads
4770,2025-06-15,Canada,Google Ads
4771,2025-08-10,India,Facebook
4772,2025-03-02,USA,Referral
4773,2025-05-09,UK,Google Ads
4774,2025-06-22,USA,Organic
4775,2025-06-05,Germany,Facebook
4776,2025-04-20,USA,Google Ads
4777,2025-09-26,USA,Referral
4778,2025-12-22,USA,Google Ads
4779,2025-10-05,India,Organic
4780,2025-03-15,Canada,Google Ads
4781,2025-07-26,USA,Organic
4782,2025-10-06,USA,Organic
4783,2025-11-22,Germany,Referral
4784,2025-12-06,Germany,Google Ads
4785,2025-12-23,UK,Google Ads
4786,2025-12-06,UK,Facebook
4787,2025-07-23,Germany,Google Ads
4788,2025-06-10,Canada,Organic
4789,2025-01-28,UK,Facebook
4790,2025-09-14,Canada,Google Ads
4791,2025-06-14,Germany,Organic
4792,2025-03-04,UK,Organic
4793,2025-01-22,USA,Referral
4794,2025-03-11,Germany,Facebook
4795,2025-04-06,UK,Facebook
4796,2025-06-12,Canada,Google Ads
4797,2025-03-20,Canada,Google Ads
4798,2025-01-05,UK,Facebook
4799,2025-11-12,Canada,Referral
4800,2025-04-30,UK,Google Ads
4801,2025-10-29,UK,Google Ads
4802,2025-06-27,Canada,Google Ads
4803,2025-06-25,India,Google Ads
4804,2025-08-05,USA,Google Ads
4805,2025-02-25,Germany,Facebook
4806,2025-07-06,USA,Facebook
4807,2025-08-20,Germany,Google Ads
4808,2025-09-12,Germany,Google Ads
4809,2025-04-14,USA,Organic
4810,2025-03-18,UK,Facebook
4811,2025-08-18,Canada,Google Ads
4812,2025-09-15,India,Referral
4813,2025-09-21,India,Facebook
4814,2025-11-27,India,Organic
4815,2025-07-01,USA,Referral
4816,2025-09-13,USA,Facebook
4817,2025-02-07,UK,Organic
4818,2025-06-25,India,Referral
4819,2025-01-27,UK,Google Ads
4820,2025-10-03,India,Referral
4821,2025-05-20,USA,Google Ads
4822,2025-10-26,Canada,Google Ads
4823,2025-10-14,Canada,Organic
4824,2025-04-01,Canada,Referral
4825,2025-03-02,Canada,Organic
4826,2025-12-31,Germany,Google Ads
4827,2025-12-13,India,Facebook
4828,2025-06-12,Canada,Organic
4829,2025-12-17,Germany,Google Ads
4830,2025-05-23,Germany,Referral
4831,2025-09-10,Germany,Facebook
4832,2025-09-26,UK,Google Ads
4833,2025-10-18,UK,Google Ads
4834,2025-07-06,Germany,Facebook
4835,2025-10-31,Canada,Organic
4836,2025-10-18,India,Google Ads
4837,2025-03-27,USA,Organic
4838,2025-06-15,UK,Google Ads
4839,2025-04-24,Canada,Facebook
4840,2025-12-22,Canada,Organic
4841,2025-07-02,USA,Google Ads
4842,2025-07-26,USA,Organic
4843,2025-09-13,Canada,Organic
4844,2025-08-23,USA,Organic
4845,2025-12-21,Canada,Facebook
4846,2025-01-03,USA,Organic
4847,2025-07-27,USA,Referral
4848,2025-07-16,Canada,Google Ads
4849,2025-12-07,Germany,Organic
4850,2025-05-05,Canada,Google Ads
4851,2025-05-18,India,Google Ads
4852,2025-12-05,USA,Google Ads
4853,2025-01-25,UK,Referral
4854,2025-03-09,USA,Organic
4855,2025-03-02,India,Google Ads
4856,2025-01-29,UK,Google Ads
4857,2025-01-19,UK,Referral
4858,2025-06-20,Canada,Facebook
4859,2025-03-15,Germany,Facebook
4860,2025-03-02,Canada,Referral
4861,2025-06-02,UK,Organic
4862,2025-10-03,UK,Google Ads
4863,2025-02-17,Germany,Facebook
4864,2025-07-30,USA,Referral
4865,2025-12-09,Germany,Referral
4866,2025-05-19,Canada,Google Ads
4867,2025-04-20,USA,Google Ads
4868,2025-07-02,Canada,Google Ads
4869,2025-01-28,Germany,Facebook
4870,2025-07-16,USA,Organic
4871,2025-07-10,Germany,Google Ads
4872,2025-11-11,India,Organic
4873,2025-02-20,UK,Organic
4874,2025-05-29,USA,Organic
4875,2025-09-25,UK,Referral
4876,2025-02-19,India,Facebook
4877,2025-09-03,USA,Facebook
4878,2025-04-23,UK,Organic
4879,2025-06-19,UK,Organic
4880,2025-06-15,USA,Google Ads
4881,2025-01-14,UK,Organic
4882,2025-07-22,UK,Google Ads
4883,2025-10-15,USA,Google Ads
4884,2025-07-08,UK,Google Ads
4885,2025-06-04,UK,Referral
4886,2025-02-24,Canada,Facebook
4887,2025-07-01,Canada,Google Ads
4888,2025-07-29,India,Referral
4889,2025-03-16,Canada,Organic
4890,2025-10-04,Canada,Organic
4891,2025-05-13,India,Google Ads
4892,2025-12-09,UK,Google Ads
4893,2025-02-28,UK,Facebook
4894,2025-12-11,Canada,Organic
4895,2025-07-01,India,Organic
4896,2025-12-05,UK,Organic
4897,2025-11-17,Germany,Organic
4898,2025-03-05,USA,Google Ads
4899,2025-11-23,USA,Organic
4900,2025-09-17,USA,Facebook
4901,2025-07-12,Canada,Google Ads
4902,2025-05-23,USA,Google Ads
4903,2025-04-14,USA,Organic
4904,2025-08-02,Germany,Referral
4905,2025-08-30,UK,Google Ads
4906,2025-07-28,Germany,Google Ads
4907,2025-04-03,Canada,Google Ads
4908,2025-05-22,USA,Referral
4909,2025-04-22,UK,Organic
4910,2025-02-28,USA,Referral
4911,2025-02-12,USA,Referral
4912,2025-07-26,Canada,Facebook
4913,2025-09-25,USA,Google Ads
4914,2025-10-23,India,Facebook
4915,2025-04-28,UK,Google Ads
4916,2025-01-20,UK,Google Ads
4917,2025-08-10,India,Google Ads
4918,2025-06-15,Canada,Organic
4919,2025-05-11,USA,Facebook
4920,2025-06-05,USA,Facebook
4921,2025-07-03,UK,Organic
4922,2025-03-31,Canada,Google Ads
4923,2025-04-04,Canada,Organic
4924,2025-01-13,Canada,Organic
4925,2025-11-18,USA,Google Ads
4926,2025-10-20,Canada,Organic
4927,2025-08-18,India,Facebook
4928,2025-11-18,Germany,Google Ads
4929,2025-10-19,Canada,Google Ads
4930,2025-01-26,Germany,Referral
4931,2025-03-16,USA,Google Ads
4932,2025-12-30,Canada,Facebook
4933,2025-10-26,UK,Organic
4934,2025-05-30,USA,Facebook
4935,2025-05-28,India,Google Ads
4936,2025-01-08,India,Referral
4937,2025-01-29,Germany,Facebook
4938,2025-10-23,Germany,Organic
4939,2025-07-28,UK,Organic
4940,2025-05-08,UK,Organic
4941,2025-12-06,India,Referral
4942,2025-04-26,Canada,Organic
4943,2025-05-24,India,Organic
4944,2025-11-14,India,Referral
4945,2025-08-23,UK,Referral
4946,2025-01-07,Germany,Referral
4947,2025-02-14,UK,Organic
4948,2025-08-27,UK,Google Ads
4949,2025-06-04,UK,Organic
4950,2025-06-30,India,Google Ads
4951,2025-08-03,Canada,Facebook
4952,2025-03-29,India,Google Ads
4953,2025-09-13,USA,Referral
4954,2025-03-14,UK,Facebook
4955,2025-06-28,UK,Organic
4956,2025-07-31,USA,Organic
4957,2025-10-20,UK,Google Ads
4958,2025-08-22,UK,Organic
4959,2025-08-27,UK,Organic
4960,2025-08-11,USA,Referral
4961,2025-04-29,India,Google Ads
4962,2025-11-09,UK,Google Ads
4963,2025-09-21,Canada,Organic
4964,2025-07-26,USA,Google Ads
4965,2025-04-05,Germany,Google Ads
4966,2025-08-10,USA,Google Ads
4967,2025-10-03,India,Organic
4968,2025-08-19,USA,Google Ads
4969,2025-11-05,Germany,Organic
4970,2025-04-29,Canada,Referral
4971,2025-09-25,Germany,Organic
4972,2025-09-30,USA,Facebook
4973,2025-03-05,Germany,Facebook
4974,2025-10-25,USA,Google Ads
4975,2025-12-16,Canada,Google Ads
4976,2025-01-11,Canada,Google Ads
4977,2025-04-08,India,Facebook
4978,2025-03-12,Canada,Organic
4979,2025-12-30,UK,Referral
4980,2025-02-27,Germany,Referral
4981,2025-10-17,Germany,Google Ads
4982,2025-09-08,USA,Organic
4983,2025-10-03,Canada,Google Ads
4984,2025-02-19,India,Organic
4985,2025-12-24,India,Google Ads
4986,2025-08-04,India,Referral
4987,2025-02-21,UK,Referral
4988,2025-09-28,Canada,Google Ads
4989,2025-03-25,India,Organic
4990,2025-10-20,UK,Organic
4991,2025-05-06,Germany,Facebook
4992,2025-10-23,USA,Organic
4993,2025-03-13,Canada,Organic
4994,2025-10-23,Canada,Referral
4995,2025-08-24,Germany,Organic
4996,2025-02-25,Canada,Organic
4997,2025-12-26,Canada,Organic
4998,2025-04-20,Canada,Referral
4999,2025-07-11,Canada,Facebook
5000,2025-04-03,UK,Google Ads
5001,2025-12-16,UK,Organic
5002,2025-02-25,USA,Referral
5003,2025-03-01,Canada,Google Ads
5004,2025-05-18,Germany,Facebook
5005,2025-02-08,India,Google Ads
5006,2025-01-28,USA,Organic
5007,2025-02-18,India,Referral
5008,2025-05-05,India,Facebook
5009,2025-01-13,Canada,Facebook
5010,2025-02-05,Germany,Referral
5011,2025-04-11,India,Google Ads
5012,2025-10-09,India,Referral
5013,2025-03-27,USA,Facebook
5014,2025-01-04,Germany,Organic
5015,2025-08-11,Germany,Facebook
5016,2025-12-04,India,Organic
5017,2025-06-15,Germany,Referral
5018,2025-12-10,USA,Referral
5019,2025-10-05,USA,Organic
5020,2025-05-10,USA,Google Ads
5021,2025-01-31,Canada,Facebook
5022,2025-01-11,India,Facebook
5023,2025-10-29,Germany,Referral
5024,2025-04-06,USA,Facebook
5025,2025-07-09,India,Referral
5026,2025-07-11,India,Referral
5027,2025-09-23,Canada,Organic
5028,2025-05-08,Germany,Referral
5029,2025-08-26,Germany,Referral
5030,2025-12-21,USA,Organic
5031,2025-04-22,USA,Organic
5032,2025-11-12,India,Organic
5033,2025-12-09,Germany,Google Ads
5034,2025-05-25,Germany,Organic
5035,2025-03-06,USA,Google Ads
5036,2025-09-04,UK,Google Ads
5037,2025-08-11,India,Referral
5038,2025-11-09,Germany,Organic
5039,2025-04-16,Canada,Google Ads
5040,2025-06-30,Canada,Facebook
5041,2025-07-03,UK,Referral
5042,2025-08-14,USA,Referral
5043,2025-09-22,USA,Google Ads
5044,2025-10-05,USA,Referral
5045,2025-03-30,Canada,Facebook
5046,2025-06-25,USA,Organic
5047,2025-01-18,Canada,Organic
5048,2025-04-16,UK,Referral
5049,2025-09-28,India,Referral
5050,2025-11-15,Germany,Google Ads
5051,2025-06-16,UK,Organic
5052,2025-01-13,Canada,Facebook
5053,2025-12-03,UK,Facebook
5054,2025-02-01,Germany,Organic
5055,2025-02-09,India,Facebook
5056,2025-05-28,Germany,Facebook
5057,2025-08-06,Canada,Google Ads
5058,2025-08-07,Germany,Organic
5059,2025-03-23,UK,Organic
5060,2025-11-29,USA,Facebook
5061,2025-07-27,UK,Referral
5062,2025-07-20,Canada,Google Ads
5063,2025-11-28,India,Organic
5064,2025-02-07,Germany,Organic
5065,2025-07-30,India,Google Ads
5066,2025-11-23,Canada,Google Ads
5067,2025-09-06,Germany,Referral
5068,2025-08-15,UK,Facebook
5069,2025-02-17,UK,Facebook
5070,2025-01-18,Canada,Facebook
5071,2025-10-22,Germany,Referral
5072,2025-07-15,UK,Facebook
5073,2025-07-06,Canada,Referral
5074,2025-12-11,Canada,Facebook
5075,2025-08-12,India,Facebook
5076,2025-11-14,UK,Google Ads
5077,2025-12-31,Germany,Organic
5078,2025-12-03,UK,Organic
5079,2025-08-17,UK,Facebook
5080,2025-03-18,UK,Google Ads
5081,2025-07-07,Canada,Facebook
5082,2025-12-12,USA,Google Ads
5083,2025-09-27,USA,Facebook
5084,2025-04-05,India,Referral
5085,2025-11-06,UK,Organic
5086,2025-05-12,USA,Google Ads
5087,2025-02-08,India,Referral
5088,2025-03-13,Canada,Referral
5089,2025-10-08,UK,Facebook
5090,2025-11-29,Germany,Facebook
5091,2025-06-09,Canada,Referral
5092,2025-07-06,India,Organic
5093,2025-07-10,Canada,Facebook
5094,2025-04-30,Germany,Organic
5095,2025-08-08,Canada,Google Ads
5096,2025-02-22,India,Referral
5097,2025-08-10,Germany,Facebook
5098,2025-05-11,Germany,Organic
5099,2025-08-25,Canada,Google Ads
5100,2025-09-03,Germany,Facebook
5101,2025-08-14,Canada,Facebook
5102,2025-07-27,UK,Facebook
5103,2025-04-06,Germany,Organic
5104,2025-07-19,Canada,Google Ads
5105,2025-09-04,UK,Google Ads
5106,2025-03-13,Germany,Organic
5107,2025-11-14,UK,Organic
5108,2025-07-04,Germany,Google Ads
5109,2025-01-06,India,Google Ads
5110,2025-07-25,India,Referral
5111,2025-02-01,Canada,Google Ads
5112,2025-04-09,USA,Referral
5113,2025-09-13,India,Facebook
5114,2025-07-06,USA,Organic
5115,2025-03-17,UK,Google Ads
5116,2025-06-26,UK,Organic
5117,2025-11-11,USA,Google Ads
5118,2025-10-14,Canada,Facebook
5119,2025-12-15,Germany,Google Ads
5120,2025-09-12,USA,Organic
5121,2025-11-21,USA,Referral
5122,2025-07-09,USA,Facebook
5123,2025-11-04,USA,Facebook
5124,2025-12-11,USA,Organic
5125,2025-05-07,Canada,Referral
5126,2025-10-14,India,Organic
5127,2025-09-11,Germany,Referral
5128,2025-08-01,India,Facebook
5129,2025-09-07,USA,Google Ads
5130,2025-03-25,India,Google Ads
5131,2025-01-13,Canada,Organic
5132,2025-02-14,UK,Facebook
5133,2025-05-07,India,Google Ads
5134,2025-04-24,Germany,Google Ads
5135,2025-10-03,Canada,Facebook
5136,2025-07-24,UK,Google Ads
5137,2025-12-03,Canada,Google Ads
5138,2025-09-30,USA,Referral
5139,2025-02-27,UK,Facebook
5140,2025-11-24,Germany,Google Ads
5141,2025-08-07,UK,Organic
5142,2025-04-19,Germany,Referral
5143,2025-10-06,USA,Organic
5144,2025-06-23,Germany,Google Ads
5145,2025-11-24,Canada,Referral
5146,2025-09-21,India,Facebook
5147,2025-11-11,Canada,Facebook
5148,2025-04-21,Canada,Organic
5149,2025-07-06,UK,Organic
5150,2025-09-26,USA,Organic
5151,2025-08-17,India,Referral
5152,2025-06-05,Germany,Organic
5153,2025-07-08,UK,Referral
5154,2025-09-29,USA,Organic
5155,2025-01-02,India,Facebook
5156,2025-09-03,Canada,Facebook
5157,2025-07-29,USA,Google Ads
5158,2025-10-13,USA,Google Ads
5159,2025-12-25,USA,Organic
5160,2025-01-13,Canada,Organic
5161,2025-04-06,Germany,Google Ads
5162,2025-08-09,UK,Facebook
5163,2025-08-26,Germany,Google Ads
5164,2025-04-04,India,Referral
5165,2025-12-04,UK,Google Ads
5166,2025-09-26,India,Organic
5167,2025-06-20,Canada,Organic
5168,2025-04-04,Germany,Facebook
5169,2025-05-29,USA,Google Ads
5170,2025-04-22,UK,Facebook
5171,2025-02-24,USA,Organic
5172,2025-12-03,India,Organic
5173,2025-04-26,USA,Organic
5174,2025-05-23,USA,Organic
5175,2025-07-20,Canada,Google Ads
5176,2025-06-29,Canada,Google Ads
5177,2025-07-21,Germany,Referral
5178,2025-12-30,India,Organic
5179,2025-02-22,Canada,Organic
5180,2025-06-29,Canada,Organic
5181,2025-11-09,Germany,Facebook
5182,2025-11-04,UK,Google Ads
5183,2025-05-17,Germany,Organic
5184,2025-07-01,USA,Referral
5185,2025-01-01,USA,Facebook
5186,2025-02-13,Canada,Facebook
5187,2025-08-15,Canada,Google Ads
5188,2025-11-27,Germany,Google Ads
5189,2025-04-08,Germany,Facebook
5190,2025-07-27,India,Referral
5191,2025-09-22,USA,Organic
5192,2025-10-15,Germany,Referral
5193,2025-09-28,UK,Organic
5194,2025-05-20,India,Facebook
5195,2025-08-25,Germany,Referral
5196,2025-03-13,Canada,Facebook
5197,2025-06-04,Germany,Referral
5198,2025-07-09,Canada,Organic
5199,2025-09-25,Canada,Facebook
5200,2025-11-17,USA,Facebook
5201,2025-04-17,USA,Facebook
5202,2025-08-20,Germany,Google Ads
5203,2025-02-11,Germany,Facebook
5204,2025-07-09,UK,Referral
5205,2025-05-19,India,Organic
5206,2025-04-13,India,Google Ads
5207,2025-06-20,Germany,Facebook
5208,2025-12-17,USA,Organic
5209,2025-09-30,UK,Facebook
5210,2025-08-09,India,Facebook
5211,2025-08-01,Germany,Organic
5212,2025-12-07,USA,Facebook
5213,2025-02-25,USA,Google Ads
5214,2025-12-08,USA,Facebook
5215,2025-04-12,Canada,Facebook
5216,2025-07-11,USA,Google Ads
5217,2025-11-06,Germany,Facebook
5218,2025-07-19,UK,Facebook
5219,2025-08-21,Germany,Referral
5220,2025-08-15,USA,Organic
5221,2025-05-19,UK,Organic
5222,2025-12-10,India,Facebook
5223,2025-11-01,India,Google Ads
5224,2025-05-29,Germany,Facebook
5225,2025-04-25,UK,Organic
5226,2025-03-04,Germany,Facebook
5227,2025-04-14,UK,Organic
5228,2025-12-05,UK,Google Ads
5229,2025-12-25,Germany,Referral
5230,2025-06-05,UK,Referral
5231,2025-09-30,USA,Google Ads
5232,2025-01-06,UK,Organic
5233,2025-05-27,UK,Google Ads
5234,2025-07-03,Germany,Organic
5235,2025-01-28,India,Google Ads
5236,2025-02-07,Canada,Google Ads
5237,2025-04-29,UK,Google Ads
5238,2025-10-20,Canada,Referral
5239,2025-09-01,UK,Organic
5240,2025-03-09,Germany,Google Ads
5241,2025-08-02,Germany,Organic
5242,2025-08-06,UK,Google Ads
5243,2025-06-26,Germany,Google Ads
5244,2025-10-26,Germany,Referral
5245,2025-06-13,UK,Google Ads
5246,2025-02-27,India,Organic
5247,2025-09-26,UK,Facebook
5248,2025-11-04,India,Google Ads
5249,2025-02-27,Germany,Facebook
5250,2025-10-15,India,Referral
5251,2025-04-15,Germany,Organic
5252,2025-08-16,India,Google Ads
5253,2025-09-04,India,Organic
5254,2025-07-07,UK,Referral
5255,2025-03-24,India,Google Ads
5256,2025-07-05,Germany,Facebook
5257,2025-09-09,UK,Google Ads
5258,2025-12-21,India,Facebook
5259,2025-08-26,UK,Organic
5260,2025-12-26,Canada,Google Ads
5261,2025-07-03,UK,Google Ads
5262,2025-10-11,Canada,Facebook
5263,2025-07-29,Canada,Facebook
5264,2025-10-31,UK,Organic
5265,2025-10-23,Germany,Organic
5266,2025-04-07,Germany,Google Ads
5267,2025-07-27,Germany,Facebook
5268,2025-05-17,USA,Google Ads
5269,2025-07-03,Canada,Referral
5270,2025-03-17,UK,Facebook
5271,2025-10-14,Germany,Google Ads
5272,2025-05-22,Germany,Google Ads
5273,2025-08-25,UK,Google Ads
5274,2025-01-25,Canada,Google Ads
5275,2025-10-17,UK,Organic
5276,2025-03-08,USA,Organic
5277,2025-09-07,USA,Facebook
5278,2025-04-28,UK,Organic
5279,2025-03-14,Canada,Organic
5280,2025-10-09,Germany,Facebook
5281,2025-12-26,USA,Google Ads
5282,2025-01-10,USA,Google Ads
5283,2025-07-30,Canada,Referral
5284,2025-11-19,USA,Organic
5285,2025-06-01,USA,Google Ads
5286,2025-01-05,Canada,Google Ads
5287,2025-07-14,UK,Organic
5288,2025-10-10,Germany,Facebook
5289,2025-04-23,Germany,Organic
5290,2025-09-28,USA,Google Ads
5291,2025-06-12,Germany,Referral
5292,2025-04-15,UK,Organic
5293,2025-06-30,USA,Google Ads
5294,2025-02-13,Germany,Organic
5295,2025-10-09,India,Google Ads
5296,2025-06-24,India,Facebook
5297,2025-06-11,India,Organic
5298,2025-12-17,India,Facebook
5299,2025-12-06,India,Organic
5300,2025-05-20,USA,Google Ads
5301,2025-05-12,Canada,Organic
5302,2025-03-28,Canada,Facebook
5303,2025-06-25,USA,Organic
5304,2025-07-02,USA,Google Ads
5305,2025-05-09,UK,Facebook
5306,2025-09-03,Canada,Facebook
5307,2025-03-30,India,Facebook
5308,2025-03-07,USA,Facebook
5309,2025-06-07,India,Facebook
5310,2025-05-29,Canada,Referral
5311,2025-12-06,Germany,Google Ads
5312,2025-04-26,Germany,Organic
5313,2025-08-02,USA,Organic
5314,2025-10-21,UK,Facebook
5315,2025-09-10,India,Organic
5316,2025-05-23,USA,Referral
5317,2025-09-07,UK,Facebook
5318,2025-10-29,India,Referral
5319,2025-01-25,Canada,Google Ads
5320,2025-10-04,Germany,Organic
5321,2025-03-11,UK,Facebook
5322,2025-04-23,India,Facebook
5323,2025-12-29,USA,Organic
5324,2025-04-22,India,Facebook
5325,2025-12-30,USA,Facebook
5326,2025-10-30,Germany,Facebook
5327,2025-04-01,Germany,Organic
5328,2025-01-18,India,Facebook
5329,2025-05-29,India,Facebook
5330,2025-08-15,USA,Google Ads
5331,2025-08-02,USA,Organic
5332,2025-12-26,UK,Organic
5333,2025-05-31,UK,Google Ads
5334,2025-07-11,UK,Google Ads
5335,2025-02-09,India,Google Ads
5336,2025-08-30,UK,Referral
5337,2025-05-18,India,Organic
5338,2025-12-11,Germany,Google Ads
5339,2025-06-29,Canada,Organic
5340,2025-07-19,Germany,Google Ads
5341,2025-07-22,India,Google Ads
5342,2025-03-02,India,Referral
5343,2025-07-11,Canada,Referral
5344,2025-01-05,USA,Organic
5345,2025-08-25,USA,Facebook
5346,2025-06-30,USA,Facebook
5347,2025-11-07,UK,Referral
5348,2025-02-06,USA,Organic
5349,2025-02-25,UK,Google Ads
5350,2025-08-25,UK,Facebook
5351,2025-12-24,USA,Referral
5352,2025-12-15,USA,Referral
5353,2025-07-16,Canada,Organic
5354,2025-03-14,Canada,Organic
5355,2025-02-28,UK,Google Ads
5356,2025-08-28,Canada,Organic
5357,2025-01-02,UK,Organic
5358,2025-12-26,India,Google Ads
5359,2025-07-07,UK,Organic
5360,2025-11-03,UK,Referral
5361,2025-01-30,Canada,Google Ads
5362,2025-09-24,India,Organic
5363,2025-04-18,Germany,Organic
5364,2025-11-28,Germany,Organic
5365,2025-03-31,Germany,Organic
5366,2025-07-24,India,Google Ads
5367,2025-08-08,USA,Organic
5368,2025-04-04,India,Facebook
5369,2025-04-13,Canada,Organic
5370,2025-08-11,UK,Facebook
5371,2025-07-05,UK,Google Ads
5372,2025-07-03,Canada,Facebook
5373,2025-06-11,Canada,Google Ads
5374,2025-09-04,UK,Google Ads
5375,2025-01-31,USA,Google Ads
5376,2025-02-21,USA,Organic
5377,2025-12-11,USA,Referral
5378,2025-03-17,Canada,Referral
5379,2025-10-05,UK,Referral
5380,2025-02-09,UK,Organic
5381,2025-04-11,UK,Google Ads
5382,2025-04-21,India,Organic
5383,2025-11-17,India,Organic
5384,2025-09-06,Germany,Google Ads
5385,2025-07-10,India,Organic
5386,2025-07-01,USA,Facebook
5387,2025-12-01,USA,Referral
5388,2025-07-28,USA,Organic
5389,2025-01-22,USA,Referral
5390,2025-06-15,Germany,Google Ads
5391,2025-04-09,USA,Google Ads
5392,2025-07-27,Canada,Referral
5393,2025-01-08,Canada,Google Ads
5394,2025-07-09,Canada,Facebook
5395,2025-06-24,India,Organic
5396,2025-09-30,UK,Referral
5397,2025-01-17,Germany,Google Ads
5398,2025-03-31,Canada,Google Ads
5399,2025-05-21,Canada,Facebook
5400,2025-05-25,USA,Facebook
5401,2025-06-15,Canada,Facebook
5402,2025-12-03,USA,Referral
5403,2025-03-19,USA,Organic
5404,2025-09-19,UK,Referral
5405,2025-06-12,India,Google Ads
5406,2025-01-14,USA,Organic
5407,2025-08-27,USA,Referral
5408,2025-03-13,UK,Organic
5409,2025-05-23,USA,Google Ads
5410,2025-11-06,Germany,Referral
5411,2025-10-10,India,Facebook
5412,2025-09-26,Germany,Organic
5413,2025-08-29,Canada,Google Ads
5414,2025-09-02,India,Organic
5415,2025-06-12,Canada,Referral
5416,2025-03-01,USA,Facebook
5417,2025-01-06,UK,Google Ads
5418,2025-07-16,Germany,Google Ads
5419,2025-02-27,Canada,Google Ads
5420,2025-11-01,USA,Facebook
5421,2025-08-05,Germany,Organic
5422,2025-01-26,Germany,Google Ads
5423,2025-10-30,Canada,Google Ads
5424,2025-01-05,USA,Facebook
5425,2025-01-20,UK,Facebook
5426,2025-07-17,Canada,Organic
5427,2025-02-28,Germany,Organic
5428,2025-08-30,Germany,Referral
5429,2025-05-26,India,Google Ads
5430,2025-09-30,USA,Facebook
5431,2025-09-06,India,Facebook
5432,2025-01-14,UK,Google Ads
5433,2025-01-13,Canada,Organic
5434,2025-02-13,Germany,Organic
5435,2025-01-19,USA,Google Ads
5436,2025-03-04,Germany,Google Ads
5437,2025-08-27,India,Organic
5438,2025-12-03,India,Organic
5439,2025-04-10,Canada,Facebook
5440,2025-06-12,USA,Organic
5441,2025-05-02,USA,Referral
5442,2025-02-13,Canada,Google Ads
5443,2025-12-26,India,Google Ads
5444,2025-11-13,India,Google Ads
5445,2025-05-25,India,Organic
5446,2025-11-23,Germany,Facebook
5447,2025-12-29,UK,Referral
5448,2025-02-19,India,Organic
5449,2025-03-06,UK,Facebook
5450,2025-12-21,UK,Google Ads
5451,2025-10-15,USA,Organic
5452,2025-06-13,Canada,Google Ads
5453,2025-05-21,Germany,Referral
5454,2025-11-10,UK,Facebook
5455,2025-05-08,Germany,Google Ads
5456,2025-08-27,USA,Organic
5457,2025-11-20,India,Google Ads
5458,2025-10-23,UK,Organic
5459,2025-07-06,Canada,Google Ads
5460,2025-07-27,USA,Organic
5461,2025-08-08,Germany,Facebook
5462,2025-07-09,India,Facebook
5463,2025-12-12,Germany,Organic
5464,2025-10-11,Canada,Google Ads
5465,2025-12-18,UK,Facebook
5466,2025-08-25,Canada,Facebook
5467,2025-07-13,Germany,Facebook
5468,2025-10-14,Germany,Referral
5469,2025-09-16,Canada,Google Ads
5470,2025-09-03,Canada,Organic
5471,2025-05-16,Canada,Facebook
5472,2025-10-07,India,Facebook
5473,2025-09-28,Germany,Organic
5474,2025-06-20,USA,Google Ads
5475,2025-06-08,India,Organic
5476,2025-07-20,India,Google Ads
5477,2025-02-14,India,Facebook
5478,2025-09-21,USA,Organic
5479,2025-03-12,Canada,Google Ads
5480,2025-12-30,Germany,Organic
5481,2025-04-13,UK,Google Ads
5482,2025-05-05,UK,Organic
5483,2025-11-09,Germany,Facebook
5484,2025-10-13,USA,Organic
5485,2025-08-18,UK,Referral
5486,2025-05-26,India,Facebook
5487,2025-07-16,UK,Google Ads
5488,2025-08-09,Germany,Referral
5489,2025-03-01,India,Google Ads
5490,2025-04-08,UK,Organic
5491,2025-06-20,Germany,Referral
5492,2025-06-22,USA,Organic
5493,2025-05-31,Germany,Google Ads
5494,2025-12-16,USA,Google Ads
5495,2025-05-02,India,Google Ads
5496,2025-04-18,Germany,Facebook
5497,2025-01-04,Canada,Google Ads
5498,2025-04-03,Canada,Organic
5499,2025-01-06,Canada,Facebook
5500,2025-10-15,Canada,Referral
5501,2025-04-16,Canada,Organic
5502,2025-05-26,USA,Referral
5503,2025-09-28,Germany,Google Ads
5504,2025-04-06,India,Organic
5505,2025-08-17,Canada,Facebook
5506,2025-07-21,Canada,Google Ads
5507,2025-07-31,India,Organic
5508,2025-01-06,India,Organic
5509,2025-04-22,Canada,Google Ads
5510,2025-11-19,USA,Google Ads
5511,2025-04-16,India,Google Ads
5512,2025-05-19,Germany,Organic
5513,2025-10-26,Germany,Referral
5514,2025-04-06,USA,Google Ads
5515,2025-12-03,UK,Facebook
5516,2025-10-24,USA,Referral
5517,2025-08-02,Canada,Facebook
5518,2025-10-18,UK,Organic
5519,2025-01-22,Canada,Google Ads
5520,2025-07-12,Germany,Facebook
5521,2025-05-30,India,Facebook
5522,2025-09-04,Canada,Organic
5523,2025-09-24,Germany,Google Ads
5524,2025-09-08,USA,Google Ads
5525,2025-01-03,Canada,Facebook
5526,2025-11-12,Germany,Organic
5527,2025-03-17,India,Referral
5528,2025-03-28,Canada,Organic
5529,2025-09-27,Germany,Google Ads
5530,2025-08-13,Canada,Referral
5531,2025-01-18,India,Google Ads
5532,2025-04-23,Canada,Facebook
5533,2025-09-08,Canada,Organic
5534,2025-08-21,Germany,Google Ads
5535,2025-11-25,UK,Google Ads
5536,2025-10-06,Canada,Facebook
5537,2025-07-21,UK,Organic
5538,2025-03-24,USA,Facebook
5539,2025-05-05,Canada,Facebook
5540,2025-06-24,UK,Organic
5541,2025-03-10,USA,Organic
5542,2025-02-16,Germany,Organic
5543,2025-09-13,Canada,Facebook
5544,2025-08-03,Germany,Google Ads
5545,2025-01-30,USA,Google Ads
5546,2025-10-08,Germany,Organic
5547,2025-08-25,Germany,Organic
5548,2025-09-05,India,Referral
5549,2025-01-25,USA,Google Ads
5550,2025-03-15,Germany,Google Ads
5551,2025-07-25,UK,Google Ads
5552,2025-11-10,USA,Google Ads
5553,2025-04-04,India,Facebook
5554,2025-05-07,Canada,Referral
5555,2025-01-25,Germany,Organic
5556,2025-11-30,UK,Facebook
5557,2025-12-21,India,Organic
5558,2025-04-26,USA,Google Ads
5559,2025-02-17,Germany,Organic
5560,2025-08-14,India,Organic
5561,2025-09-23,India,Google Ads
5562,2025-04-09,UK,Organic
5563,2025-01-11,Canada,Organic
5564,2025-03-26,Canada,Google Ads
5565,2025-08-02,Canada,Google Ads
5566,2025-06-22,USA,Facebook
5567,2025-07-28,India,Google Ads
5568,2025-03-05,USA,Google Ads
5569,2025-09-15,India,Organic
5570,2025-11-28,UK,Facebook
5571,2025-05-01,UK,Organic
5572,2025-10-25,USA,Referral
5573,2025-02-23,USA,Organic
5574,2025-11-27,UK,Organic
5575,2025-09-29,Germany,Organic
5576,2025-08-29,Canada,Organic
5577,2025-08-31,Canada,Google Ads
5578,2025-01-18,UK,Facebook
5579,2025-07-06,Canada,Organic
5580,2025-12-12,Germany,Organic
5581,2025-05-24,Germany,Referral
5582,2025-09-19,India,Organic
5583,2025-12-30,USA,Referral
5584,2025-08-27,Canada,Google Ads
5585,2025-10-31,Germany,Organic
5586,2025-10-25,USA,Referral
5587,2025-03-17,USA,Google Ads
5588,2025-07-07,India,Google Ads
5589,2025-11-29,USA,Facebook
5590,2025-09-03,USA,Organic
5591,2025-05-10,UK,Google Ads
5592,2025-11-11,India,Organic
5593,2025-10-10,India,Google Ads
5594,2025-03-20,Canada,Facebook
5595,2025-03-13,USA,Referral
5596,2025-09-20,Canada,Google Ads
5597,2025-07-10,Germany,Google Ads
5598,2025-03-04,USA,Facebook
5599,2025-01-12,Germany,Organic
5600,2025-05-21,UK,Google Ads
5601,2025-09-11,USA,Facebook
5602,2025-02-12,Canada,Referral
5603,2025-01-17,Canada,Facebook
5604,2025-03-04,USA,Facebook
5605,2025-09-10,Canada,Facebook
5606,2025-10-19,USA,Facebook
5607,2025-01-08,India,Google Ads
5608,2025-11-21,Canada,Organic
5609,2025-03-31,USA,Referral
5610,2025-07-27,USA,Google Ads
5611,2025-10-19,Canada,Organic
5612,2025-10-11,India,Google Ads
5613,2025-04-28,Canada,Organic
5614,2025-12-15,USA,Facebook
5615,2025-06-24,India,Facebook
5616,2025-03-17,Germany,Facebook
5617,2025-04-11,UK,Google Ads
5618,2025-05-31,Canada,Organic
5619,2025-09-27,USA,Organic
5620,2025-03-12,India,Google Ads
5621,2025-06-29,India,Referral
5622,2025-05-04,Germany,Google Ads
5623,2025-10-20,Canada,Organic
5624,2025-10-12,India,Facebook
5625,2025-07-14,Germany,Facebook
5626,2025-08-16,USA,Google Ads
5627,2025-10-02,Germany,Facebook
5628,2025-04-16,Canada,Google Ads
5629,2025-01-21,Germany,Organic
5630,2025-03-05,India,Organic
5631,2025-06-14,India,Organic
5632,2025-01-27,UK,Referral
5633,2025-11-07,Germany,Referral
5634,2025-10-12,USA,Organic
5635,2025-05-28,Canada,Organic
5636,2025-10-08,UK,Google Ads
5637,2025-11-22,Germany,Organic
5638,2025-11-15,USA,Organic
5639,2025-06-13,UK,Google Ads
5640,2025-08-12,India,Facebook
5641,2025-09-29,Canada,Referral
5642,2025-05-26,Germany,Google Ads
5643,2025-12-22,USA,Facebook
5644,2025-01-30,India,Facebook
5645,2025-02-14,UK,Facebook
5646,2025-10-02,Canada,Google Ads
5647,2025-02-03,UK,Google Ads
5648,2025-05-21,UK,Google Ads
5649,2025-11-14,USA,Referral
5650,2025-08-09,India,Facebook
5651,2025-12-22,Germany,Facebook
5652,2025-01-22,USA,Facebook
5653,2025-06-29,Canada,Google Ads
5654,2025-11-25,UK,Referral
5655,2025-08-19,Canada,Organic
5656,2025-02-07,USA,Facebook
5657,2025-03-11,USA,Facebook
5658,2025-04-26,Germany,Organic
5659,2025-08-27,UK,Facebook
5660,2025-12-01,USA,Google Ads
5661,2025-05-28,Canada,Facebook
5662,2025-01-09,Germany,Referral
5663,2025-10-15,Canada,Google Ads
5664,2025-02-19,UK,Facebook
5665,2025-12-04,Germany,Google Ads
5666,2025-01-05,Germany,Google Ads
5667,2025-12-09,Germany,Organic
5668,2025-05-06,India,Google Ads
5669,2025-03-16,Germany,Referral
5670,2025-06-14,Canada,Facebook
5671,2025-10-05,Canada,Google Ads
5672,2025-11-20,UK,Facebook
5673,2025-10-27,USA,Organic
5674,2025-10-17,USA,Google Ads
5675,2025-03-18,India,Facebook
5676,2025-10-25,Germany,Organic
5677,2025-05-17,India,Google Ads
5678,2025-04-16,UK,Referral
5679,2025-04-05,UK,Google Ads
5680,2025-05-15,USA,Google Ads
5681,2025-03-09,UK,Organic
5682,2025-05-27,Germany,Google Ads
5683,2025-06-08,Canada,Organic
5684,2025-06-12,UK,Facebook
5685,2025-12-07,India,Google Ads
5686,2025-07-08,Germany,Referral
5687,2025-12-05,UK,Organic
5688,2025-04-05,UK,Facebook
5689,2025-06-30,Germany,Facebook
5690,2025-10-15,UK,Google Ads
5691,2025-11-18,Canada,Organic
5692,2025-07-06,USA,Organic
5693,2025-05-18,Germany,Google Ads
5694,2025-05-10,India,Facebook
5695,2025-07-13,UK,Facebook
5696,2025-11-12,USA,Facebook
5697,2025-09-30,India,Organic
5698,2025-12-18,India,Google Ads
5699,2025-05-24,Canada,Google Ads
5700,2025-01-16,USA,Google Ads
5701,2025-10-29,Germany,Facebook
5702,2025-09-02,USA,Google Ads
5703,2025-04-17,USA,Referral
5704,2025-03-29,India,Organic
5705,2025-05-09,Canada,Google Ads
5706,2025-12-07,Canada,Organic
5707,2025-01-04,USA,Organic
5708,2025-11-23,USA,Google Ads
5709,2025-11-02,UK,Google Ads
5710,2025-04-05,India,Google Ads
5711,2025-07-28,Germany,Google Ads
5712,2025-08-13,Germany,Organic
5713,2025-12-14,Canada,Facebook
5714,2025-11-17,India,Referral
5715,2025-02-16,Canada,Organic
5716,2025-06-30,Germany,Google Ads
5717,2025-04-16,USA,Organic
5718,2025-07-18,India,Google Ads
5719,2025-04-16,India,Google Ads
5720,2025-10-07,UK,Organic
5721,2025-09-17,USA,Facebook
5722,2025-04-18,USA,Facebook
5723,2025-01-19,Canada,Organic
5724,2025-10-23,India,Referral
5725,2025-11-02,Canada,Facebook
5726,2025-06-20,USA,Facebook
5727,2025-11-27,UK,Facebook
5728,2025-07-14,India,Organic
5729,2025-01-12,USA,Google Ads
5730,2025-07-14,UK,Referral
5731,2025-10-10,Germany,Organic
5732,2025-07-01,USA,Organic
5733,2025-11-01,Germany,Referral
5734,2025-05-24,Canada,Referral
5735,2025-11-12,Germany,Google Ads
5736,2025-07-01,USA,Google Ads
5737,2025-01-30,Germany,Organic
5738,2025-03-25,India,Referral
5739,2025-06-15,USA,Organic
5740,2025-10-11,UK,Facebook
5741,2025-10-08,Germany,Organic
5742,2025-04-06,India,Google Ads
5743,2025-09-23,Canada,Referral
5744,2025-10-25,Canada,Facebook
5745,2025-10-23,Germany,Referral
5746,2025-08-13,Canada,Facebook
5747,2025-11-29,UK,Referral
5748,2025-12-27,USA,Facebook
5749,2025-02-11,India,Organic
5750,2025-10-30,Germany,Referral
5751,2025-09-03,Canada,Organic
5752,2025-07-27,USA,Organic
5753,2025-08-25,UK,Google Ads
5754,2025-01-22,Canada,Facebook
5755,2025-07-04,Canada,Referral
5756,2025-08-30,India,Google Ads
5757,2025-12-29,UK,Organic
5758,2025-10-10,UK,Organic
5759,2025-02-10,Germany,Google Ads
5760,2025-12-02,India,Google Ads
5761,2025-06-11,Germany,Facebook
5762,2025-06-09,India,Google Ads
5763,2025-03-30,UK,Referral
5764,2025-11-18,India,Organic
5765,2025-01-12,India,Facebook
5766,2025-03-14,India,Google Ads
5767,2025-03-17,USA,Organic
5768,2025-12-12,USA,Facebook
5769,2025-07-20,UK,Google Ads
5770,2025-01-10,India,Facebook
5771,2025-12-18,UK,Referral
5772,2025-08-14,USA,Google Ads
5773,2025-06-25,India,Facebook
5774,2025-10-03,Germany,Referral
5775,2025-02-08,USA,Google Ads
5776,2025-03-01,USA,Referral
5777,2025-03-07,USA,Facebook
5778,2025-11-17,India,Google Ads
5779,2025-05-04,Canada,Google Ads
5780,2025-06-13,Germany,Google Ads
5781,2025-06-08,Germany,Google Ads
5782,2025-02-26,UK,Google Ads
5783,2025-03-19,India,Facebook
5784,2025-07-13,USA,Google Ads
5785,2025-10-12,Canada,Organic
5786,2025-01-15,India,Organic
5787,2025-01-12,India,Referral
5788,2025-04-11,Canada,Facebook
5789,2025-06-05,USA,Referral
5790,2025-12-06,India,Google Ads
5791,2025-05-05,Germany,Google Ads
5792,2025-12-25,Germany,Google Ads
5793,2025-10-07,Canada,Organic
5794,2025-04-20,USA,Referral
5795,2025-11-30,Canada,Organic
5796,2025-12-23,India,Facebook
5797,2025-05-26,Germany,Organic
5798,2025-08-04,UK,Google Ads
5799,2025-06-11,Canada,Facebook
5800,2025-05-08,UK,Facebook
5801,2025-11-10,UK,Google Ads
5802,2025-11-28,Germany,Google Ads
5803,2025-05-30,Canada,Organic
5804,2025-02-05,UK,Facebook
5805,2025-06-22,India,Facebook
5806,2025-01-22,USA,Facebook
5807,2025-07-25,USA,Referral
5808,2025-05-07,Germany,Facebook
5809,2025-12-02,Canada,Google Ads
5810,2025-12-22,Canada,Facebook
5811,2025-08-05,USA,Organic
5812,2025-04-06,India,Google Ads
5813,2025-06-13,USA,Facebook
5814,2025-05-28,USA,Facebook
5815,2025-01-18,Canada,Facebook
5816,2025-10-21,UK,Facebook
5817,2025-07-14,India,Organic
5818,2025-05-31,Canada,Referral
5819,2025-12-31,USA,Referral
5820,2025-05-03,UK,Organic
5821,2025-07-06,India,Facebook
5822,2025-05-29,Germany,Organic
5823,2025-04-14,India,Organic
5824,2025-08-31,India,Organic
5825,2025-08-19,USA,Google Ads
5826,2025-07-25,USA,Google Ads
5827,2025-07-17,Germany,Referral
5828,2025-12-03,Germany,Referral
5829,2025-03-28,Germany,Organic
5830,2025-05-22,Canada,Referral
5831,2025-11-13,Canada,Organic
5832,2025-07-18,USA,Facebook
5833,2025-02-15,USA,Facebook
5834,2025-10-15,Germany,Organic
5835,2025-01-15,Canada,Facebook
5836,2025-02-13,UK,Referral
5837,2025-06-18,Canada,Facebook
5838,2025-11-06,USA,Organic
5839,2025-02-13,Canada,Organic
5840,2025-04-08,USA,Google Ads
5841,2025-09-18,Germany,Google Ads
5842,2025-04-19,Germany,Organic
5843,2025-10-10,Germany,Google Ads
5844,2025-12-09,UK,Organic
5845,2025-04-14,UK,Google Ads
5846,2025-09-13,USA,Facebook
5847,2025-07-25,India,Google Ads
5848,2025-12-01,UK,Google Ads
5849,2025-02-12,USA,Google Ads
5850,2025-12-19,Canada,Referral
5851,2025-09-02,Germany,Facebook
5852,2025-10-14,Germany,Referral
5853,2025-12-21,Germany,Referral
5854,2025-09-30,USA,Referral
5855,2025-03-24,Germany,Facebook
5856,2025-04-20,UK,Organic
5857,2025-07-09,Canada,Google Ads
5858,2025-10-15,Germany,Google Ads
5859,2025-09-08,USA,Referral
5860,2025-07-31,Canada,Google Ads
5861,2025-10-18,Germany,Referral
5862,2025-05-13,India,Organic
5863,2025-07-20,Germany,Facebook
5864,2025-10-12,UK,Google Ads
5865,2025-11-22,Canada,Organic
5866,2025-04-05,UK,Organic
5867,2025-10-05,India,Organic
5868,2025-11-21,India,Facebook
5869,2025-08-07,UK,Google Ads
5870,2025-03-30,Canada,Facebook
5871,2025-03-13,India,Facebook
5872,2025-09-04,India,Google Ads
5873,2025-05-09,Germany,Google Ads
5874,2025-07-31,USA,Facebook
5875,2025-12-09,India,Organic
5876,2025-04-06,Canada,Organic
5877,2025-03-16,Canada,Google Ads
5878,2025-02-23,Germany,Organic
5879,2025-12-10,Canada,Organic
5880,2025-02-23,Germany,Facebook
5881,2025-08-06,India,Facebook
5882,2025-01-16,India,Facebook
5883,2025-04-09,India,Google Ads
5884,2025-01-20,India,Facebook
5885,2025-02-15,USA,Facebook
5886,2025-07-12,USA,Organic
5887,2025-02-27,India,Referral
5888,2025-04-21,Canada,Facebook
5889,2025-05-09,Germany,Organic
5890,2025-12-03,UK,Organic
5891,2025-07-13,Germany,Google Ads
5892,2025-12-06,UK,Referral
5893,2025-11-22,UK,Google Ads
5894,2025-01-08,India,Referral
5895,2025-01-29,UK,Google Ads
5896,2025-04-22,India,Facebook
5897,2025-06-10,USA,Organic
5898,2025-05-11,Canada,Referral
5899,2025-07-07,UK,Google Ads
5900,2025-06-12,Canada,Organic
5901,2025-07-16,India,Organic
5902,2025-12-30,UK,Google Ads
5903,2025-07-23,Germany,Facebook
5904,2025-07-31,USA,Facebook
5905,2025-04-19,USA,Facebook
5906,2025-10-03,UK,Organic
5907,2025-03-14,USA,Referral
5908,2025-06-16,Germany,Organic
5909,2025-09-17,Canada,Referral
5910,2025-08-31,Germany,Google Ads
5911,2025-10-02,USA,Google Ads
5912,2025-04-12,Canada,Referral
5913,2025-06-22,Germany,Referral
5914,2025-06-20,India,Google Ads
5915,2025-05-21,India,Facebook
5916,2025-07-07,Canada,Organic
5917,2025-03-27,Canada,Google Ads
5918,2025-02-21,Canada,Google Ads
5919,2025-04-21,India,Organic
5920,2025-12-31,Germany,Referral
5921,2025-12-08,Canada,Organic
5922,2025-02-12,India,Organic
5923,2025-07-30,Canada,Facebook
5924,2025-07-19,Canada,Organic
5925,2025-10-25,Canada,Google Ads
5926,2025-12-12,India,Referral
5927,2025-08-28,Germany,Facebook
5928,2025-04-25,India,Organic
5929,2025-01-26,India,Referral
5930,2025-10-26,Canada,Google Ads
5931,2025-03-18,UK,Referral
5932,2025-05-17,UK,Facebook
5933,2025-01-20,UK,Facebook
5934,2025-07-30,India,Google Ads
5935,2025-08-28,Canada,Referral
5936,2025-02-08,UK,Referral
5937,2025-09-25,USA,Google Ads
5938,2025-07-26,USA,Google Ads
5939,2025-09-24,USA,Referral
5940,2025-06-03,Germany,Google Ads
5941,2025-02-11,Canada,Organic
5942,2025-01-11,India,Organic
5943,2025-10-21,India,Referral
5944,2025-04-08,Canada,Organic
5945,2025-10-02,Germany,Facebook
5946,2025-08-18,Canada,Referral
5947,2025-08-08,Germany,Google Ads
5948,2025-03-06,UK,Google Ads
5949,2025-12-21,UK,Google Ads
5950,2025-08-20,Germany,Referral
5951,2025-11-24,Canada,Organic
5952,2025-02-21,UK,Google Ads
5953,2025-09-20,Canada,Organic
5954,2025-09-24,UK,Facebook
5955,2025-12-25,Canada,Referral
5956,2025-11-13,Canada,Google Ads
5957,2025-11-20,USA,Organic
5958,2025-06-03,Germany,Organic
5959,2025-12-24,India,Google Ads
5960,2025-05-20,Germany,Referral
5961,2025-02-20,Canada,Google Ads
5962,2025-04-27,Canada,Organic
5963,2025-02-15,Germany,Organic
5964,2025-11-05,Canada,Organic
5965,2025-03-29,UK,Google Ads
5966,2025-07-27,Canada,Referral
5967,2025-09-26,Germany,Google Ads
5968,2025-03-30,Germany,Organic
5969,2025-04-28,Germany,Organic
5970,2025-02-23,USA,Referral
5971,2025-04-26,USA,Organic
5972,2025-04-28,USA,Google Ads
5973,2025-09-17,USA,Organic
5974,2025-03-16,USA,Google Ads
5975,2025-11-01,USA,Google Ads
5976,2025-01-07,USA,Referral
5977,2025-05-02,Germany,Organic
5978,2025-01-11,India,Google Ads
5979,2025-12-14,USA,Organic
5980,2025-08-03,Germany,Google Ads
5981,2025-10-06,India,Google Ads
5982,2025-01-28,USA,Google Ads
5983,2025-08-23,India,Organic
5984,2025-11-09,India,Organic
5985,2025-01-26,UK,Organic
5986,2025-02-23,Canada,Google Ads
5987,2025-01-29,UK,Organic
5988,2025-12-19,India,Facebook
5989,2025-06-13,Germany,Facebook
5990,2025-09-27,USA,Referral
5991,2025-11-30,Canada,Facebook
5992,2025-02-04,USA,Organic
5993,2025-10-13,Germany,Referral
5994,2025-12-14,Canada,Facebook
5995,2025-09-30,UK,Organic
5996,2025-07-27,India,Organic
5997,2025-08-26,Germany,Google Ads
5998,2025-04-03,India,Organic
5999,2025-06-22,India,Organic
6000,2025-03-20,USA,Google Ads
6001,2025-04-20,Germany,Google Ads
6002,2025-08-05,India,Referral
6003,2025-12-24,UK,Organic
6004,2025-04-16,Canada,Google Ads
6005,2025-02-16,Germany,Google Ads
6006,2025-06-30,USA,Organic
6007,2025-03-05,Germany,Google Ads
6008,2025-09-03,USA,Google Ads
6009,2025-09-01,Canada,Organic
6010,2025-11-16,UK,Organic
6011,2025-03-28,India,Facebook
6012,2025-08-05,Germany,Google Ads
6013,2025-01-07,USA,Facebook
6014,2025-10-05,Canada,Google Ads
6015,2025-12-03,India,Facebook
6016,2025-07-29,Canada,Google Ads
6017,2025-06-18,UK,Google Ads
6018,2025-11-26,India,Facebook
6019,2025-05-18,India,Referral
6020,2025-11-02,India,Google Ads
6021,2025-08-18,USA,Facebook
6022,2025-11-04,India,Facebook
6023,2025-06-10,Canada,Facebook
6024,2025-01-01,USA,Organic
6025,2025-08-24,India,Facebook
6026,2025-07-07,Canada,Organic
6027,2025-01-04,Canada,Google Ads
6028,2025-05-12,Germany,Referral
6029,2025-08-06,Canada,Google Ads
6030,2025-09-17,UK,Google Ads
6031,2025-01-01,India,Google Ads
6032,2025-03-12,India,Google Ads
6033,2025-06-27,India,Facebook
6034,2025-07-08,Canada,Facebook
6035,2025-10-18,Canada,Organic
6036,2025-01-08,India,Google Ads
6037,2025-09-10,USA,Facebook
6038,2025-10-19,USA,Facebook
6039,2025-09-01,UK,Organic
6040,2025-05-03,Germany,Google Ads
6041,2025-10-26,UK,Google Ads
6042,2025-10-10,India,Facebook
6043,2025-02-01,India,Organic
6044,2025-11-30,India,Organic
6045,2025-05-26,Germany,Google Ads
6046,2025-06-05,Canada,Google Ads
6047,2025-01-16,Germany,Google Ads
6048,2025-12-21,UK,Facebook
6049,2025-02-16,Canada,Organic
6050,2025-09-08,Canada,Google Ads
6051,2025-07-06,UK,Facebook
6052,2025-01-31,Canada,Organic
6053,2025-09-17,USA,Facebook
6054,2025-01-17,UK,Google Ads
6055,2025-02-08,UK,Facebook
6056,2025-10-31,USA,Facebook
6057,2025-02-08,Germany,Referral
6058,2025-05-12,Germany,Organic
6059,2025-01-30,Germany,Google Ads
6060,2025-06-07,Canada,Google Ads
6061,2025-10-05,USA,Facebook
6062,2025-07-22,UK,Facebook
6063,2025-03-07,UK,Referral
6064,2025-04-18,UK,Facebook
6065,2025-09-25,Canada,Referral
6066,2025-08-10,Canada,Facebook
6067,2025-10-19,Germany,Referral
6068,2025-01-18,Canada,Organic
6069,2025-03-31,Germany,Organic
6070,2025-06-30,Germany,Facebook
6071,2025-09-12,UK,Organic
6072,2025-09-10,Canada,Google Ads
6073,2025-09-14,Germany,Referral
6074,2025-12-12,USA,Organic
6075,2025-03-28,USA,Facebook
6076,2025-03-31,Canada,Referral
6077,2025-08-25,UK,Referral
6078,2025-03-11,UK,Organic
6079,2025-02-13,Germany,Google Ads
6080,2025-07-19,Canada,Referral
6081,2025-06-01,USA,Organic
6082,2025-03-27,Germany,Organic
6083,2025-01-19,Germany,Referral
6084,2025-04-11,India,Google Ads
6085,2025-04-05,Canada,Google Ads
6086,2025-09-11,Germany,Organic
6087,2025-12-23,USA,Google Ads
6088,2025-01-30,India,Organic
6089,2025-09-06,USA,Google Ads
6090,2025-02-02,UK,Google Ads
6091,2025-08-17,India,Facebook
6092,2025-01-12,India,Facebook
6093,2025-04-28,Germany,Google Ads
6094,2025-12-16,UK,Google Ads
6095,2025-06-04,Germany,Facebook
6096,2025-09-03,Canada,Organic
6097,2025-11-28,USA,Referral
6098,2025-09-04,USA,Google Ads
6099,2025-01-29,Germany,Facebook
6100,2025-06-10,USA,Google Ads
6101,2025-08-23,USA,Facebook
6102,2025-07-09,Canada,Referral
6103,2025-04-27,UK,Facebook
6104,2025-09-28,India,Facebook
6105,2025-09-15,Germany,Google Ads
6106,2025-06-29,Germany,Referral
6107,2025-06-21,Canada,Facebook
6108,2025-10-01,Canada,Organic
6109,2025-09-16,India,Facebook
6110,2025-05-15,UK,Google Ads
6111,2025-06-20,Germany,Organic
6112,2025-07-29,Canada,Google Ads
6113,2025-08-24,Germany,Organic
6114,2025-07-05,USA,Organic
6115,2025-12-30,Germany,Google Ads
6116,2025-04-05,UK,Google Ads
6117,2025-01-11,UK,Organic
6118,2025-03-09,Germany,Facebook
6119,2025-07-29,USA,Google Ads
6120,2025-07-15,UK,Google Ads
6121,2025-04-08,Canada,Organic
6122,2025-04-03,Germany,Referral
6123,2025-01-22,USA,Organic
6124,2025-06-21,Canada,Facebook
6125,2025-05-14,Germany,Facebook
6126,2025-01-25,USA,Google Ads
6127,2025-07-04,Canada,Google Ads
6128,2025-03-26,UK,Organic
6129,2025-02-24,Germany,Organic
6130,2025-09-08,Germany,Organic
6131,2025-05-24,UK,Facebook
6132,2025-12-17,India,Referral
6133,2025-06-16,Canada,Referral
6134,2025-08-12,UK,Facebook
6135,2025-08-08,Germany,Google Ads
6136,2025-06-28,Canada,Facebook
6137,2025-04-29,Canada,Google Ads
6138,2025-09-22,India,Referral
6139,2025-05-30,Germany,Facebook
6140,2025-08-03,USA,Organic
6141,2025-07-16,India,Organic
6142,2025-02-11,India,Facebook
6143,2025-02-22,USA,Google Ads
6144,2025-11-26,USA,Referral
6145,2025-09-08,India,Google Ads
6146,2025-10-22,Canada,Organic
6147,2025-09-28,UK,Organic
6148,2025-05-03,UK,Google Ads
6149,2025-12-05,India,Referral
6150,2025-09-23,Canada,Facebook
6151,2025-12-14,USA,Organic
6152,2025-01-29,India,Organic
6153,2025-02-04,Germany,Facebook
6154,2025-01-06,Canada,Google Ads
6155,2025-04-21,Germany,Organic
6156,2025-10-21,Germany,Organic
6157,2025-03-18,India,Google Ads
6158,2025-12-15,Canada,Organic
6159,2025-05-27,Germany,Organic
6160,2025-03-08,Canada,Facebook
6161,2025-01-08,UK,Google Ads
6162,2025-05-02,Germany,Facebook
6163,2025-12-06,Germany,Google Ads
6164,2025-06-24,Canada,Facebook
6165,2025-06-28,UK,Referral
6166,2025-03-26,Germany,Google Ads
6167,2025-02-14,India,Google Ads
6168,2025-05-16,Canada,Organic
6169,2025-12-09,Canada,Google Ads
6170,2025-01-16,Germany,Google Ads
6171,2025-11-29,UK,Organic
6172,2025-07-14,Germany,Organic
6173,2025-01-09,USA,Organic
6174,2025-11-12,Germany,Organic
6175,2025-11-30,USA,Facebook
6176,2025-11-29,India,Referral
6177,2025-11-23,Canada,Google Ads
6178,2025-01-15,Canada,Facebook
6179,2025-11-23,UK,Facebook
6180,2025-04-12,Germany,Google Ads
6181,2025-08-14,India,Facebook
6182,2025-10-05,USA,Organic
6183,2025-04-23,UK,Facebook
6184,2025-01-01,India,Facebook
6185,2025-09-23,India,Organic
6186,2025-07-27,USA,Organic
6187,2025-04-20,USA,Google Ads
6188,2025-07-19,Canada,Facebook
6189,2025-11-02,Germany,Google Ads
6190,2025-01-12,UK,Google Ads
6191,2025-12-11,Germany,Organic
6192,2025-07-07,UK,Google Ads
6193,2025-06-03,India,Google Ads
6194,2025-11-30,USA,Google Ads
6195,2025-10-06,USA,Organic
6196,2025-06-20,India,Google Ads
6197,2025-05-14,India,Organic
6198,2025-01-25,UK,Google Ads
6199,2025-01-18,India,Organic
6200,2025-07-09,UK,Referral
6201,2025-05-21,Germany,Facebook
6202,2025-02-12,USA,Organic
6203,2025-11-30,USA,Organic
6204,2025-10-11,USA,Organic
6205,2025-05-26,Germany,Organic
6206,2025-11-11,Germany,Google Ads
6207,2025-11-15,Canada,Facebook
6208,2025-04-02,UK,Referral
6209,2025-06-28,UK,Facebook
6210,2025-02-25,Canada,Referral
6211,2025-06-04,USA,Organic
6212,2025-06-09,UK,Facebook
6213,2025-04-21,UK,Organic
6214,2025-05-17,USA,Organic
6215,2025-08-20,India,Facebook
6216,2025-08-08,India,Google Ads
6217,2025-03-09,Canada,Organic
6218,2025-10-29,Germany,Referral
6219,2025-09-06,UK,Organic
6220,2025-11-19,UK,Google Ads
6221,2025-01-06,Canada,Google Ads
6222,2025-10-07,Canada,Referral
6223,2025-04-04,UK,Google Ads
6224,2025-09-26,USA,Facebook
6225,2025-07-16,USA,Google Ads
6226,2025-01-25,Germany,Google Ads
6227,2025-05-28,UK,Facebook
6228,2025-04-28,UK,Google Ads
6229,2025-12-04,UK,Organic
6230,2025-12-04,UK,Facebook
6231,2025-03-07,Canada,Facebook
6232,2025-10-28,India,Facebook
6233,2025-06-24,UK,Referral
6234,2025-11-15,India,Organic
6235,2025-03-17,USA,Google Ads
6236,2025-04-24,Germany,Google Ads
6237,2025-04-21,USA,Organic
6238,2025-09-06,UK,Referral
6239,2025-07-22,USA,Facebook
6240,2025-05-27,Canada,Google Ads
6241,2025-02-04,India,Organic
6242,2025-11-05,UK,Organic
6243,2025-01-26,Canada,Organic
6244,2025-08-26,India,Google Ads
6245,2025-01-14,Canada,Google Ads
6246,2025-02-14,USA,Google Ads
6247,2025-08-04,UK,Google Ads
6248,2025-08-21,USA,Referral
6249,2025-07-12,Germany,Google Ads
6250,2025-02-20,UK,Organic
6251,2025-08-02,USA,Facebook
6252,2025-05-31,UK,Facebook
6253,2025-10-02,India,Referral
6254,2025-12-04,UK,Organic
6255,2025-03-17,UK,Referral
6256,2025-08-08,India,Google Ads
6257,2025-12-14,USA,Google Ads
6258,2025-07-06,UK,Google Ads
6259,2025-10-16,Canada,Google Ads
6260,2025-01-28,UK,Facebook
6261,2025-06-29,USA,Referral
6262,2025-09-10,India,Google Ads
6263,2025-05-06,USA,Referral
6264,2025-06-26,Germany,Facebook
6265,2025-02-06,UK,Organic
6266,2025-04-09,UK,Google Ads
6267,2025-04-08,India,Google Ads
6268,2025-05-07,UK,Referral
6269,2025-06-17,Canada,Google Ads
6270,2025-03-21,Canada,Organic
6271,2025-10-21,USA,Organic
6272,2025-11-29,India,Referral
6273,2025-05-06,Germany,Organic
6274,2025-12-09,USA,Google Ads
6275,2025-11-06,India,Organic
6276,2025-05-30,India,Google Ads
6277,2025-01-16,USA,Facebook
6278,2025-01-28,USA,Google Ads
6279,2025-06-22,UK,Facebook
6280,2025-02-15,Germany,Google Ads
6281,2025-11-24,Canada,Referral
6282,2025-08-24,UK,Facebook
6283,2025-08-02,India,Referral
6284,2025-03-26,Germany,Google Ads
6285,2025-10-09,Germany,Organic
6286,2025-08-20,USA,Facebook
6287,2025-03-26,Germany,Facebook
6288,2025-03-06,Germany,Referral
6289,2025-05-14,India,Referral
6290,2025-05-31,UK,Google Ads
6291,2025-04-25,Germany,Referral
6292,2025-03-05,USA,Organic
6293,2025-12-09,UK,Referral
6294,2025-12-29,USA,Organic
6295,2025-12-18,Germany,Referral
6296,2025-06-07,UK,Referral
6297,2025-03-18,Germany,Google Ads
6298,2025-05-26,India,Facebook
6299,2025-12-09,UK,Google Ads
6300,2025-08-13,USA,Organic
6301,2025-11-09,India,Organic
6302,2025-04-13,Canada,Organic
6303,2025-12-13,USA,Organic
6304,2025-10-28,Germany,Facebook
6305,2025-03-29,USA,Google Ads
6306,2025-10-30,Canada,Google Ads
6307,2025-06-17,USA,Organic
6308,2025-06-19,India,Google Ads
6309,2025-05-15,USA,Google Ads
6310,2025-02-19,UK,Facebook
6311,2025-12-06,Canada,Google Ads
6312,2025-12-13,USA,Google Ads
6313,2025-05-14,Canada,Google Ads
6314,2025-12-13,India,Referral
6315,2025-05-17,UK,Google Ads
6316,2025-09-02,Germany,Referral
6317,2025-04-19,USA,Google Ads
6318,2025-11-09,India,Referral
6319,2025-10-14,Canada,Organic
6320,2025-01-21,Canada,Organic
6321,2025-03-31,India,Referral
6322,2025-10-23,USA,Organic
6323,2025-04-22,Germany,Referral
6324,2025-10-28,USA,Organic
6325,2025-03-18,UK,Organic
6326,2025-06-26,USA,Facebook
6327,2025-12-09,UK,Referral
6328,2025-05-28,Canada,Organic
6329,2025-04-11,UK,Google Ads
6330,2025-09-03,Germany,Organic
6331,2025-04-27,India,Referral
6332,2025-04-02,UK,Organic
6333,2025-01-28,USA,Referral
6334,2025-01-25,UK,Google Ads
6335,2025-02-27,Canada,Facebook
6336,2025-10-24,UK,Facebook
6337,2025-05-14,Germany,Google Ads
6338,2025-11-27,UK,Facebook
6339,2025-09-06,Germany,Facebook
6340,2025-02-07,USA,Google Ads
6341,2025-03-16,Canada,Google Ads
6342,2025-05-22,India,Google Ads
6343,2025-11-18,USA,Organic
6344,2025-06-17,USA,Facebook
6345,2025-09-16,India,Google Ads
6346,2025-12-21,UK,Facebook
6347,2025-08-13,UK,Google Ads
6348,2025-06-01,UK,Referral
6349,2025-01-19,Canada,Google Ads
6350,2025-05-26,USA,Referral
6351,2025-08-29,Germany,Facebook
6352,2025-12-10,India,Referral
6353,2025-08-25,USA,Google Ads
6354,2025-02-04,UK,Google Ads
6355,2025-07-09,India,Organic
6356,2025-01-01,Germany,Google Ads
6357,2025-06-02,USA,Organic
6358,2025-05-06,USA,Facebook
6359,2025-12-11,Canada,Organic
6360,2025-08-14,USA,Referral
6361,2025-08-09,USA,Referral
6362,2025-07-30,Germany,Facebook
6363,2025-01-25,Germany,Facebook
6364,2025-01-16,India,Referral
6365,2025-07-01,UK,Referral
6366,2025-11-25,Germany,Google Ads
6367,2025-05-09,India,Organic
6368,2025-02-11,USA,Google Ads
6369,2025-12-02,India,Referral
6370,2025-08-24,India,Google Ads
6371,2025-12-26,India,Organic
6372,2025-02-03,India,Organic
6373,2025-12-11,Germany,Referral
6374,2025-02-14,UK,Organic
6375,2025-05-14,India,Google Ads
6376,2025-01-21,Canada,Organic
6377,2025-05-02,USA,Referral
6378,2025-03-11,USA,Organic
6379,2025-12-18,USA,Organic
6380,2025-12-27,USA,Organic
6381,2025-02-17,USA,Facebook
6382,2025-02-08,India,Organic
6383,2025-10-14,UK,Google Ads
6384,2025-01-10,Canada,Facebook
6385,2025-01-30,Germany,Referral
6386,2025-09-01,Canada,Google Ads
6387,2025-10-01,Germany,Facebook
6388,2025-03-29,Germany,Google Ads
6389,2025-09-01,Canada,Google Ads
6390,2025-11-25,India,Organic
6391,2025-01-15,USA,Organic
6392,2025-01-04,India,Google Ads
6393,2025-07-10,USA,Facebook
6394,2025-06-17,UK,Facebook
6395,2025-01-09,Germany,Google Ads
6396,2025-04-19,Canada,Organic
6397,2025-05-17,UK,Facebook
6398,2025-06-03,USA,Organic
6399,2025-07-28,India,Google Ads
6400,2025-09-29,Canada,Facebook
6401,2025-05-23,Germany,Google Ads
6402,2025-04-09,UK,Google Ads
6403,2025-11-04,Germany,Referral
6404,2025-03-10,USA,Google Ads
6405,2025-09-04,Germany,Google Ads
6406,2025-09-18,India,Referral
6407,2025-10-03,UK,Organic
6408,2025-03-20,UK,Google Ads
6409,2025-05-26,India,Referral
6410,2025-04-21,Germany,Google Ads
6411,2025-09-15,India,Organic
6412,2025-04-03,Canada,Google Ads
6413,2025-01-13,India,Organic
6414,2025-09-17,Germany,Facebook
6415,2025-04-19,India,Google Ads
6416,2025-11-26,USA,Organic
6417,2025-07-08,India,Organic
6418,2025-04-05,India,Organic
6419,2025-04-15,Germany,Referral
6420,2025-01-08,Canada,Facebook
6421,2025-03-08,Canada,Facebook
6422,2025-07-10,Germany,Organic
6423,2025-09-13,Germany,Organic
6424,2025-01-09,Germany,Facebook
6425,2025-04-27,USA,Facebook
6426,2025-09-24,UK,Organic
6427,2025-04-09,India,Referral
6428,2025-10-25,Germany,Organic
6429,2025-06-13,Germany,Google Ads
6430,2025-05-21,Germany,Organic
6431,2025-09-25,Canada,Organic
6432,2025-02-06,Germany,Referral
6433,2025-03-15,India,Organic
6434,2025-03-14,Germany,Referral
6435,2025-11-04,India,Facebook
6436,2025-07-18,USA,Facebook
6437,2025-05-10,UK,Organic
6438,2025-09-03,Canada,Google Ads
6439,2025-11-08,India,Facebook
6440,2025-03-01,USA,Organic
6441,2025-10-06,UK,Organic
6442,2025-04-13,UK,Referral
6443,2025-10-23,UK,Referral
6444,2025-11-16,India,Google Ads
6445,2025-12-07,USA,Referral
6446,2025-05-31,Germany,Google Ads
6447,2025-06-06,USA,Organic
6448,2025-07-25,USA,Google Ads
6449,2025-06-28,USA,Facebook
6450,2025-07-16,India,Referral
6451,2025-08-11,India,Google Ads
6452,2025-03-30,India,Organic
6453,2025-10-14,USA,Google Ads
6454,2025-10-03,India,Google Ads
6455,2025-08-24,UK,Facebook
6456,2025-07-02,India,Organic
6457,2025-07-28,Canada,Google Ads
6458,2025-05-10,India,Facebook
6459,2025-06-02,India,Organic
6460,2025-01-13,India,Google Ads
6461,2025-05-02,India,Facebook
6462,2025-12-25,Canada,Referral
6463,2025-08-08,Germany,Facebook
6464,2025-04-16,India,Facebook
6465,2025-03-11,UK,Organic
6466,2025-07-14,Canada,Organic
6467,2025-07-05,Germany,Organic
6468,2025-04-09,India,Referral
6469,2025-03-23,Germany,Google Ads
6470,2025-03-16,UK,Referral
6471,2025-12-06,Canada,Referral
6472,2025-07-11,Canada,Referral
6473,2025-11-21,Germany,Facebook
6474,2025-08-02,India,Referral
6475,2025-11-11,USA,Google Ads
6476,2025-11-14,Canada,Organic
6477,2025-05-24,USA,Google Ads
6478,2025-08-04,Canada,Organic
6479,2025-12-27,India,Organic
6480,2025-11-20,India,Google Ads
6481,2025-01-15,Canada,Referral
6482,2025-08-05,Germany,Organic
6483,2025-02-04,India,Organic
6484,2025-07-02,India,Google Ads
6485,2025-09-27,UK,Referral
6486,2025-12-24,India,Facebook
6487,2025-04-10,UK,Facebook
6488,2025-01-07,India,Facebook
6489,2025-01-30,India,Organic
6490,2025-11-01,Germany,Organic
6491,2025-05-24,Germany,Facebook
6492,2025-04-21,India,Facebook
6493,2025-08-20,Canada,Organic
6494,2025-06-28,Canada,Referral
6495,2025-03-13,India,Organic
6496,2025-07-29,Canada,Facebook
6497,2025-08-08,India,Facebook
6498,2025-03-21,Germany,Facebook
6499,2025-03-24,USA,Referral
6500,2025-02-11,UK,Google Ads
6501,2025-09-30,Canada,Organic
6502,2025-07-10,Canada,Google Ads
6503,2025-06-22,Germany,Google Ads
6504,2025-01-07,Canada,Google Ads
6505,2025-06-04,India,Referral
6506,2025-01-10,India,Referral
6507,2025-02-03,USA,Google Ads
6508,2025-02-05,USA,Facebook
6509,2025-01-06,USA,Google Ads
6510,2025-08-03,India,Organic
6511,2025-05-14,USA,Organic
6512,2025-10-12,USA,Google Ads
6513,2025-05-06,India,Google Ads
6514,2025-12-03,Germany,Organic
6515,2025-06-23,Canada,Organic
6516,2025-06-01,UK,Google Ads
6517,2025-11-27,India,Organic
6518,2025-01-26,India,Organic
6519,2025-04-25,UK,Organic
6520,2025-10-11,UK,Facebook
6521,2025-03-16,USA,Organic
6522,2025-06-15,UK,Organic
6523,2025-07-08,Canada,Organic
6524,2025-03-19,Canada,Referral
6525,2025-03-31,Canada,Google Ads
6526,2025-06-25,Canada,Organic
6527,2025-01-21,Canada,Google Ads
6528,2025-02-23,USA,Google Ads
6529,2025-07-03,India,Organic
6530,2025-12-25,UK,Referral
6531,2025-08-10,India,Google Ads
6532,2025-11-11,UK,Referral
6533,2025-11-24,USA,Facebook
6534,2025-06-28,USA,Facebook
6535,2025-10-03,Germany,Google Ads
6536,2025-04-22,Germany,Organic
6537,2025-08-12,USA,Organic
6538,2025-08-02,USA,Facebook
6539,2025-02-28,UK,Facebook
6540,2025-11-23,USA,Organic
6541,2025-04-19,India,Organic
6542,2025-06-06,UK,Facebook
6543,2025-07-10,USA,Referral
6544,2025-07-19,UK,Organic
6545,2025-11-08,UK,Google Ads
6546,2025-07-15,Canada,Facebook
6547,2025-02-04,Germany,Organic
6548,2025-09-03,UK,Google Ads
6549,2025-08-25,UK,Organic
6550,2025-04-14,Canada,Facebook
6551,2025-01-07,USA,Organic
6552,2025-10-10,UK,Google Ads
6553,2025-01-01,Canada,Referral
6554,2025-08-07,India,Referral
6555,2025-08-18,Canada,Referral
6556,2025-06-21,Germany,Google Ads
6557,2025-03-28,Germany,Organic
6558,2025-02-10,USA,Facebook
6559,2025-05-03,USA,Organic
6560,2025-11-27,Germany,Google Ads
6561,2025-10-25,Germany,Organic
6562,2025-06-27,UK,Referral
6563,2025-03-04,Germany,Google Ads
6564,2025-06-14,USA,Google Ads
6565,2025-07-06,Germany,Google Ads
6566,2025-07-28,USA,Google Ads
6567,2025-08-15,India,Facebook
6568,2025-02-17,Germany,Organic
6569,2025-08-12,USA,Google Ads
6570,2025-01-03,Canada,Organic
6571,2025-06-24,UK,Facebook
6572,2025-04-09,USA,Google Ads
6573,2025-04-26,Germany,Facebook
6574,2025-09-27,Germany,Google Ads
6575,2025-09-10,India,Organic
6576,2025-11-13,Canada,Google Ads
6577,2025-04-05,USA,Organic
6578,2025-09-30,Canada,Google Ads
6579,2025-01-24,India,Referral
6580,2025-04-26,UK,Organic
6581,2025-05-31,Canada,Facebook
6582,2025-12-04,India,Facebook
6583,2025-02-19,USA,Google Ads
6584,2025-07-25,UK,Organic
6585,2025-12-01,Germany,Facebook
6586,2025-03-20,India,Organic
6587,2025-03-11,Germany,Google Ads
6588,2025-01-27,UK,Google Ads
6589,2025-09-28,India,Facebook
6590,2025-02-19,India,Google Ads
6591,2025-10-19,UK,Organic
6592,2025-09-04,USA,Google Ads
6593,2025-09-21,India,Referral
6594,2025-03-20,UK,Organic
6595,2025-07-09,Canada,Google Ads
6596,2025-02-16,Germany,Facebook
6597,2025-12-27,India,Facebook
6598,2025-12-20,Canada,Organic
6599,2025-12-18,India,Facebook
6600,2025-07-08,USA,Google Ads
6601,2025-09-13,UK,Google Ads
6602,2025-08-10,India,Facebook
6603,2025-08-29,UK,Referral
6604,2025-09-26,India,Referral
6605,2025-01-01,USA,Google Ads
6606,2025-02-03,USA,Organic
6607,2025-03-20,Canada,Referral
6608,2025-08-24,USA,Google Ads
6609,2025-11-30,UK,Organic
6610,2025-12-15,USA,Facebook
6611,2025-04-08,India,Organic
6612,2025-03-23,USA,Organic
6613,2025-07-11,UK,Referral
6614,2025-09-10,India,Google Ads
6615,2025-02-07,Canada,Organic
6616,2025-01-14,Canada,Google Ads
6617,2025-12-13,Canada,Facebook
6618,2025-11-06,India,Referral
6619,2025-07-28,Canada,Organic
6620,2025-12-23,USA,Facebook
6621,2025-03-30,India,Organic
6622,2025-02-25,India,Google Ads
6623,2025-04-04,India,Google Ads
6624,2025-04-03,Germany,Organic
6625,2025-12-06,UK,Organic
6626,2025-03-26,Germany,Facebook
6627,2025-09-02,Germany,Organic
6628,2025-01-22,Germany,Facebook
6629,2025-10-18,UK,Google Ads
6630,2025-09-29,Germany,Facebook
6631,2025-11-02,Canada,Referral
6632,2025-05-02,India,Referral
6633,2025-05-08,India,Facebook
6634,2025-04-23,USA,Google Ads
6635,2025-09-30,Canada,Organic
6636,2025-12-02,UK,Organic
6637,2025-05-10,India,Google Ads
6638,2025-05-12,Germany,Facebook
6639,2025-03-26,USA,Referral
6640,2025-12-16,USA,Organic
6641,2025-03-22,India,Facebook
6642,2025-11-21,Canada,Organic
6643,2025-03-10,USA,Google Ads
6644,2025-05-28,India,Google Ads
6645,2025-01-16,Canada,Referral
6646,2025-11-03,India,Google Ads
6647,2025-04-15,India,Facebook
6648,2025-06-14,Canada,Facebook
6649,2025-07-20,Canada,Referral
6650,2025-07-16,Canada,Organic
6651,2025-07-04,India,Google Ads
6652,2025-11-18,USA,Organic
6653,2025-09-22,UK,Facebook
6654,2025-12-29,UK,Facebook
6655,2025-04-10,India,Organic
6656,2025-12-08,India,Google Ads
6657,2025-11-16,USA,Referral
6658,2025-08-02,Canada,Organic
6659,2025-10-05,India,Facebook
6660,2025-06-11,Germany,Organic
6661,2025-06-06,Canada,Google Ads
6662,2025-09-08,India,Organic
6663,2025-04-07,Germany,Google Ads
6664,2025-01-18,USA,Facebook
6665,2025-11-23,Germany,Organic
6666,2025-04-07,India,Organic
6667,2025-01-01,UK,Google Ads
6668,2025-08-04,India,Facebook
6669,2025-05-12,UK,Facebook
6670,2025-09-17,USA,Facebook
6671,2025-05-05,USA,Google Ads
6672,2025-03-23,Canada,Organic
6673,2025-10-10,Canada,Google Ads
6674,2025-06-20,UK,Referral
6675,2025-02-28,UK,Facebook
6676,2025-02-01,USA,Referral
6677,2025-06-10,Germany,Google Ads
6678,2025-10-11,UK,Organic
6679,2025-04-16,UK,Google Ads
6680,2025-04-15,Germany,Organic
6681,2025-08-16,Canada,Facebook
6682,2025-07-07,Canada,Facebook
6683,2025-03-11,UK,Google Ads
6684,2025-11-14,Canada,Google Ads
6685,2025-10-17,Canada,Organic
6686,2025-03-28,Canada,Organic
6687,2025-12-28,USA,Organic
6688,2025-02-25,India,Google Ads
6689,2025-04-23,UK,Google Ads
6690,2025-01-13,UK,Organic
6691,2025-01-18,USA,Organic
6692,2025-07-01,India,Facebook
6693,2025-04-23,India,Organic
6694,2025-08-17,USA,Organic
6695,2025-06-20,Germany,Referral
6696,2025-10-22,Germany,Google Ads
6697,2025-07-08,India,Organic
6698,2025-03-20,Germany,Facebook
6699,2025-05-26,Germany,Organic
6700,2025-07-01,Germany,Facebook
6701,2025-10-13,India,Organic
6702,2025-09-07,Germany,Organic
6703,2025-12-20,UK,Facebook
6704,2025-11-10,India,Facebook
6705,2025-07-15,USA,Organic
6706,2025-11-19,Germany,Facebook
6707,2025-03-12,Canada,Google Ads
6708,2025-09-05,India,Google Ads
6709,2025-05-26,USA,Organic
6710,2025-04-16,UK,Organic
6711,2025-09-20,USA,Organic
6712,2025-10-23,Germany,Facebook
6713,2025-03-11,Canada,Facebook
6714,2025-07-12,Germany,Google Ads
6715,2025-03-09,USA,Referral
6716,2025-11-01,India,Google Ads
6717,2025-02-21,Canada,Facebook
6718,2025-12-29,Canada,Organic
6719,2025-10-12,USA,Referral
6720,2025-11-30,Germany,Google Ads
6721,2025-01-09,USA,Facebook
6722,2025-09-08,Canada,Organic
6723,2025-11-28,USA,Organic
6724,2025-10-25,Canada,Google Ads
6725,2025-07-03,Germany,Organic
6726,2025-06-28,India,Facebook
6727,2025-07-17,India,Organic
6728,2025-05-08,USA,Google Ads
6729,2025-01-20,Canada,Google Ads
6730,2025-11-24,India,Organic
6731,2025-03-06,Canada,Organic
6732,2025-07-01,Germany,Organic
6733,2025-08-29,USA,Organic
6734,2025-01-24,Canada,Google Ads
6735,2025-03-24,USA,Google Ads
6736,2025-11-15,Canada,Google Ads
6737,2025-07-04,Canada,Referral
6738,2025-11-12,Germany,Facebook
6739,2025-04-09,USA,Google Ads
6740,2025-03-03,UK,Google Ads
6741,2025-10-13,Canada,Referral
6742,2025-01-22,Canada,Organic
6743,2025-07-31,India,Referral
6744,2025-05-06,USA,Facebook
6745,2025-02-11,UK,Organic
6746,2025-04-08,Germany,Google Ads
6747,2025-01-31,UK,Google Ads
6748,2025-06-07,Germany,Google Ads
6749,2025-04-22,UK,Google Ads
6750,2025-09-04,UK,Organic
6751,2025-05-02,USA,Referral
6752,2025-09-30,India,Google Ads
6753,2025-10-21,UK,Referral
6754,2025-07-26,Canada,Facebook
6755,2025-04-20,Canada,Facebook
6756,2025-10-05,Canada,Facebook
6757,2025-02-25,India,Facebook
6758,2025-02-26,UK,Google Ads
6759,2025-10-18,Germany,Organic
6760,2025-04-24,Germany,Organic
6761,2025-11-04,USA,Organic
6762,2025-12-07,India,Facebook
6763,2025-07-17,UK,Organic
6764,2025-11-17,Canada,Organic
6765,2025-06-28,India,Referral
6766,2025-08-07,India,Facebook
6767,2025-10-04,UK,Referral
6768,2025-01-16,USA,Organic
6769,2025-03-02,USA,Organic
6770,2025-02-23,USA,Google Ads
6771,2025-06-17,Canada,Facebook
6772,2025-01-26,Canada,Facebook
6773,2025-12-02,UK,Google Ads
6774,2025-03-06,USA,Facebook
6775,2025-04-10,UK,Referral
6776,2025-03-15,USA,Facebook
6777,2025-07-11,India,Google Ads
6778,2025-06-20,Germany,Facebook
6779,2025-09-30,Germany,Google Ads
6780,2025-07-06,USA,Facebook
6781,2025-01-23,UK,Organic
6782,2025-06-30,Canada,Facebook
6783,2025-11-23,USA,Organic
6784,2025-04-18,USA,Google Ads
6785,2025-12-01,Canada,Referral
6786,2025-06-11,USA,Referral
6787,2025-10-29,India,Google Ads
6788,2025-07-25,Canada,Organic
6789,2025-03-19,India,Facebook
6790,2025-01-16,Germany,Facebook
6791,2025-11-23,Canada,Google Ads
6792,2025-04-06,Canada,Facebook
6793,2025-05-27,UK,Referral
6794,2025-01-02,UK,Google Ads
6795,2025-01-10,Canada,Google Ads
6796,2025-05-05,Germany,Google Ads
6797,2025-03-22,USA,Organic
6798,2025-05-20,UK,Referral
6799,2025-11-22,Germany,Organic
6800,2025-05-30,Germany,Google Ads
6801,2025-10-15,UK,Facebook
6802,2025-12-27,USA,Facebook
6803,2025-12-06,UK,Google Ads
6804,2025-05-09,Germany,Facebook
6805,2025-08-27,India,Google Ads
6806,2025-02-27,UK,Organic
6807,2025-07-17,Germany,Facebook
6808,2025-07-30,UK,Organic
6809,2025-02-14,Germany,Referral
6810,2025-04-07,USA,Referral
6811,2025-10-06,Germany,Google Ads
6812,2025-01-23,Canada,Referral
6813,2025-12-01,India,Organic
6814,2025-02-13,Germany,Organic
6815,2025-01-27,UK,Google Ads
6816,2025-10-09,UK,Google Ads
6817,2025-04-07,Germany,Referral
6818,2025-02-05,Canada,Google Ads
6819,2025-04-19,Germany,Google Ads
6820,2025-02-24,USA,Facebook
6821,2025-07-11,Canada,Referral
6822,2025-08-07,Germany,Facebook
6823,2025-07-04,India,Referral
6824,2025-03-10,Canada,Facebook
6825,2025-11-13,Germany,Google Ads
6826,2025-05-10,India,Facebook
6827,2025-02-24,Germany,Organic
6828,2025-04-07,USA,Facebook
6829,2025-12-02,UK,Facebook
6830,2025-03-28,Germany,Google Ads
6831,2025-10-21,Canada,Google Ads
6832,2025-04-29,Germany,Organic
6833,2025-07-27,Germany,Facebook
6834,2025-11-30,Germany,Google Ads
6835,2025-06-03,Germany,Google Ads
6836,2025-02-04,Canada,Facebook
6837,2025-03-20,Canada,Referral
6838,2025-03-08,Germany,Facebook
6839,2025-12-09,UK,Google Ads
6840,2025-02-03,Germany,Facebook
6841,2025-04-07,Canada,Organic
6842,2025-06-18,USA,Organic
6843,2025-06-18,Germany,Google Ads
6844,2025-05-31,Germany,Organic
6845,2025-03-12,Germany,Organic
6846,2025-01-03,Germany,Google Ads
6847,2025-11-10,India,Google Ads
6848,2025-02-01,Germany,Facebook
6849,2025-10-14,Canada,Organic
6850,2025-03-23,Canada,Referral
6851,2025-02-12,India,Facebook
6852,2025-04-15,Germany,Organic
6853,2025-01-01,UK,Google Ads
6854,2025-03-02,Germany,Referral
6855,2025-09-27,Canada,Organic
6856,2025-06-29,USA,Organic
6857,2025-08-12,USA,Google Ads
6858,2025-01-06,UK,Google Ads
6859,2025-04-13,Germany,Organic
6860,2025-01-10,India,Google Ads
6861,2025-03-12,Germany,Google Ads
6862,2025-03-31,UK,Google Ads
6863,2025-08-14,UK,Google Ads
6864,2025-06-07,UK,Organic
6865,2025-08-16,USA,Facebook
6866,2025-05-06,Germany,Google Ads
6867,2025-07-28,Germany,Facebook
6868,2025-04-07,India,Organic
6869,2025-03-15,UK,Referral
6870,2025-04-25,UK,Facebook
6871,2025-07-10,Canada,Organic
6872,2025-06-19,Canada,Google Ads
6873,2025-11-03,USA,Facebook
6874,2025-07-23,Germany,Organic
6875,2025-02-25,India,Facebook
6876,2025-07-27,India,Facebook
6877,2025-02-10,UK,Organic
6878,2025-02-01,India,Referral
6879,2025-01-15,UK,Referral
6880,2025-03-03,Germany,Organic
6881,2025-06-04,India,Google Ads
6882,2025-10-11,UK,Google Ads
6883,2025-07-28,Germany,Organic
6884,2025-11-16,Germany,Google Ads
6885,2025-07-06,UK,Organic
6886,2025-05-10,UK,Facebook
6887,2025-05-07,USA,Facebook
6888,2025-10-19,Germany,Facebook
6889,2025-04-24,UK,Referral
6890,2025-07-18,Germany,Google Ads
6891,2025-01-13,India,Organic
6892,2025-09-28,Canada,Organic
6893,2025-03-30,Canada,Referral
6894,2025-08-03,UK,Facebook
6895,2025-10-05,UK,Facebook
6896,2025-07-22,Germany,Referral
6897,2025-03-15,UK,Facebook
6898,2025-01-25,Germany,Facebook
6899,2025-04-11,UK,Facebook
6900,2025-06-25,Germany,Google Ads
6901,2025-04-27,UK,Facebook
6902,2025-06-15,USA,Organic
6903,2025-02-10,Germany,Organic
6904,2025-12-10,USA,Google Ads
6905,2025-04-30,USA,Organic
6906,2025-04-07,USA,Facebook
6907,2025-05-25,USA,Facebook
6908,2025-08-04,India,Referral
6909,2025-08-17,Canada,Google Ads
6910,2025-11-09,India,Organic
6911,2025-05-10,UK,Organic
6912,2025-12-18,UK,Organic
6913,2025-11-14,Canada,Facebook
6914,2025-05-17,Canada,Google Ads
6915,2025-11-20,Canada,Facebook
6916,2025-12-03,USA,Facebook
6917,2025-09-30,India,Google Ads
6918,2025-04-27,UK,Organic
6919,2025-11-02,India,Facebook
6920,2025-04-04,India,Organic
6921,2025-06-17,India,Facebook
6922,2025-07-22,Canada,Organic
6923,2025-12-07,Canada,Referral
6924,2025-05-29,UK,Referral
6925,2025-07-02,UK,Google Ads
6926,2025-06-01,UK,Referral
6927,2025-03-15,India,Facebook
6928,2025-12-31,Canada,Google Ads
6929,2025-10-01,USA,Organic
6930,2025-02-11,India,Referral
6931,2025-07-31,Germany,Referral
6932,2025-04-11,India,Google Ads
6933,2025-02-14,Canada,Organic
6934,2025-03-23,Germany,Organic
6935,2025-01-17,India,Facebook
6936,2025-03-14,Canada,Organic
6937,2025-01-14,Canada,Facebook
6938,2025-06-06,USA,Google Ads
6939,2025-08-11,India,Organic
6940,2025-05-12,Canada,Google Ads
6941,2025-12-04,UK,Facebook
6942,2025-02-16,Canada,Google Ads
6943,2025-04-17,USA,Organic
6944,2025-04-18,Canada,Facebook
6945,2025-09-22,India,Facebook
6946,2025-07-24,India,Organic
6947,2025-03-20,Germany,Google Ads
6948,2025-06-04,India,Referral
6949,2025-09-28,Germany,Facebook
6950,2025-09-04,UK,Facebook
6951,2025-01-19,USA,Google Ads
6952,2025-12-12,UK,Google Ads
6953,2025-01-26,Germany,Referral
6954,2025-08-05,Canada,Facebook
6955,2025-06-03,Canada,Organic
6956,2025-06-03,UK,Google Ads
6957,2025-06-23,Canada,Organic
6958,2025-04-02,Germany,Referral
6959,2025-12-04,USA,Google Ads
6960,2025-06-30,India,Organic
6961,2025-05-11,Germany,Referral
6962,2025-10-25,Germany,Organic
6963,2025-10-02,India,Google Ads
6964,2025-09-30,India,Facebook
6965,2025-03-17,USA,Google Ads
6966,2025-06-26,USA,Referral
6967,2025-07-03,USA,Organic
6968,2025-11-15,Canada,Referral
6969,2025-05-11,Germany,Google Ads
6970,2025-12-29,India,Facebook
6971,2025-02-18,Germany,Google Ads
6972,2025-02-24,Germany,Facebook
6973,2025-06-03,USA,Google Ads
6974,2025-12-21,USA,Facebook
6975,2025-07-19,Germany,Organic
6976,2025-11-04,USA,Google Ads
6977,2025-12-22,Canada,Facebook
6978,2025-04-28,India,Referral
6979,2025-09-20,Germany,Referral
6980,2025-02-15,India,Google Ads
6981,2025-10-29,Canada,Referral
6982,2025-12-22,USA,Google Ads
6983,2025-07-08,UK,Facebook
6984,2025-11-06,Canada,Referral
6985,2025-11-14,UK,Organic
6986,2025-05-09,India,Referral
6987,2025-02-18,Germany,Organic
6988,2025-01-25,USA,Google Ads
6989,2025-09-23,Canada,Organic
6990,2025-04-28,USA,Facebook
6991,2025-05-24,UK,Facebook
6992,2025-07-19,UK,Google Ads
6993,2025-06-06,Germany,Facebook
6994,2025-12-14,UK,Referral
6995,2025-05-14,Germany,Referral
6996,2025-05-28,Canada,Organic
6997,2025-12-02,Germany,Facebook
6998,2025-03-12,UK,Organic
6999,2025-08-21,India,Organic
7000,2025-11-30,Germany,Referral
7001,2025-10-26,USA,Google Ads
7002,2025-06-03,India,Facebook
7003,2025-03-31,Germany,Referral
7004,2025-11-30,USA,Referral
7005,2025-07-18,India,Facebook
7006,2025-06-10,Germany,Google Ads
7007,2025-01-26,Canada,Organic
7008,2025-05-01,USA,Organic
7009,2025-10-28,Canada,Organic
7010,2025-07-31,UK,Facebook
7011,2025-03-04,Germany,Google Ads
7012,2025-03-09,Germany,Google Ads
7013,2025-09-10,USA,Organic
7014,2025-01-02,Germany,Google Ads
7015,2025-04-18,UK,Google Ads
7016,2025-10-13,Germany,Facebook
7017,2025-02-18,India,Facebook
7018,2025-05-20,Canada,Google Ads
7019,2025-08-06,UK,Google Ads
7020,2025-02-13,UK,Referral
7021,2025-09-26,Canada,Google Ads
7022,2025-03-19,Canada,Facebook
7023,2025-08-04,UK,Facebook
7024,2025-04-08,Canada,Referral
7025,2025-08-24,USA,Facebook
7026,2025-10-09,Canada,Google Ads
7027,2025-05-29,India,Google Ads
7028,2025-10-31,India,Organic
7029,2025-03-07,USA,Organic
7030,2025-08-22,Canada,Facebook
7031,2025-03-28,India,Google Ads
7032,2025-03-20,Germany,Facebook
7033,2025-07-24,Canada,Organic
7034,2025-10-06,USA,Organic
7035,2025-12-03,Canada,Google Ads
7036,2025-09-11,UK,Organic
7037,2025-10-31,UK,Google Ads
7038,2025-05-10,India,Organic
7039,2025-03-25,UK,Organic
7040,2025-10-03,USA,Referral
7041,2025-07-06,India,Facebook
7042,2025-02-15,USA,Facebook
7043,2025-07-02,USA,Google Ads
7044,2025-09-25,UK,Google Ads
7045,2025-10-23,UK,Google Ads
7046,2025-11-18,USA,Google Ads
7047,2025-04-10,UK,Google Ads
7048,2025-03-19,UK,Referral
7049,2025-09-29,UK,Organic
7050,2025-12-05,Canada,Google Ads
7051,2025-06-11,USA,Google Ads
7052,2025-02-13,Germany,Facebook
7053,2025-08-26,USA,Facebook
7054,2025-05-14,India,Google Ads
7055,2025-07-11,UK,Facebook
7056,2025-12-22,UK,Referral
7057,2025-10-05,Germany,Organic
7058,2025-01-18,India,Facebook
7059,2025-01-12,Canada,Organic
7060,2025-06-29,USA,Google Ads
7061,2025-05-03,Canada,Google Ads
7062,2025-09-03,India,Facebook
7063,2025-08-10,Germany,Organic
7064,2025-02-20,India,Facebook
7065,2025-03-12,Germany,Google Ads
7066,2025-02-17,Canada,Referral
7067,2025-01-19,Canada,Facebook
7068,2025-09-19,India,Organic
7069,2025-03-25,India,Referral
7070,2025-06-04,UK,Facebook
7071,2025-02-22,Germany,Organic
7072,2025-04-17,UK,Organic
7073,2025-12-23,USA,Referral
7074,2025-10-31,USA,Google Ads
7075,2025-05-15,India,Referral
7076,2025-03-10,Canada,Google Ads
7077,2025-01-11,USA,Organic
7078,2025-05-23,USA,Facebook
7079,2025-07-11,UK,Google Ads
7080,2025-03-10,UK,Google Ads
7081,2025-01-23,USA,Facebook
7082,2025-06-30,India,Facebook
7083,2025-10-20,UK,Google Ads
7084,2025-01-09,USA,Google Ads
7085,2025-09-28,Canada,Facebook
7086,2025-04-03,UK,Facebook
7087,2025-01-17,USA,Facebook
7088,2025-06-03,Germany,Referral
7089,2025-11-24,UK,Organic
7090,2025-05-29,Germany,Google Ads
7091,2025-09-24,UK,Facebook
7092,2025-11-24,UK,Organic
7093,2025-04-16,Germany,Google Ads
7094,2025-02-04,India,Facebook
7095,2025-04-29,USA,Facebook
7096,2025-01-14,India,Referral
7097,2025-01-14,India,Facebook
7098,2025-09-23,USA,Organic
7099,2025-05-20,Canada,Facebook
7100,2025-10-21,India,Organic
7101,2025-12-30,India,Facebook
7102,2025-04-29,India,Facebook
7103,2025-08-26,Canada,Facebook
7104,2025-02-03,UK,Referral
7105,2025-06-18,Germany,Google Ads
7106,2025-01-10,Germany,Google Ads
7107,2025-05-02,Canada,Organic
7108,2025-05-25,India,Organic
7109,2025-08-11,Germany,Google Ads
7110,2025-09-14,Canada,Google Ads
7111,2025-09-25,USA,Facebook
7112,2025-12-25,Germany,Facebook
7113,2025-01-04,USA,Organic
7114,2025-12-20,India,Google Ads
7115,2025-04-16,Germany,Referral
7116,2025-03-26,Canada,Facebook
7117,2025-08-02,UK,Google Ads
7118,2025-05-01,Germany,Facebook
7119,2025-05-12,Germany,Organic
7120,2025-12-04,Germany,Google Ads
7121,2025-07-16,Germany,Organic
7122,2025-01-19,Canada,Organic
7123,2025-05-10,Canada,Google Ads
7124,2025-01-12,UK,Google Ads
7125,2025-03-22,Canada,Google Ads
7126,2025-11-26,Canada,Organic
7127,2025-12-20,India,Google Ads
7128,2025-09-19,India,Organic
7129,2025-05-05,USA,Facebook
7130,2025-11-03,UK,Organic
7131,2025-09-24,India,Organic
7132,2025-05-20,UK,Facebook
7133,2025-11-25,UK,Referral
7134,2025-01-02,Germany,Organic
7135,2025-01-08,UK,Facebook
7136,2025-09-07,Germany,Organic
7137,2025-05-19,USA,Organic
7138,2025-05-04,USA,Facebook
7139,2025-11-05,USA,Facebook
7140,2025-08-16,Germany,Facebook
7141,2025-01-10,Germany,Referral
7142,2025-07-31,USA,Organic
7143,2025-04-22,Germany,Google Ads
7144,2025-01-08,Canada,Facebook
7145,2025-10-19,Canada,Google Ads
7146,2025-12-28,Germany,Google Ads
7147,2025-09-10,Germany,Facebook
7148,2025-01-14,India,Facebook
7149,2025-08-28,India,Referral
7150,2025-08-30,UK,Referral
7151,2025-12-08,UK,Google Ads
7152,2025-05-29,UK,Facebook
7153,2025-08-24,USA,Organic
7154,2025-11-02,Canada,Google Ads
7155,2025-06-16,USA,Organic
7156,2025-01-20,Germany,Referral
7157,2025-08-04,India,Organic
7158,2025-12-09,Germany,Facebook
7159,2025-05-15,Germany,Referral
7160,2025-05-09,India,Referral
7161,2025-10-21,Germany,Organic
7162,2025-09-03,UK,Facebook
7163,2025-07-08,India,Organic
7164,2025-02-13,Germany,Facebook
7165,2025-03-27,UK,Google Ads
7166,2025-02-13,UK,Facebook
7167,2025-11-26,Canada,Referral
7168,2025-05-25,UK,Organic
7169,2025-02-20,USA,Organic
7170,2025-08-30,India,Facebook
7171,2025-10-21,India,Facebook
7172,2025-02-20,India,Referral
7173,2025-09-23,Germany,Organic
7174,2025-04-30,Germany,Organic
7175,2025-07-19,USA,Facebook
7176,2025-09-05,UK,Organic
7177,2025-03-11,Germany,Referral
7178,2025-12-07,UK,Facebook
7179,2025-02-26,UK,Google Ads
7180,2025-02-08,Germany,Google Ads
7181,2025-10-16,Germany,Referral
7182,2025-01-18,USA,Organic
7183,2025-08-08,Canada,Organic
7184,2025-11-09,India,Facebook
7185,2025-09-01,Germany,Organic
7186,2025-12-18,Germany,Organic
7187,2025-10-31,UK,Google Ads
7188,2025-10-25,Canada,Referral
7189,2025-10-10,Germany,Facebook
7190,2025-03-15,Canada,Facebook
7191,2025-04-20,India,Facebook
7192,2025-06-29,UK,Google Ads
7193,2025-02-01,USA,Organic
7194,2025-08-22,India,Google Ads
7195,2025-10-09,Canada,Organic
7196,2025-01-25,Canada,Facebook
7197,2025-11-27,India,Facebook
7198,2025-10-06,Canada,Organic
7199,2025-08-14,USA,Organic
7200,2025-02-26,USA,Google Ads
7201,2025-06-29,Canada,Referral
7202,2025-08-20,Canada,Organic
7203,2025-12-09,USA,Google Ads
7204,2025-10-14,Canada,Facebook
7205,2025-03-05,Germany,Facebook
7206,2025-08-20,UK,Organic
7207,2025-10-16,Germany,Facebook
7208,2025-08-01,Canada,Facebook
7209,2025-09-15,Canada,Google Ads
7210,2025-01-18,UK,Google Ads
7211,2025-06-24,Canada,Organic
7212,2025-08-17,UK,Organic
7213,2025-08-14,USA,Google Ads
7214,2025-03-25,UK,Google Ads
7215,2025-10-18,UK,Facebook
7216,2025-09-03,Germany,Organic
7217,2025-04-20,Canada,Organic
7218,2025-09-11,USA,Google Ads
7219,2025-03-29,India,Facebook
7220,2025-03-13,UK,Facebook
7221,2025-01-30,India,Referral
7222,2025-06-21,Canada,Facebook
7223,2025-11-05,UK,Google Ads
7224,2025-12-09,India,Facebook
7225,2025-06-26,Germany,Facebook
7226,2025-05-19,India,Organic
7227,2025-07-13,Germany,Google Ads
7228,2025-07-05,USA,Facebook
7229,2025-08-06,Canada,Organic
7230,2025-06-13,India,Google Ads
7231,2025-06-10,UK,Organic
7232,2025-01-13,Canada,Facebook
7233,2025-10-23,India,Organic
7234,2025-03-30,UK,Google Ads
7235,2025-11-20,UK,Referral
7236,2025-02-11,UK,Google Ads
7237,2025-07-29,UK,Google Ads
7238,2025-08-17,India,Organic
7239,2025-12-16,USA,Referral
7240,2025-10-02,Germany,Google Ads
7241,2025-10-06,Germany,Referral
7242,2025-09-08,Germany,Google Ads
7243,2025-11-06,USA,Organic
7244,2025-07-27,UK,Google Ads
7245,2025-11-17,UK,Facebook
7246,2025-05-20,Canada,Facebook
7247,2025-10-07,Germany,Organic
7248,2025-02-03,Germany,Facebook
7249,2025-11-05,UK,Facebook
7250,2025-01-18,Germany,Referral
7251,2025-02-26,UK,Google Ads
7252,2025-04-22,UK,Google Ads
7253,2025-01-05,UK,Organic
7254,2025-07-01,India,Google Ads
7255,2025-01-13,India,Facebook
7256,2025-12-05,India,Facebook
7257,2025-10-12,India,Facebook
7258,2025-09-16,USA,Referral
7259,2025-03-31,Canada,Google Ads
7260,2025-04-14,Canada,Google Ads
7261,2025-07-05,UK,Google Ads
7262,2025-09-07,Germany,Google Ads
7263,2025-09-12,India,Facebook
7264,2025-03-17,Canada,Organic
7265,2025-04-18,Canada,Organic
7266,2025-06-05,India,Organic
7267,2025-03-23,USA,Google Ads
7268,2025-03-18,USA,Google Ads
7269,2025-09-15,Canada,Referral
7270,2025-05-07,USA,Google Ads
7271,2025-10-09,India,Referral
7272,2025-03-29,Canada,Organic
7273,2025-07-23,India,Referral
7274,2025-01-16,USA,Facebook
7275,2025-05-31,India,Google Ads
7276,2025-09-11,USA,Organic
7277,2025-07-07,USA,Organic
7278,2025-11-25,India,Google Ads
7279,2025-02-01,USA,Organic
7280,2025-09-28,UK,Google Ads
7281,2025-01-05,India,Facebook
7282,2025-11-26,UK,Referral
7283,2025-11-04,India,Google Ads
7284,2025-11-29,USA,Google Ads
7285,2025-06-18,USA,Google Ads
7286,2025-06-30,Canada,Google Ads
7287,2025-06-27,Canada,Google Ads
7288,2025-05-23,UK,Google Ads
7289,2025-12-28,USA,Google Ads
7290,2025-09-05,Canada,Organic
7291,2025-05-07,USA,Referral
7292,2025-09-20,India,Facebook
7293,2025-02-09,Canada,Google Ads
7294,2025-12-21,UK,Google Ads
7295,2025-09-12,Canada,Organic
7296,2025-05-23,USA,Organic
7297,2025-08-28,Germany,Referral
7298,2025-08-16,Germany,Google Ads
7299,2025-12-07,USA,Organic
7300,2025-07-17,India,Facebook
7301,2025-03-06,Canada,Referral
7302,2025-01-11,Germany,Organic
7303,2025-04-18,India,Facebook
7304,2025-01-26,USA,Organic
7305,2025-05-31,India,Organic
7306,2025-08-09,USA,Google Ads
7307,2025-12-07,Canada,Google Ads
7308,2025-08-25,India,Facebook
7309,2025-08-25,Canada,Google Ads
7310,2025-08-07,India,Facebook
7311,2025-05-31,USA,Referral
7312,2025-05-03,USA,Organic
7313,2025-05-24,India,Organic
7314,2025-07-08,USA,Organic
7315,2025-09-12,UK,Organic
7316,2025-03-09,UK,Referral
7317,2025-04-14,Canada,Organic
7318,2025-12-02,UK,Facebook
7319,2025-06-08,UK,Facebook
7320,2025-11-05,Germany,Facebook
7321,2025-12-28,Germany,Facebook
7322,2025-10-27,Germany,Facebook
7323,2025-03-31,Germany,Organic
7324,2025-12-23,USA,Organic
7325,2025-09-13,Canada,Google Ads
7326,2025-12-19,Canada,Referral
7327,2025-08-08,UK,Facebook
7328,2025-01-09,Canada,Organic
7329,2025-01-12,UK,Organic
7330,2025-11-21,Canada,Organic
7331,2025-09-01,India,Facebook
7332,2025-07-01,India,Organic
7333,2025-10-11,Canada,Google Ads
7334,2025-11-08,USA,Organic
7335,2025-04-09,UK,Google Ads
7336,2025-07-16,Canada,Organic
7337,2025-08-14,UK,Google Ads
7338,2025-11-29,Germany,Organic
7339,2025-04-13,Canada,Google Ads
7340,2025-04-16,USA,Referral
7341,2025-12-31,Germany,Referral
7342,2025-02-27,Canada,Facebook
7343,2025-03-19,India,Facebook
7344,2025-03-16,Canada,Organic
7345,2025-02-11,India,Google Ads
7346,2025-11-20,India,Google Ads
7347,2025-06-30,Canada,Google Ads
7348,2025-02-02,Canada,Organic
7349,2025-03-12,India,Google Ads
7350,2025-02-25,UK,Google Ads
7351,2025-04-15,Germany,Organic
7352,2025-07-19,USA,Google Ads
7353,2025-04-11,Canada,Google Ads
7354,2025-09-13,Germany,Referral
7355,2025-11-03,Germany,Organic
7356,2025-03-15,UK,Facebook
7357,2025-06-20,Germany,Google Ads
7358,2025-05-23,Canada,Organic
7359,2025-06-15,Germany,Google Ads
7360,2025-09-18,Canada,Referral
7361,2025-08-09,Canada,Organic
7362,2025-03-24,India,Referral
7363,2025-07-01,UK,Organic
7364,2025-11-03,USA,Facebook
7365,2025-01-10,India,Organic
7366,2025-01-04,USA,Organic
7367,2025-12-17,Canada,Organic
7368,2025-12-02,India,Google Ads
7369,2025-10-19,Germany,Facebook
7370,2025-10-08,Germany,Google Ads
7371,2025-08-03,USA,Organic
7372,2025-04-08,Canada,Organic
7373,2025-04-11,USA,Referral
7374,2025-01-09,UK,Organic
7375,2025-03-02,Germany,Organic
7376,2025-11-05,India,Google Ads
7377,2025-05-26,India,Facebook
7378,2025-03-04,India,Referral
7379,2025-05-01,Germany,Organic
7380,2025-08-14,Canada,Organic
7381,2025-04-15,Germany,Google Ads
7382,2025-09-17,Germany,Organic
7383,2025-12-15,India,Referral
7384,2025-09-12,Germany,Google Ads
7385,2025-07-26,India,Organic
7386,2025-01-28,Canada,Facebook
7387,2025-06-19,UK,Google Ads
7388,2025-12-02,India,Organic
7389,2025-03-17,USA,Google Ads
7390,2025-04-26,UK,Google Ads
7391,2025-03-10,Canada,Organic
7392,2025-12-20,UK,Organic
7393,2025-08-22,India,Google Ads
7394,2025-01-01,Canada,Referral
7395,2025-06-16,USA,Google Ads
7396,2025-12-18,India,Referral
7397,2025-08-06,India,Organic
7398,2025-09-30,Canada,Facebook
7399,2025-09-08,Canada,Google Ads
7400,2025-12-13,UK,Facebook
7401,2025-12-10,USA,Google Ads
7402,2025-06-23,UK,Organic
7403,2025-06-19,UK,Facebook
7404,2025-09-03,India,Google Ads
7405,2025-03-31,Canada,Organic
7406,2025-02-18,India,Google Ads
7407,2025-10-21,USA,Organic
7408,2025-05-30,UK,Google Ads
7409,2025-05-12,USA,Organic
7410,2025-02-28,Canada,Organic
7411,2025-11-20,Canada,Organic
7412,2025-07-18,Germany,Google Ads
7413,2025-08-03,USA,Google Ads
7414,2025-02-18,India,Google Ads
7415,2025-08-20,USA,Google Ads
7416,2025-09-04,UK,Google Ads
7417,2025-08-27,Canada,Organic
7418,2025-06-17,Canada,Organic
7419,2025-02-17,USA,Organic
7420,2025-02-20,USA,Facebook
7421,2025-10-26,USA,Facebook
7422,2025-04-08,UK,Referral
7423,2025-08-04,UK,Facebook
7424,2025-06-26,India,Organic
7425,2025-03-21,USA,Referral
7426,2025-07-04,India,Referral
7427,2025-01-27,Germany,Facebook
7428,2025-07-14,UK,Organic
7429,2025-08-02,Canada,Facebook
7430,2025-12-08,Germany,Organic
7431,2025-04-24,Canada,Referral
7432,2025-08-30,Germany,Facebook
7433,2025-05-04,India,Organic
7434,2025-11-01,India,Organic
7435,2025-03-17,UK,Google Ads
7436,2025-11-07,Canada,Organic
7437,2025-11-08,Germany,Facebook
7438,2025-07-15,USA,Google Ads
7439,2025-12-17,USA,Referral
7440,2025-02-13,UK,Facebook
7441,2025-07-05,Canada,Facebook
7442,2025-12-09,USA,Organic
7443,2025-09-03,UK,Referral
7444,2025-03-25,UK,Referral
7445,2025-07-26,Canada,Facebook
7446,2025-05-31,USA,Facebook
7447,2025-06-05,USA,Google Ads
7448,2025-01-16,USA,Facebook
7449,2025-06-14,India,Referral
7450,2025-05-25,USA,Organic
7451,2025-02-06,Germany,Google Ads
7452,2025-11-29,India,Google Ads
7453,2025-02-14,India,Referral
7454,2025-07-25,India,Organic
7455,2025-03-03,India,Facebook
7456,2025-12-22,UK,Organic
7457,2025-11-04,Germany,Google Ads
7458,2025-01-19,Canada,Organic
7459,2025-12-31,USA,Organic
7460,2025-10-27,India,Organic
7461,2025-01-07,Canada,Facebook
7462,2025-09-06,UK,Facebook
7463,2025-04-27,Canada,Google Ads
7464,2025-03-09,India,Referral
7465,2025-02-03,Germany,Referral
7466,2025-07-13,Canada,Organic
7467,2025-11-21,India,Referral
7468,2025-02-24,India,Organic
7469,2025-09-23,USA,Google Ads
7470,2025-02-11,USA,Organic
7471,2025-10-24,Germany,Facebook
7472,2025-08-19,USA,Facebook
7473,2025-01-10,Germany,Google Ads
7474,2025-12-24,UK,Facebook
7475,2025-05-08,UK,Organic
7476,2025-06-28,USA,Google Ads
7477,2025-07-12,UK,Google Ads
7478,2025-04-02,Canada,Organic
7479,2025-08-19,Canada,Organic
7480,2025-03-19,Canada,Organic
7481,2025-03-26,UK,Google Ads
7482,2025-01-30,Canada,Facebook
7483,2025-08-01,Germany,Organic
7484,2025-02-18,India,Organic
7485,2025-09-22,USA,Google Ads
7486,2025-05-25,Germany,Referral
7487,2025-03-10,Canada,Google Ads
7488,2025-02-27,India,Google Ads
7489,2025-07-04,USA,Facebook
7490,2025-03-03,Germany,Facebook
7491,2025-11-04,USA,Referral
7492,2025-10-23,UK,Google Ads
7493,2025-06-15,Canada,Facebook
7494,2025-06-20,Germany,Facebook
7495,2025-03-04,Germany,Facebook
7496,2025-05-27,India,Google Ads
7497,2025-11-02,India,Google Ads
7498,2025-06-10,India,Google Ads
7499,2025-05-21,USA,Organic
7500,2025-11-30,Canada,Organic
7501,2025-04-07,USA,Organic
7502,2025-08-09,Canada,Organic
7503,2025-02-12,Germany,Facebook
7504,2025-10-19,USA,Referral
7505,2025-04-18,USA,Facebook
7506,2025-09-23,USA,Google Ads
7507,2025-04-05,UK,Organic
7508,2025-09-19,Canada,Organic
7509,2025-11-09,Canada,Facebook
7510,2025-03-12,USA,Google Ads
7511,2025-08-07,UK,Google Ads
7512,2025-01-21,USA,Organic
7513,2025-04-02,Canada,Google Ads
7514,2025-05-07,Germany,Organic
7515,2025-03-21,UK,Google Ads
7516,2025-11-08,UK,Google Ads
7517,2025-08-26,USA,Google Ads
7518,2025-07-01,Germany,Google Ads
7519,2025-01-25,Canada,Google Ads
7520,2025-06-05,India,Organic
7521,2025-01-05,Canada,Facebook
7522,2025-04-30,Canada,Organic
7523,2025-10-04,Germany,Google Ads
7524,2025-01-18,UK,Referral
7525,2025-07-17,Canada,Referral
7526,2025-02-26,UK,Google Ads
7527,2025-04-03,Germany,Referral
7528,2025-01-19,Germany,Google Ads
7529,2025-12-19,USA,Organic
7530,2025-07-12,India,Google Ads
7531,2025-08-25,Germany,Facebook
7532,2025-10-04,Germany,Facebook
7533,2025-08-15,UK,Facebook
7534,2025-08-21,Germany,Organic
7535,2025-02-09,Canada,Organic
7536,2025-11-19,USA,Facebook
7537,2025-06-02,USA,Referral
7538,2025-05-07,Canada,Referral
7539,2025-08-25,Germany,Referral
7540,2025-02-24,India,Referral
7541,2025-06-21,Germany,Google Ads
7542,2025-04-19,USA,Facebook
7543,2025-12-20,India,Google Ads
7544,2025-07-03,UK,Referral
7545,2025-07-17,UK,Google Ads
7546,2025-03-28,Germany,Facebook
7547,2025-07-20,Germany,Google Ads
7548,2025-12-03,India,Google Ads
7549,2025-11-18,India,Google Ads
7550,2025-10-02,Germany,Organic
7551,2025-07-30,USA,Google Ads
7552,2025-04-28,UK,Organic
7553,2025-07-10,India,Organic
7554,2025-02-11,USA,Organic
7555,2025-02-11,Germany,Google Ads
7556,2025-11-11,Canada,Referral
7557,2025-10-03,India,Organic
7558,2025-11-25,Canada,Google Ads
7559,2025-01-17,USA,Organic
7560,2025-10-10,UK,Organic
7561,2025-09-15,USA,Facebook
7562,2025-03-04,UK,Google Ads
7563,2025-03-03,USA,Organic
7564,2025-04-10,India,Organic
7565,2025-01-19,India,Google Ads
7566,2025-01-17,Canada,Organic
7567,2025-11-21,USA,Facebook
7568,2025-09-03,USA,Organic
7569,2025-09-08,Canada,Facebook
7570,2025-03-22,Germany,Facebook
7571,2025-02-08,USA,Referral
7572,2025-02-05,USA,Organic
7573,2025-07-16,USA,Facebook
7574,2025-06-07,Germany,Facebook
7575,2025-07-23,India,Organic
7576,2025-07-15,Canada,Organic
7577,2025-08-04,Germany,Organic
7578,2025-10-12,UK,Facebook
7579,2025-07-15,UK,Referral
7580,2025-11-03,Germany,Organic
7581,2025-06-01,Germany,Google Ads
7582,2025-01-14,India,Organic
7583,2025-11-21,UK,Facebook
7584,2025-05-26,Canada,Organic
7585,2025-02-26,USA,Google Ads
7586,2025-07-30,USA,Facebook
7587,2025-09-25,India,Facebook
7588,2025-07-29,India,Google Ads
7589,2025-01-17,UK,Facebook
7590,2025-10-13,Canada,Organic
7591,2025-12-10,Canada,Facebook
7592,2025-07-22,Germany,Organic
7593,2025-04-09,India,Organic
7594,2025-10-06,USA,Organic
7595,2025-07-28,USA,Facebook
7596,2025-05-09,UK,Google Ads
7597,2025-12-01,USA,Google Ads
7598,2025-10-15,Canada,Organic
7599,2025-09-09,Canada,Facebook
7600,2025-09-22,India,Organic
7601,2025-09-28,UK,Organic
7602,2025-07-07,USA,Google Ads
7603,2025-08-02,India,Organic
7604,2025-10-10,Germany,Google Ads
7605,2025-07-30,Germany,Referral
7606,2025-12-31,USA,Google Ads
7607,2025-03-17,USA,Facebook
7608,2025-05-28,USA,Google Ads
7609,2025-11-17,Canada,Referral
7610,2025-08-01,USA,Referral
7611,2025-04-19,Germany,Google Ads
7612,2025-05-09,USA,Google Ads
7613,2025-01-10,UK,Google Ads
7614,2025-02-16,Germany,Organic
7615,2025-11-11,UK,Facebook
7616,2025-04-06,Germany,Organic
7617,2025-04-13,India,Google Ads
7618,2025-12-08,Germany,Organic
7619,2025-05-26,Germany,Facebook
7620,2025-01-27,UK,Organic
7621,2025-08-08,UK,Organic
7622,2025-01-18,Germany,Google Ads
7623,2025-06-16,Germany,Organic
7624,2025-03-23,Canada,Organic
7625,2025-03-13,India,Facebook
7626,2025-11-06,India,Google Ads
7627,2025-09-11,USA,Organic
7628,2025-06-11,Germany,Referral
7629,2025-11-23,Germany,Referral
7630,2025-02-07,Germany,Organic
7631,2025-07-20,Germany,Facebook
7632,2025-07-19,India,Facebook
7633,2025-09-12,UK,Google Ads
7634,2025-06-28,Canada,Facebook
7635,2025-02-04,UK,Google Ads
7636,2025-03-23,UK,Google Ads
7637,2025-08-08,India,Referral
7638,2025-06-07,Canada,Referral
7639,2025-01-04,Germany,Referral
7640,2025-06-16,India,Google Ads
7641,2025-07-23,India,Referral
7642,2025-07-13,Canada,Google Ads
7643,2025-08-23,USA,Facebook
7644,2025-07-25,India,Organic
7645,2025-05-30,UK,Facebook
7646,2025-06-08,UK,Referral
7647,2025-10-06,Germany,Facebook
7648,2025-10-31,India,Facebook
7649,2025-06-15,Germany,Google Ads
7650,2025-11-07,India,Referral
7651,2025-03-09,Canada,Facebook
7652,2025-03-29,India,Organic
7653,2025-08-05,USA,Organic
7654,2025-01-01,UK,Organic
7655,2025-05-15,Canada,Facebook
7656,2025-07-04,UK,Google Ads
7657,2025-12-17,Germany,Organic
7658,2025-05-20,Canada,Referral
7659,2025-04-16,USA,Organic
7660,2025-05-13,UK,Google Ads
7661,2025-04-18,India,Google Ads
7662,2025-06-27,India,Facebook
7663,2025-10-25,India,Organic
7664,2025-12-24,Canada,Facebook
7665,2025-12-25,USA,Organic
7666,2025-05-26,USA,Referral
7667,2025-03-15,USA,Facebook
7668,2025-04-18,UK,Google Ads
7669,2025-05-02,Canada,Referral
7670,2025-01-17,India,Facebook
7671,2025-07-15,UK,Facebook
7672,2025-11-23,USA,Facebook
7673,2025-11-14,India,Facebook
7674,2025-10-24,Canada,Organic
7675,2025-09-09,Germany,Facebook
7676,2025-04-29,USA,Facebook
7677,2025-06-11,USA,Organic
7678,2025-07-17,USA,Google Ads
7679,2025-02-14,USA,Google Ads
7680,2025-11-10,India,Organic
7681,2025-06-28,Canada,Referral
7682,2025-02-13,UK,Google Ads
7683,2025-09-28,India,Google Ads
7684,2025-03-19,Canada,Organic
7685,2025-11-22,UK,Organic
7686,2025-06-27,USA,Facebook
7687,2025-12-23,Canada,Google Ads
7688,2025-01-03,USA,Google Ads
7689,2025-08-02,Canada,Organic
7690,2025-12-08,Germany,Facebook
7691,2025-03-15,USA,Referral
7692,2025-02-20,USA,Organic
7693,2025-03-08,USA,Organic
7694,2025-11-28,India,Referral
7695,2025-04-03,UK,Google Ads
7696,2025-06-25,USA,Facebook
7697,2025-05-25,USA,Google Ads
7698,2025-01-07,India,Facebook
7699,2025-09-26,India,Google Ads
7700,2025-11-18,Germany,Google Ads
7701,2025-01-04,Canada,Referral
7702,2025-05-18,USA,Organic
7703,2025-08-19,Canada,Referral
7704,2025-03-29,India,Facebook
7705,2025-01-17,India,Organic
7706,2025-02-21,Germany,Google Ads
7707,2025-05-14,UK,Facebook
7708,2025-07-30,India,Organic
7709,2025-11-21,USA,Google Ads
7710,2025-08-07,Germany,Organic
7711,2025-07-24,UK,Google Ads
7712,2025-07-30,Germany,Facebook
7713,2025-10-04,India,Facebook
7714,2025-01-24,UK,Referral
7715,2025-01-04,Canada,Google Ads
7716,2025-06-01,UK,Organic
7717,2025-09-16,USA,Facebook
7718,2025-11-20,Canada,Google Ads
7719,2025-12-23,Canada,Organic
7720,2025-06-17,USA,Google Ads
7721,2025-06-25,Canada,Google Ads
7722,2025-11-06,India,Google Ads
7723,2025-10-18,UK,Organic
7724,2025-02-25,UK,Google Ads
7725,2025-04-18,USA,Facebook
7726,2025-10-23,India,Google Ads
7727,2025-11-20,Canada,Google Ads
7728,2025-10-29,UK,Google Ads
7729,2025-11-30,UK,Facebook
7730,2025-05-21,UK,Google Ads
7731,2025-06-04,UK,Google Ads
7732,2025-09-19,Germany,Organic
7733,2025-09-30,USA,Facebook
7734,2025-08-20,Canada,Google Ads
7735,2025-08-29,Canada,Facebook
7736,2025-12-21,USA,Google Ads
7737,2025-12-03,India,Organic
7738,2025-09-15,USA,Facebook
7739,2025-09-06,UK,Google Ads
7740,2025-03-18,UK,Google Ads
7741,2025-06-29,USA,Facebook
7742,2025-03-07,USA,Organic
7743,2025-11-04,Canada,Google Ads
7744,2025-12-14,Canada,Google Ads
7745,2025-06-20,Germany,Facebook
7746,2025-01-22,Germany,Organic
7747,2025-04-17,UK,Google Ads
7748,2025-11-19,Germany,Google Ads
7749,2025-08-15,Germany,Google Ads
7750,2025-08-04,India,Google Ads
7751,2025-03-10,USA,Facebook
7752,2025-03-25,Canada,Google Ads
7753,2025-04-13,Germany,Organic
7754,2025-02-08,Canada,Referral
7755,2025-01-13,Germany,Organic
7756,2025-10-24,Germany,Facebook
7757,2025-11-09,UK,Organic
7758,2025-06-30,India,Organic
7759,2025-09-25,USA,Organic
7760,2025-01-13,USA,Organic
7761,2025-04-30,UK,Organic
7762,2025-12-19,UK,Google Ads
7763,2025-02-26,USA,Facebook
7764,2025-02-09,USA,Facebook
7765,2025-12-02,India,Google Ads
7766,2025-05-08,Germany,Facebook
7767,2025-06-22,India,Facebook
7768,2025-02-04,USA,Organic
7769,2025-09-16,Germany,Referral
7770,2025-01-05,USA,Google Ads
7771,2025-08-06,India,Google Ads
7772,2025-01-11,India,Referral
7773,2025-11-23,India,Referral
7774,2025-04-27,Germany,Facebook
7775,2025-07-03,Canada,Google Ads
7776,2025-12-28,Canada,Facebook
7777,2025-04-26,USA,Google Ads
7778,2025-06-11,Germany,Referral
7779,2025-03-08,UK,Organic
7780,2025-07-19,Canada,Google Ads
7781,2025-01-31,Germany,Referral
7782,2025-03-16,Germany,Organic
7783,2025-08-25,Canada,Referral
7784,2025-11-23,Germany,Referral
7785,2025-03-07,Germany,Google Ads
7786,2025-03-11,Canada,Google Ads
7787,2025-10-24,India,Facebook
7788,2025-01-20,USA,Referral
7789,2025-08-14,UK,Referral
7790,2025-07-18,USA,Organic
7791,2025-02-08,India,Google Ads
7792,2025-05-25,India,Google Ads
7793,2025-02-14,Germany,Organic
7794,2025-11-22,USA,Organic
7795,2025-04-01,India,Facebook
7796,2025-08-26,USA,Facebook
7797,2025-03-11,India,Organic
7798,2025-06-15,UK,Referral
7799,2025-05-10,India,Facebook
7800,2025-08-02,USA,Google Ads
7801,2025-12-06,Germany,Organic
7802,2025-03-30,USA,Referral
7803,2025-12-01,Canada,Facebook
7804,2025-09-09,USA,Google Ads
7805,2025-12-15,UK,Google Ads
7806,2025-03-13,UK,Google Ads
7807,2025-06-14,UK,Google Ads
7808,2025-02-18,India,Organic
7809,2025-02-21,UK,Google Ads
7810,2025-10-16,USA,Organic
7811,2025-10-05,Germany,Google Ads
7812,2025-04-24,UK,Google Ads
7813,2025-08-27,USA,Facebook
7814,2025-05-13,India,Facebook
7815,2025-10-01,India,Google Ads
7816,2025-06-15,Germany,Organic
7817,2025-10-20,Germany,Google Ads
7818,2025-08-31,USA,Facebook
7819,2025-11-16,Germany,Organic
7820,2025-05-18,Germany,Referral
7821,2025-03-20,India,Facebook
7822,2025-06-19,USA,Facebook
7823,2025-05-03,Germany,Organic
7824,2025-06-25,USA,Facebook
7825,2025-10-27,UK,Organic
7826,2025-03-23,India,Google Ads
7827,2025-03-28,India,Organic
7828,2025-08-13,India,Google Ads
7829,2025-01-16,Canada,Referral
7830,2025-11-06,USA,Facebook
7831,2025-12-24,UK,Referral
7832,2025-06-12,Germany,Facebook
7833,2025-04-08,UK,Google Ads
7834,2025-06-05,USA,Google Ads
7835,2025-01-02,India,Referral
7836,2025-12-16,Canada,Facebook
7837,2025-06-18,USA,Facebook
7838,2025-11-11,USA,Google Ads
7839,2025-11-21,Germany,Referral
7840,2025-04-02,UK,Google Ads
7841,2025-06-30,UK,Google Ads
7842,2025-08-19,Germany,Referral
7843,2025-10-28,Canada,Referral
7844,2025-05-28,India,Google Ads
7845,2025-10-07,India,Referral
7846,2025-07-08,Canada,Google Ads
7847,2025-12-13,Germany,Google Ads
7848,2025-12-16,USA,Organic
7849,2025-11-10,UK,Organic
7850,2025-05-08,USA,Google Ads
7851,2025-01-07,UK,Google Ads
7852,2025-02-16,USA,Google Ads
7853,2025-02-22,Germany,Organic
7854,2025-07-06,Germany,Referral
7855,2025-02-07,Canada,Google Ads
7856,2025-08-14,USA,Organic
7857,2025-02-22,USA,Google Ads
7858,2025-08-12,Canada,Organic
7859,2025-06-03,Canada,Google Ads
7860,2025-02-17,Germany,Organic
7861,2025-12-17,Germany,Google Ads
7862,2025-05-27,USA,Referral
7863,2025-03-05,Germany,Google Ads
7864,2025-12-15,Germany,Facebook
7865,2025-07-01,USA,Organic
7866,2025-05-05,Canada,Facebook
7867,2025-06-28,USA,Google Ads
7868,2025-02-08,India,Facebook
7869,2025-09-17,USA,Organic
7870,2025-01-03,India,Facebook
7871,2025-03-05,USA,Google Ads
7872,2025-01-29,India,Facebook
7873,2025-01-11,India,Referral
7874,2025-04-07,USA,Google Ads
7875,2025-12-24,Germany,Facebook
7876,2025-07-22,UK,Organic
7877,2025-01-21,Germany,Google Ads
7878,2025-02-08,India,Facebook
7879,2025-08-11,USA,Referral
7880,2025-04-12,USA,Google Ads
7881,2025-02-15,USA,Organic
7882,2025-03-07,USA,Organic
7883,2025-04-01,UK,Google Ads
7884,2025-06-13,Canada,Google Ads
7885,2025-04-21,India,Referral
7886,2025-12-04,UK,Organic
7887,2025-05-03,Germany,Google Ads
7888,2025-07-12,Canada,Google Ads
7889,2025-04-09,Canada,Organic
7890,2025-10-18,USA,Facebook
7891,2025-06-08,UK,Facebook
7892,2025-04-13,Germany,Referral
7893,2025-10-08,USA,Facebook
7894,2025-02-12,USA,Referral
7895,2025-03-25,India,Organic
7896,2025-07-10,Canada,Google Ads
7897,2025-02-20,Germany,Organic
7898,2025-07-29,Canada,Facebook
7899,2025-05-06,UK,Google Ads
7900,2025-03-10,India,Google Ads
7901,2025-09-22,USA,Organic
7902,2025-09-15,India,Organic
7903,2025-07-07,USA,Referral
7904,2025-08-18,India,Referral
7905,2025-07-08,USA,Google Ads
7906,2025-01-10,Canada,Organic
7907,2025-04-24,Canada,Google Ads
7908,2025-03-17,Canada,Google Ads
7909,2025-06-13,Canada,Google Ads
7910,2025-03-26,India,Organic
7911,2025-02-18,USA,Google Ads
7912,2025-11-22,Canada,Facebook
7913,2025-06-26,India,Google Ads
7914,2025-08-06,USA,Facebook
7915,2025-07-08,India,Referral
7916,2025-12-12,Canada,Referral
7917,2025-08-18,UK,Organic
7918,2025-09-12,India,Organic
7919,2025-08-24,Canada,Organic
7920,2025-01-26,Germany,Organic
7921,2025-03-13,USA,Organic
7922,2025-09-18,Canada,Google Ads
7923,2025-09-11,Germany,Facebook
7924,2025-09-28,India,Facebook
7925,2025-05-03,India,Facebook
7926,2025-05-24,Germany,Facebook
7927,2025-09-14,Germany,Organic
7928,2025-05-24,USA,Organic
7929,2025-09-16,India,Google Ads
7930,2025-02-16,Germany,Google Ads
7931,2025-12-17,UK,Organic
7932,2025-01-13,UK,Google Ads
7933,2025-07-27,Germany,Google Ads
7934,2025-11-07,USA,Organic
7935,2025-08-23,India,Facebook
7936,2025-05-29,UK,Referral
7937,2025-11-18,Germany,Organic
7938,2025-06-04,Germany,Referral
7939,2025-06-15,Canada,Google Ads
7940,2025-03-31,Germany,Google Ads
7941,2025-07-05,USA,Google Ads
7942,2025-11-14,UK,Google Ads
7943,2025-12-24,Canada,Facebook
7944,2025-06-23,UK,Organic
7945,2025-08-05,UK,Referral
7946,2025-09-21,USA,Referral
7947,2025-04-07,Germany,Facebook
7948,2025-04-27,USA,Organic
7949,2025-07-18,Germany,Google Ads
7950,2025-11-16,Canada,Facebook
7951,2025-01-21,USA,Referral
7952,2025-07-19,USA,Google Ads
7953,2025-12-07,India,Facebook
7954,2025-09-05,USA,Referral
7955,2025-10-03,India,Google Ads
7956,2025-09-21,Germany,Referral
7957,2025-02-27,Germany,Google Ads
7958,2025-10-29,Germany,Referral
7959,2025-01-31,India,Facebook
7960,2025-09-06,Germany,Google Ads
7961,2025-04-03,UK,Google Ads
7962,2025-09-22,USA,Organic
7963,2025-09-28,India,Referral
7964,2025-04-04,Germany,Organic
7965,2025-06-03,UK,Referral
7966,2025-10-12,USA,Organic
7967,2025-03-21,USA,Google Ads
7968,2025-10-19,Germany,Organic
7969,2025-03-25,UK,Facebook
7970,2025-12-31,India,Facebook
7971,2025-02-06,Germany,Google Ads
7972,2025-12-08,USA,Google Ads
7973,2025-11-23,USA,Organic
7974,2025-08-20,USA,Google Ads
7975,2025-04-03,Germany,Organic
7976,2025-12-02,Canada,Referral
7977,2025-04-12,Canada,Google Ads
7978,2025-06-15,Canada,Organic
7979,2025-06-08,UK,Organic
7980,2025-01-14,Germany,Google Ads
7981,2025-08-13,USA,Organic
7982,2025-03-14,UK,Google Ads
7983,2025-09-06,Canada,Google Ads
7984,2025-04-01,India,Google Ads
7985,2025-08-04,UK,Facebook
7986,2025-03-31,UK,Facebook
7987,2025-01-29,Germany,Facebook
7988,2025-11-01,UK,Google Ads
7989,2025-08-08,Germany,Organic
7990,2025-11-24,India,Referral
7991,2025-08-03,USA,Facebook
7992,2025-08-09,USA,Google Ads
7993,2025-02-11,Canada,Google Ads
7994,2025-05-15,Canada,Referral
7995,2025-02-11,India,Google Ads
7996,2025-06-13,USA,Google Ads
7997,2025-12-27,Canada,Facebook
7998,2025-10-10,UK,Organic
7999,2025-02-27,Germany,Facebook
8000,2025-10-29,Canada,Google Ads
8001,2025-11-18,India,Organic
8002,2025-01-25,USA,Organic
8003,2025-03-14,India,Organic
8004,2025-05-09,Germany,Google Ads
8005,2025-03-28,Germany,Organic
8006,2025-11-26,India,Facebook
8007,2025-06-02,Canada,Facebook
8008,2025-07-01,Canada,Facebook
8009,2025-05-05,USA,Google Ads
8010,2025-03-08,USA,Google Ads
8011,2025-01-06,UK,Google Ads
8012,2025-05-05,UK,Facebook
8013,2025-11-10,USA,Facebook
8014,2025-11-22,UK,Organic
8015,2025-02-22,India,Google Ads
8016,2025-03-07,Canada,Referral
8017,2025-11-10,UK,Google Ads
8018,2025-03-23,UK,Facebook
8019,2025-03-28,India,Google Ads
8020,2025-01-02,Germany,Organic
8021,2025-07-23,USA,Organic
8022,2025-05-30,India,Referral
8023,2025-10-20,Germany,Facebook
8024,2025-04-13,India,Google Ads
8025,2025-01-24,Canada,Organic
8026,2025-07-31,India,Organic
8027,2025-03-06,India,Referral
8028,2025-07-28,Canada,Google Ads
8029,2025-09-08,USA,Organic
8030,2025-04-27,Germany,Google Ads
8031,2025-04-26,UK,Facebook
8032,2025-08-25,USA,Google Ads
8033,2025-04-15,India,Organic
8034,2025-09-16,UK,Organic
8035,2025-02-15,Canada,Google Ads
8036,2025-11-07,USA,Facebook
8037,2025-11-27,Germany,Facebook
8038,2025-08-04,USA,Google Ads
8039,2025-10-28,USA,Google Ads
8040,2025-11-29,UK,Facebook
8041,2025-01-24,Canada,Organic
8042,2025-02-04,Canada,Facebook
8043,2025-01-24,USA,Facebook
8044,2025-01-28,Canada,Referral
8045,2025-01-16,UK,Google Ads
8046,2025-02-28,UK,Organic
8047,2025-08-31,Germany,Facebook
8048,2025-07-26,Canada,Referral
8049,2025-09-28,Germany,Facebook
8050,2025-09-06,India,Organic
8051,2025-09-24,UK,Google Ads
8052,2025-07-12,USA,Referral
8053,2025-12-01,UK,Facebook
8054,2025-08-06,India,Facebook
8055,2025-04-25,USA,Google Ads
8056,2025-03-09,Canada,Referral
8057,2025-10-26,Canada,Organic
8058,2025-11-21,UK,Google Ads
8059,2025-03-16,USA,Google Ads
8060,2025-04-13,USA,Facebook
8061,2025-10-24,Germany,Google Ads
8062,2025-06-27,India,Facebook
8063,2025-08-03,Canada,Referral
8064,2025-11-11,UK,Organic
8065,2025-02-08,USA,Referral
8066,2025-09-16,Canada,Facebook
8067,2025-07-23,UK,Organic
8068,2025-01-07,Canada,Facebook
8069,2025-02-18,UK,Facebook
8070,2025-01-26,Canada,Facebook
8071,2025-06-10,Germany,Facebook
8072,2025-12-23,India,Referral
8073,2025-06-25,Canada,Facebook
8074,2025-03-20,India,Organic
8075,2025-01-02,Canada,Organic
8076,2025-05-12,USA,Facebook
8077,2025-10-03,Germany,Facebook
8078,2025-04-27,Germany,Facebook
8079,2025-06-13,India,Google Ads
8080,2025-10-15,USA,Organic
8081,2025-01-28,UK,Referral
8082,2025-11-29,Germany,Google Ads
8083,2025-01-01,USA,Referral
8084,2025-07-07,USA,Google Ads
8085,2025-02-25,India,Facebook
8086,2025-02-04,USA,Facebook
8087,2025-04-22,USA,Google Ads
8088,2025-10-13,UK,Google Ads
8089,2025-11-06,India,Facebook
8090,2025-02-05,India,Google Ads
8091,2025-08-05,USA,Google Ads
8092,2025-03-21,UK,Google Ads
8093,2025-11-10,Canada,Google Ads
8094,2025-03-24,Germany,Google Ads
8095,2025-03-06,India,Organic
8096,2025-11-21,UK,Organic
8097,2025-05-08,UK,Google Ads
8098,2025-11-03,USA,Google Ads
8099,2025-01-22,Germany,Organic
8100,2025-08-04,India,Google Ads
8101,2025-04-17,Canada,Organic
8102,2025-04-19,USA,Google Ads
8103,2025-12-23,India,Google Ads
8104,2025-06-30,India,Google Ads
8105,2025-12-22,UK,Google Ads
8106,2025-06-13,Germany,Organic
8107,2025-03-09,Canada,Google Ads
8108,2025-10-19,Germany,Referral
8109,2025-06-29,UK,Facebook
8110,2025-06-30,Canada,Referral
8111,2025-06-18,Canada,Google Ads
8112,2025-01-22,USA,Google Ads
8113,2025-03-07,Canada,Organic
8114,2025-01-21,India,Google Ads
8115,2025-04-10,Germany,Organic
8116,2025-10-27,Germany,Facebook
8117,2025-04-13,USA,Organic
8118,2025-02-16,Canada,Google Ads
8119,2025-02-08,UK,Organic
8120,2025-10-12,India,Organic
8121,2025-11-06,USA,Organic
8122,2025-03-31,Canada,Google Ads
8123,2025-03-26,UK,Referral
8124,2025-09-30,Canada,Referral
8125,2025-12-02,USA,Referral
8126,2025-07-07,UK,Organic
8127,2025-06-08,UK,Facebook
8128,2025-08-31,UK,Google Ads
8129,2025-03-14,UK,Referral
8130,2025-02-18,Canada,Referral
8131,2025-04-11,UK,Google Ads
8132,2025-01-02,Canada,Facebook
8133,2025-09-01,UK,Referral
8134,2025-06-25,UK,Google Ads
8135,2025-08-26,USA,Google Ads
8136,2025-02-28,Canada,Referral
8137,2025-12-19,Canada,Organic
8138,2025-04-09,Germany,Referral
8139,2025-12-25,USA,Google Ads
8140,2025-01-02,Canada,Google Ads
8141,2025-08-31,USA,Organic
8142,2025-10-24,USA,Facebook
8143,2025-07-30,USA,Google Ads
8144,2025-05-03,India,Referral
8145,2025-08-17,Canada,Referral
8146,2025-03-23,USA,Google Ads
8147,2025-05-24,India,Google Ads
8148,2025-05-20,India,Google Ads
8149,2025-01-29,UK,Facebook
8150,2025-09-27,UK,Google Ads
8151,2025-09-04,Canada,Facebook
8152,2025-01-12,UK,Facebook
8153,2025-12-21,Canada,Referral
8154,2025-12-03,India,Google Ads
8155,2025-04-16,India,Organic
8156,2025-02-01,Canada,Organic
8157,2025-03-15,UK,Organic
8158,2025-06-20,UK,Referral
8159,2025-12-03,Canada,Organic
8160,2025-03-10,Germany,Referral
8161,2025-10-28,UK,Google Ads
8162,2025-12-28,USA,Organic
8163,2025-05-17,UK,Facebook
8164,2025-04-10,Germany,Referral
8165,2025-05-26,India,Google Ads
8166,2025-01-09,India,Google Ads
8167,2025-03-03,India,Organic
8168,2025-07-04,UK,Google Ads
8169,2025-01-29,India,Organic
8170,2025-04-24,Germany,Referral
8171,2025-05-23,Germany,Referral
8172,2025-04-30,UK,Google Ads
8173,2025-06-19,USA,Google Ads
8174,2025-06-06,UK,Organic
8175,2025-12-01,India,Organic
8176,2025-12-15,UK,Organic
8177,2025-09-17,Germany,Organic
8178,2025-03-23,UK,Organic
8179,2025-08-30,UK,Google Ads
8180,2025-06-21,USA,Organic
8181,2025-08-19,Germany,Google Ads
8182,2025-07-27,Canada,Google Ads
8183,2025-03-16,Canada,Organic
8184,2025-09-27,Germany,Facebook
8185,2025-04-24,Canada,Organic
8186,2025-03-03,India,Facebook
8187,2025-12-28,Canada,Google Ads
8188,2025-11-16,India,Facebook
8189,2025-04-12,Germany,Organic
8190,2025-12-28,Canada,Google Ads
8191,2025-07-29,Canada,Organic
8192,2025-09-12,India,Organic
8193,2025-01-20,India,Facebook
8194,2025-02-27,UK,Referral
8195,2025-04-22,USA,Referral
8196,2025-11-09,Canada,Referral
8197,2025-07-15,USA,Organic
8198,2025-12-19,USA,Facebook
8199,2025-04-02,Canada,Facebook
8200,2025-02-21,India,Organic
8201,2025-10-20,UK,Google Ads
8202,2025-01-08,Germany,Organic
8203,2025-10-27,Canada,Facebook
8204,2025-04-08,Canada,Google Ads
8205,2025-08-24,Germany,Organic
8206,2025-03-10,USA,Google Ads
8207,2025-02-14,UK,Google Ads
8208,2025-05-17,USA,Referral
8209,2025-08-22,Germany,Facebook
8210,2025-02-01,Germany,Facebook
8211,2025-10-16,UK,Google Ads
8212,2025-05-06,Germany,Facebook
8213,2025-03-08,Germany,Google Ads
8214,2025-01-30,UK,Organic
8215,2025-04-24,Canada,Organic
8216,2025-07-23,USA,Referral
8217,2025-01-29,Canada,Google Ads
8218,2025-05-11,Canada,Organic
8219,2025-07-04,USA,Organic
8220,2025-09-10,Canada,Google Ads
8221,2025-10-13,UK,Google Ads
8222,2025-03-03,USA,Organic
8223,2025-01-03,India,Organic
8224,2025-03-09,Canada,Facebook
8225,2025-01-25,Germany,Google Ads
8226,2025-06-28,USA,Facebook
8227,2025-05-21,India,Facebook
8228,2025-08-19,Germany,Facebook
8229,2025-10-27,India,Facebook
8230,2025-06-12,Canada,Organic
8231,2025-11-07,Germany,Organic
8232,2025-05-10,Canada,Organic
8233,2025-09-03,Germany,Organic
8234,2025-10-24,USA,Google Ads
8235,2025-06-21,UK,Facebook
8236,2025-03-05,UK,Google Ads
8237,2025-01-31,India,Facebook
8238,2025-02-16,Germany,Referral
8239,2025-05-10,Canada,Organic
8240,2025-12-18,USA,Google Ads
8241,2025-11-29,USA,Google Ads
8242,2025-04-20,USA,Google Ads
8243,2025-03-10,UK,Google Ads
8244,2025-02-27,Canada,Facebook
8245,2025-04-16,USA,Facebook
8246,2025-10-27,USA,Google Ads
8247,2025-11-26,India,Google Ads
8248,2025-09-13,Germany,Organic
8249,2025-11-08,Germany,Organic
8250,2025-06-20,Germany,Organic
8251,2025-06-11,India,Google Ads
8252,2025-10-13,UK,Organic
8253,2025-03-12,India,Organic
8254,2025-09-12,USA,Google Ads
8255,2025-02-24,Canada,Google Ads
8256,2025-11-19,USA,Facebook
8257,2025-01-03,USA,Facebook
8258,2025-01-26,Canada,Google Ads
8259,2025-11-09,Germany,Organic
8260,2025-05-06,India,Google Ads
8261,2025-02-22,UK,Facebook
8262,2025-07-17,USA,Facebook
8263,2025-10-26,USA,Facebook
8264,2025-07-07,UK,Referral
8265,2025-07-05,India,Referral
8266,2025-11-01,USA,Google Ads
8267,2025-10-25,UK,Facebook
8268,2025-07-23,USA,Organic
8269,2025-01-11,Germany,Facebook
8270,2025-12-25,Germany,Organic
8271,2025-12-20,USA,Referral
8272,2025-05-26,USA,Organic
8273,2025-03-26,Germany,Google Ads
8274,2025-04-10,USA,Organic
8275,2025-04-14,India,Referral
8276,2025-02-15,India,Organic
8277,2025-02-13,Canada,Facebook
8278,2025-10-05,India,Referral
8279,2025-06-30,USA,Referral
8280,2025-07-06,USA,Referral
8281,2025-04-24,UK,Facebook
8282,2025-09-12,India,Organic
8283,2025-01-30,Germany,Organic
8284,2025-09-21,Germany,Google Ads
8285,2025-04-08,Canada,Facebook
8286,2025-11-09,UK,Organic
8287,2025-11-25,Germany,Referral
8288,2025-04-25,Canada,Referral
8289,2025-10-03,India,Google Ads
8290,2025-10-08,UK,Facebook
8291,2025-10-02,UK,Facebook
8292,2025-09-18,USA,Referral
8293,2025-11-27,India,Google Ads
8294,2025-07-26,UK,Organic
8295,2025-11-24,Canada,Organic
8296,2025-07-30,Germany,Referral
8297,2025-08-03,India,Facebook
8298,2025-02-09,India,Organic
8299,2025-01-26,UK,Referral
8300,2025-01-27,UK,Organic
8301,2025-07-09,UK,Google Ads
8302,2025-03-24,Canada,Google Ads
8303,2025-06-19,USA,Organic
8304,2025-06-16,UK,Facebook
8305,2025-07-07,USA,Organic
8306,2025-06-18,USA,Organic
8307,2025-10-16,India,Referral
8308,2025-08-17,Germany,Facebook
8309,2025-04-07,Germany,Organic
8310,2025-01-16,Canada,Google Ads
8311,2025-10-06,Canada,Facebook
8312,2025-05-15,Germany,Google Ads
8313,2025-01-26,Germany,Organic
8314,2025-12-18,India,Organic
8315,2025-01-12,India,Google Ads
8316,2025-03-13,Germany,Facebook
8317,2025-05-13,UK,Organic
8318,2025-04-16,UK,Organic
8319,2025-08-08,India,Organic
8320,2025-06-26,USA,Referral
8321,2025-10-09,Germany,Referral
8322,2025-05-13,Canada,Facebook
8323,2025-01-22,UK,Facebook
8324,2025-09-26,USA,Organic
8325,2025-06-10,UK,Organic
8326,2025-04-17,USA,Facebook
8327,2025-10-06,Germany,Organic
8328,2025-12-19,Germany,Google Ads
8329,2025-08-23,Germany,Referral
8330,2025-01-18,India,Organic
8331,2025-08-30,USA,Facebook
8332,2025-04-27,Canada,Facebook
8333,2025-10-13,Canada,Google Ads
8334,2025-10-09,Germany,Organic
8335,2025-05-24,Canada,Organic
8336,2025-07-24,UK,Organic
8337,2025-02-08,USA,Google Ads
8338,2025-06-03,USA,Google Ads
8339,2025-06-25,USA,Facebook
8340,2025-08-29,UK,Google Ads
8341,2025-05-14,India,Facebook
8342,2025-02-15,UK,Google Ads
8343,2025-02-19,USA,Facebook
8344,2025-06-15,USA,Organic
8345,2025-04-16,USA,Referral
8346,2025-08-04,Canada,Facebook
8347,2025-05-26,India,Organic
8348,2025-03-13,UK,Google Ads
8349,2025-11-26,USA,Facebook
8350,2025-09-30,Germany,Referral
8351,2025-09-04,India,Google Ads
8352,2025-07-05,Germany,Google Ads
8353,2025-03-11,India,Google Ads
8354,2025-05-30,USA,Facebook
8355,2025-09-03,India,Organic
8356,2025-09-19,India,Google Ads
8357,2025-01-26,USA,Google Ads
8358,2025-05-20,Germany,Referral
8359,2025-04-09,Germany,Facebook
8360,2025-10-05,Canada,Facebook
8361,2025-02-20,Germany,Referral
8362,2025-05-31,Germany,Facebook
8363,2025-04-14,India,Referral
8364,2025-03-30,Canada,Referral
8365,2025-05-21,USA,Google Ads
8366,2025-08-01,USA,Facebook
8367,2025-08-21,UK,Facebook
8368,2025-07-02,Canada,Referral
8369,2025-09-08,India,Facebook
8370,2025-01-09,UK,Organic
8371,2025-03-20,UK,Referral
8372,2025-02-21,USA,Organic
8373,2025-09-26,Germany,Referral
8374,2025-08-14,India,Organic
8375,2025-02-20,Canada,Referral
8376,2025-07-05,UK,Google Ads
8377,2025-02-03,India,Organic
8378,2025-10-18,USA,Organic
8379,2025-08-18,UK,Facebook
8380,2025-05-11,UK,Google Ads
8381,2025-04-30,USA,Organic
8382,2025-11-22,USA,Google Ads
8383,2025-09-04,USA,Facebook
8384,2025-07-11,India,Facebook
8385,2025-11-19,India,Referral
8386,2025-07-29,India,Google Ads
8387,2025-04-13,Germany,Organic
8388,2025-11-25,UK,Google Ads
8389,2025-05-13,India,Facebook
8390,2025-11-19,Germany,Facebook
8391,2025-05-19,UK,Organic
8392,2025-05-01,India,Organic
8393,2025-04-04,USA,Organic
8394,2025-05-09,Canada,Organic
8395,2025-04-01,India,Facebook
8396,2025-04-02,Canada,Organic
8397,2025-03-04,India,Facebook
8398,2025-01-29,USA,Google Ads
8399,2025-07-29,Canada,Referral
8400,2025-01-12,Germany,Referral
8401,2025-11-29,USA,Facebook
8402,2025-10-24,Canada,Referral
8403,2025-05-10,Canada,Organic
8404,2025-10-20,USA,Facebook
8405,2025-06-22,USA,Facebook
8406,2025-07-27,USA,Referral
8407,2025-01-24,UK,Organic
8408,2025-04-09,Germany,Facebook
8409,2025-12-22,India,Organic
8410,2025-05-19,Canada,Organic
8411,2025-11-10,India,Facebook
8412,2025-06-23,USA,Organic
8413,2025-01-29,Germany,Facebook
8414,2025-05-23,Germany,Organic
8415,2025-11-12,UK,Referral
8416,2025-12-17,USA,Referral
8417,2025-02-11,Canada,Organic
8418,2025-10-26,UK,Referral
8419,2025-07-27,USA,Referral
8420,2025-11-26,UK,Google Ads
8421,2025-07-11,India,Referral
8422,2025-06-09,USA,Google Ads
8423,2025-03-05,Canada,Facebook
8424,2025-08-31,Canada,Organic
8425,2025-09-15,USA,Facebook
8426,2025-06-01,UK,Facebook
8427,2025-08-03,Germany,Organic
8428,2025-11-18,USA,Google Ads
8429,2025-06-15,Canada,Referral
8430,2025-01-31,India,Facebook
8431,2025-08-20,Canada,Referral
8432,2025-10-09,Germany,Facebook
8433,2025-01-29,Canada,Organic
8434,2025-07-14,Germany,Facebook
8435,2025-11-30,USA,Organic
8436,2025-09-13,Canada,Google Ads
8437,2025-10-08,UK,Facebook
8438,2025-10-31,UK,Google Ads
8439,2025-11-17,Canada,Organic
8440,2025-11-19,Canada,Referral
8441,2025-12-12,India,Google Ads
8442,2025-10-21,Canada,Organic
8443,2025-03-28,India,Organic
8444,2025-05-29,India,Google Ads
8445,2025-09-06,India,Google Ads
8446,2025-11-17,India,Google Ads
8447,2025-10-10,USA,Google Ads
8448,2025-12-28,UK,Google Ads
8449,2025-07-17,India,Facebook
8450,2025-02-13,UK,Facebook
8451,2025-12-22,India,Organic
8452,2025-01-28,UK,Organic
8453,2025-01-17,Canada,Organic
8454,2025-05-07,Canada,Organic
8455,2025-06-17,UK,Facebook
8456,2025-09-01,India,Facebook
8457,2025-03-17,USA,Facebook
8458,2025-08-19,UK,Organic
8459,2025-07-23,Germany,Referral
8460,2025-09-05,USA,Google Ads
8461,2025-10-29,Germany,Facebook
8462,2025-08-02,UK,Organic
8463,2025-08-03,India,Organic
8464,2025-06-07,Germany,Google Ads
8465,2025-03-10,UK,Google Ads
8466,2025-03-26,USA,Referral
8467,2025-09-24,India,Google Ads
8468,2025-03-10,Germany,Organic
8469,2025-04-09,UK,Referral
8470,2025-12-13,India,Referral
8471,2025-08-04,India,Google Ads
8472,2025-06-10,Canada,Facebook
8473,2025-04-04,India,Google Ads
8474,2025-06-23,UK,Organic
8475,2025-06-14,USA,Organic
8476,2025-04-25,Canada,Referral
8477,2025-08-08,UK,Facebook
8478,2025-01-31,UK,Organic
8479,2025-01-11,UK,Facebook
8480,2025-12-09,Germany,Google Ads
8481,2025-05-10,Germany,Facebook
8482,2025-04-15,USA,Google Ads
8483,2025-01-27,UK,Organic
8484,2025-08-15,Germany,Facebook
8485,2025-01-02,Germany,Google Ads
8486,2025-12-25,Germany,Facebook
8487,2025-04-11,USA,Google Ads
8488,2025-01-21,USA,Google Ads
8489,2025-02-27,UK,Referral
8490,2025-06-29,Canada,Referral
8491,2025-12-07,UK,Google Ads
8492,2025-12-15,Germany,Organic
8493,2025-01-20,Germany,Facebook
8494,2025-09-12,India,Facebook
8495,2025-11-13,UK,Organic
8496,2025-02-07,Germany,Google Ads
8497,2025-05-28,Germany,Google Ads
8498,2025-01-25,Canada,Google Ads
8499,2025-05-01,India,Google Ads
8500,2025-01-26,UK,Google Ads
8501,2025-06-18,USA,Facebook
8502,2025-11-19,UK,Facebook
8503,2025-08-13,UK,Organic
8504,2025-01-01,Canada,Facebook
8505,2025-11-03,UK,Google Ads
8506,2025-09-18,Canada,Google Ads
8507,2025-01-13,Canada,Referral
8508,2025-02-17,Germany,Google Ads
8509,2025-11-09,USA,Referral
8510,2025-10-18,Canada,Facebook
8511,2025-11-28,India,Referral
8512,2025-04-04,India,Facebook
8513,2025-09-18,USA,Google Ads
8514,2025-10-05,Canada,Facebook
8515,2025-12-25,USA,Organic
8516,2025-07-24,Germany,Organic
8517,2025-07-04,India,Facebook
8518,2025-06-24,UK,Google Ads
8519,2025-11-05,India,Organic
8520,2025-03-10,Canada,Referral
8521,2025-04-14,USA,Referral
8522,2025-09-03,India,Organic
8523,2025-06-10,UK,Google Ads
8524,2025-07-19,UK,Google Ads
8525,2025-08-04,USA,Organic
8526,2025-07-31,USA,Organic
8527,2025-01-16,India,Referral
8528,2025-11-28,Canada,Organic
8529,2025-07-24,Germany,Referral
8530,2025-12-31,UK,Organic
8531,2025-02-08,USA,Organic
8532,2025-03-30,Germany,Organic
8533,2025-09-13,Germany,Google Ads
8534,2025-09-11,Germany,Organic
8535,2025-08-04,Canada,Referral
8536,2025-10-30,USA,Google Ads
8537,2025-06-21,UK,Organic
8538,2025-05-17,USA,Facebook
8539,2025-06-27,India,Organic
8540,2025-03-18,UK,Organic
8541,2025-07-07,USA,Referral
8542,2025-01-15,UK,Organic
8543,2025-10-19,India,Facebook
8544,2025-11-15,UK,Google Ads
8545,2025-11-21,Germany,Organic
8546,2025-08-02,Canada,Facebook
8547,2025-07-27,India,Organic
8548,2025-06-18,UK,Google Ads
8549,2025-11-26,India,Referral
8550,2025-10-07,Germany,Facebook
8551,2025-11-01,Canada,Referral
8552,2025-05-26,India,Organic
8553,2025-09-20,Germany,Google Ads
8554,2025-01-04,Germany,Organic
8555,2025-03-31,Germany,Referral
8556,2025-03-01,UK,Organic
8557,2025-11-07,USA,Facebook
8558,2025-01-16,India,Referral
8559,2025-08-15,USA,Google Ads
8560,2025-01-29,Germany,Facebook
8561,2025-05-31,USA,Organic
8562,2025-09-02,Germany,Google Ads
8563,2025-09-27,Germany,Facebook
8564,2025-03-20,Canada,Organic
8565,2025-10-16,Canada,Organic
8566,2025-06-02,USA,Google Ads
8567,2025-10-04,India,Organic
8568,2025-10-06,USA,Organic
8569,2025-02-26,India,Organic
8570,2025-07-05,USA,Organic
8571,2025-04-03,UK,Google Ads
8572,2025-10-03,UK,Organic
8573,2025-06-07,India,Organic
8574,2025-10-02,Canada,Organic
8575,2025-06-30,India,Facebook
8576,2025-12-25,USA,Facebook
8577,2025-03-18,Germany,Facebook
8578,2025-05-31,UK,Organic
8579,2025-08-26,Germany,Facebook
8580,2025-10-16,UK,Facebook
8581,2025-08-19,USA,Organic
8582,2025-01-18,UK,Organic
8583,2025-03-14,India,Google Ads
8584,2025-07-08,Germany,Referral
8585,2025-01-17,Germany,Google Ads
8586,2025-01-19,USA,Facebook
8587,2025-08-07,Germany,Organic
8588,2025-11-22,USA,Google Ads
8589,2025-04-30,Canada,Referral
8590,2025-04-11,India,Facebook
8591,2025-02-03,UK,Google Ads
8592,2025-03-25,UK,Organic
8593,2025-07-15,UK,Organic
8594,2025-11-26,Canada,Referral
8595,2025-07-21,India,Facebook
8596,2025-12-10,Germany,Google Ads
8597,2025-12-07,Germany,Google Ads
8598,2025-01-11,India,Organic
8599,2025-12-13,India,Organic
8600,2025-08-06,UK,Referral
8601,2025-09-10,Germany,Organic
8602,2025-08-10,India,Referral
8603,2025-03-21,Germany,Referral
8604,2025-01-07,India,Facebook
8605,2025-09-29,USA,Google Ads
8606,2025-08-15,UK,Google Ads
8607,2025-01-16,India,Facebook
8608,2025-01-12,Canada,Facebook
8609,2025-10-18,India,Google Ads
8610,2025-08-29,USA,Facebook
8611,2025-01-21,Canada,Facebook
8612,2025-06-27,Canada,Google Ads
8613,2025-08-16,India,Facebook
8614,2025-09-30,USA,Google Ads
8615,2025-10-15,Canada,Facebook
8616,2025-10-24,UK,Google Ads
8617,2025-05-14,UK,Organic
8618,2025-10-10,Germany,Google Ads
8619,2025-06-02,Germany,Referral
8620,2025-03-07,USA,Organic
8621,2025-05-17,Canada,Facebook
8622,2025-04-02,UK,Facebook
8623,2025-11-13,UK,Facebook
8624,2025-09-16,USA,Google Ads
8625,2025-04-13,Canada,Organic
8626,2025-02-24,USA,Referral
8627,2025-09-14,India,Referral
8628,2025-04-11,UK,Organic
8629,2025-07-17,USA,Facebook
8630,2025-10-28,USA,Facebook
8631,2025-08-14,India,Organic
8632,2025-08-25,Germany,Organic
8633,2025-01-26,UK,Facebook
8634,2025-05-01,USA,Referral
8635,2025-07-01,UK,Facebook
8636,2025-07-18,Germany,Facebook
8637,2025-10-29,USA,Referral
8638,2025-09-12,India,Referral
8639,2025-05-02,UK,Organic
8640,2025-01-31,India,Facebook
8641,2025-11-11,Germany,Google Ads
8642,2025-10-12,Germany,Google Ads
8643,2025-04-16,UK,Organic
8644,2025-08-12,Germany,Facebook
8645,2025-09-30,Canada,Organic
8646,2025-08-20,UK,Facebook
8647,2025-09-13,Canada,Facebook
8648,2025-01-24,Germany,Organic
8649,2025-04-19,UK,Referral
8650,2025-07-10,Canada,Google Ads
8651,2025-12-13,Germany,Organic
8652,2025-01-25,USA,Facebook
8653,2025-07-06,USA,Organic
8654,2025-10-15,India,Referral
8655,2025-04-26,USA,Facebook
8656,2025-12-04,Canada,Google Ads
8657,2025-02-06,USA,Google Ads
8658,2025-10-09,UK,Google Ads
8659,2025-05-17,UK,Organic
8660,2025-08-15,UK,Google Ads
8661,2025-11-16,USA,Google Ads
8662,2025-11-24,USA,Organic
8663,2025-07-01,India,Organic
8664,2025-12-28,Germany,Facebook
8665,2025-03-27,India,Organic
8666,2025-02-22,Canada,Organic
8667,2025-12-14,UK,Google Ads
8668,2025-12-21,USA,Organic
8669,2025-08-23,Germany,Organic
8670,2025-09-24,Germany,Facebook
8671,2025-10-14,USA,Organic
8672,2025-04-10,India,Organic
8673,2025-03-28,Germany,Organic
8674,2025-01-15,India,Organic
8675,2025-04-11,USA,Organic
8676,2025-06-14,India,Organic
8677,2025-01-29,UK,Organic
8678,2025-04-24,USA,Facebook
8679,2025-04-17,USA,Google Ads
8680,2025-12-30,Germany,Facebook
8681,2025-05-10,Germany,Google Ads
8682,2025-03-25,Germany,Facebook
8683,2025-09-28,UK,Facebook
8684,2025-09-01,UK,Referral
8685,2025-08-02,Canada,Referral
8686,2025-11-02,USA,Organic
8687,2025-06-15,Germany,Referral
8688,2025-10-06,USA,Referral
8689,2025-02-28,India,Referral
8690,2025-03-31,UK,Google Ads
8691,2025-11-27,Canada,Facebook
8692,2025-07-13,India,Facebook
8693,2025-05-03,USA,Google Ads
8694,2025-05-16,UK,Organic
8695,2025-05-19,Germany,Google Ads
8696,2025-08-17,India,Facebook
8697,2025-10-01,UK,Google Ads
8698,2025-02-19,USA,Facebook
8699,2025-04-28,USA,Organic
8700,2025-07-21,India,Organic
8701,2025-07-10,India,Facebook
8702,2025-12-30,India,Organic
8703,2025-11-19,Canada,Organic
8704,2025-06-30,Germany,Organic
8705,2025-03-19,UK,Facebook
8706,2025-03-16,USA,Google Ads
8707,2025-10-22,USA,Google Ads
8708,2025-10-08,Germany,Organic
8709,2025-01-21,India,Facebook
8710,2025-06-20,India,Google Ads
8711,2025-01-15,USA,Google Ads
8712,2025-07-30,Germany,Organic
8713,2025-02-17,USA,Organic
8714,2025-03-27,India,Facebook
8715,2025-05-29,UK,Organic
8716,2025-07-07,India,Google Ads
8717,2025-11-02,UK,Facebook
8718,2025-05-31,Canada,Facebook
8719,2025-05-21,Germany,Facebook
8720,2025-03-10,Canada,Referral
8721,2025-09-17,India,Organic
8722,2025-11-30,Germany,Organic
8723,2025-01-09,India,Google Ads
8724,2025-05-01,Germany,Google Ads
8725,2025-04-11,Germany,Google Ads
8726,2025-05-29,India,Organic
8727,2025-05-26,India,Facebook
8728,2025-12-19,Germany,Facebook
8729,2025-08-31,Germany,Organic
8730,2025-08-29,India,Referral
8731,2025-12-03,India,Google Ads
8732,2025-02-12,USA,Google Ads
8733,2025-04-05,USA,Google Ads
8734,2025-08-14,USA,Organic
8735,2025-01-06,Canada,Google Ads
8736,2025-08-02,Germany,Organic
8737,2025-07-25,UK,Organic
8738,2025-03-08,Canada,Google Ads
8739,2025-04-10,Germany,Google Ads
8740,2025-01-12,UK,Facebook
8741,2025-08-25,USA,Google Ads
8742,2025-11-18,UK,Google Ads
8743,2025-09-15,India,Facebook
8744,2025-12-03,India,Organic
8745,2025-05-15,Germany,Google Ads
8746,2025-08-10,Canada,Organic
8747,2025-06-05,USA,Google Ads
8748,2025-05-22,Germany,Organic
8749,2025-06-07,USA,Organic
8750,2025-11-22,India,Organic
8751,2025-12-10,Canada,Facebook
8752,2025-09-19,Canada,Organic
8753,2025-10-10,India,Organic
8754,2025-12-04,UK,Google Ads
8755,2025-12-10,Canada,Organic
8756,2025-08-17,UK,Organic
8757,2025-10-07,USA,Facebook
8758,2025-12-24,Canada,Facebook
8759,2025-10-17,India,Organic
8760,2025-06-17,UK,Google Ads
8761,2025-02-16,USA,Facebook
8762,2025-07-22,USA,Google Ads
8763,2025-08-02,Canada,Google Ads
8764,2025-09-03,Canada,Google Ads
8765,2025-01-24,Germany,Facebook
8766,2025-11-17,Germany,Google Ads
8767,2025-10-01,Canada,Organic
8768,2025-02-13,Germany,Facebook
8769,2025-11-28,India,Google Ads
8770,2025-11-09,India,Google Ads
8771,2025-12-29,Germany,Google Ads
8772,2025-06-05,Canada,Facebook
8773,2025-07-18,India,Google Ads
8774,2025-06-11,USA,Organic
8775,2025-08-22,Canada,Facebook
8776,2025-06-12,UK,Facebook
8777,2025-04-26,UK,Organic
8778,2025-04-03,Canada,Facebook
8779,2025-02-11,Germany,Organic
8780,2025-10-11,India,Organic
8781,2025-07-29,India,Google Ads
8782,2025-07-25,Canada,Referral
8783,2025-08-08,USA,Referral
8784,2025-10-07,Germany,Google Ads
8785,2025-05-16,USA,Referral
8786,2025-04-16,Canada,Organic
8787,2025-04-28,Canada,Referral
8788,2025-08-25,USA,Organic
8789,2025-11-05,UK,Organic
8790,2025-04-10,Canada,Google Ads
8791,2025-09-18,Germany,Facebook
8792,2025-11-01,USA,Google Ads
8793,2025-12-20,UK,Facebook
8794,2025-10-13,USA,Referral
8795,2025-11-24,UK,Google Ads
8796,2025-04-13,UK,Organic
8797,2025-03-04,Germany,Google Ads
8798,2025-06-24,Canada,Google Ads
8799,2025-10-09,UK,Facebook
8800,2025-10-20,Canada,Google Ads
8801,2025-08-14,Germany,Referral
8802,2025-01-07,Canada,Google Ads
8803,2025-05-07,India,Google Ads
8804,2025-04-02,UK,Google Ads
8805,2025-07-09,Germany,Facebook
8806,2025-12-25,USA,Google Ads
8807,2025-02-22,Germany,Facebook
8808,2025-08-30,UK,Facebook
8809,2025-05-12,Germany,Google Ads
8810,2025-12-30,USA,Google Ads
8811,2025-04-22,India,Organic
8812,2025-01-07,UK,Facebook
8813,2025-08-18,UK,Facebook
8814,2025-06-05,Germany,Organic
8815,2025-07-16,Canada,Organic
8816,2025-11-19,Canada,Organic
8817,2025-12-30,USA,Organic
8818,2025-08-11,India,Google Ads
8819,2025-09-07,India,Google Ads
8820,2025-03-24,Germany,Facebook
8821,2025-08-28,Germany,Referral
8822,2025-12-26,Canada,Google Ads
8823,2025-11-19,India,Organic
8824,2025-09-20,India,Organic
8825,2025-07-08,India,Facebook
8826,2025-10-17,USA,Google Ads
8827,2025-12-28,USA,Facebook
8828,2025-02-27,Germany,Google Ads
8829,2025-01-09,Canada,Google Ads
8830,2025-10-31,UK,Google Ads
8831,2025-04-25,Canada,Organic
8832,2025-07-29,USA,Referral
8833,2025-02-10,USA,Organic
8834,2025-10-31,Germany,Organic
8835,2025-06-22,UK,Facebook
8836,2025-08-22,India,Google Ads
8837,2025-10-08,UK,Google Ads
8838,2025-03-19,UK,Facebook
8839,2025-04-18,UK,Organic
8840,2025-10-08,Germany,Referral
8841,2025-02-08,USA,Facebook
8842,2025-04-29,India,Facebook
8843,2025-12-01,UK,Facebook
8844,2025-12-02,India,Facebook
8845,2025-01-27,UK,Organic
8846,2025-04-14,USA,Organic
8847,2025-03-15,India,Organic
8848,2025-07-10,Canada,Organic
8849,2025-11-20,USA,Facebook
8850,2025-05-27,India,Referral
8851,2025-09-12,UK,Organic
8852,2025-10-11,UK,Facebook
8853,2025-08-01,USA,Facebook
8854,2025-05-03,USA,Organic
8855,2025-07-25,UK,Facebook
8856,2025-08-28,India,Facebook
8857,2025-12-05,Canada,Google Ads
8858,2025-10-13,Germany,Organic
8859,2025-01-22,USA,Facebook
8860,2025-09-16,UK,Organic
8861,2025-12-23,India,Referral
8862,2025-04-15,USA,Referral
8863,2025-09-15,India,Organic
8864,2025-07-23,USA,Google Ads
8865,2025-11-06,UK,Facebook
8866,2025-09-19,India,Facebook
8867,2025-04-17,UK,Google Ads
8868,2025-09-08,India,Referral
8869,2025-08-09,USA,Referral
8870,2025-08-10,Germany,Facebook
8871,2025-09-15,Germany,Google Ads
8872,2025-07-20,Canada,Google Ads
8873,2025-09-15,Canada,Facebook
8874,2025-12-15,UK,Google Ads
8875,2025-08-13,India,Organic
8876,2025-07-21,Canada,Organic
8877,2025-08-14,USA,Referral
8878,2025-08-24,Germany,Google Ads
8879,2025-07-02,India,Facebook
8880,2025-07-19,Germany,Referral
8881,2025-12-23,India,Facebook
8882,2025-09-03,Canada,Google Ads
8883,2025-12-19,Canada,Google Ads
8884,2025-04-21,UK,Organic
8885,2025-01-06,India,Organic
8886,2025-08-24,USA,Referral
8887,2025-05-07,Canada,Google Ads
8888,2025-04-14,UK,Organic
8889,2025-08-25,Canada,Organic
8890,2025-06-04,Germany,Google Ads
8891,2025-09-14,Canada,Referral
8892,2025-08-23,India,Organic
8893,2025-10-16,UK,Referral
8894,2025-02-09,India,Referral
8895,2025-10-15,USA,Facebook
8896,2025-07-16,USA,Facebook
8897,2025-09-30,Canada,Facebook
8898,2025-09-21,UK,Organic
8899,2025-02-26,UK,Organic
8900,2025-10-25,UK,Organic
8901,2025-04-08,UK,Google Ads
8902,2025-05-17,Canada,Organic
8903,2025-03-28,India,Facebook
8904,2025-08-30,Canada,Google Ads
8905,2025-07-18,India,Organic
8906,2025-11-06,Germany,Google Ads
8907,2025-03-25,Germany,Google Ads
8908,2025-08-30,India,Google Ads
8909,2025-10-08,Canada,Facebook
8910,2025-11-19,USA,Facebook
8911,2025-09-09,Canada,Organic
8912,2025-07-09,USA,Organic
8913,2025-06-01,Canada,Facebook
8914,2025-10-29,UK,Facebook
8915,2025-10-05,UK,Google Ads
8916,2025-05-19,Germany,Organic
8917,2025-06-25,Germany,Facebook
8918,2025-01-08,India,Google Ads
8919,2025-10-22,USA,Google Ads
8920,2025-08-23,UK,Facebook
8921,2025-06-12,Canada,Organic
8922,2025-02-18,India,Google Ads
8923,2025-10-29,Canada,Google Ads
8924,2025-02-07,UK,Google Ads
8925,2025-05-16,UK,Referral
8926,2025-11-06,UK,Organic
8927,2025-08-07,UK,Google Ads
8928,2025-12-14,Canada,Google Ads
8929,2025-10-23,India,Referral
8930,2025-02-03,UK,Google Ads
8931,2025-12-18,Germany,Referral
8932,2025-03-20,India,Google Ads
8933,2025-08-24,Germany,Google Ads
8934,2025-09-30,Canada,Organic
8935,2025-06-10,UK,Organic
8936,2025-06-24,India,Referral
8937,2025-11-04,UK,Organic
8938,2025-08-09,UK,Facebook
8939,2025-01-09,India,Organic
8940,2025-10-16,UK,Organic
8941,2025-04-23,UK,Facebook
8942,2025-07-24,USA,Google Ads
8943,2025-07-05,USA,Google Ads
8944,2025-12-07,India,Google Ads
8945,2025-07-16,India,Organic
8946,2025-09-23,UK,Facebook
8947,2025-09-19,Germany,Google Ads
8948,2025-09-05,India,Organic
8949,2025-04-25,UK,Google Ads
8950,2025-05-01,Germany,Organic
8951,2025-05-21,USA,Referral
8952,2025-03-06,India,Facebook
8953,2025-10-03,UK,Google Ads
8954,2025-11-09,USA,Facebook
8955,2025-08-27,Canada,Organic
8956,2025-10-29,USA,Facebook
8957,2025-01-10,UK,Google Ads
8958,2025-08-21,Germany,Google Ads
8959,2025-07-14,Canada,Organic
8960,2025-01-12,Canada,Facebook
8961,2025-06-26,Canada,Organic
8962,2025-06-26,India,Organic
8963,2025-08-05,UK,Organic
8964,2025-01-11,Canada,Referral
8965,2025-04-28,USA,Google Ads
8966,2025-06-13,Germany,Google Ads
8967,2025-02-08,UK,Organic
8968,2025-02-22,USA,Google Ads
8969,2025-08-06,India,Organic
8970,2025-07-25,Canada,Referral
8971,2025-11-08,USA,Referral
8972,2025-12-26,UK,Organic
8973,2025-02-25,USA,Referral
8974,2025-04-28,India,Google Ads
8975,2025-09-10,Germany,Facebook
8976,2025-10-13,Canada,Facebook
8977,2025-09-25,UK,Facebook
8978,2025-10-18,Canada,Google Ads
8979,2025-11-29,Canada,Referral
8980,2025-06-29,Canada,Organic
8981,2025-12-24,USA,Organic
8982,2025-08-23,USA,Google Ads
8983,2025-12-09,Germany,Facebook
8984,2025-07-15,India,Referral
8985,2025-11-04,UK,Organic
8986,2025-03-21,USA,Organic
8987,2025-05-15,Canada,Referral
8988,2025-01-22,India,Organic
8989,2025-11-27,UK,Organic
8990,2025-08-13,UK,Facebook
8991,2025-02-27,UK,Facebook
8992,2025-04-03,UK,Organic
8993,2025-07-11,Germany,Facebook
8994,2025-04-13,UK,Organic
8995,2025-01-07,India,Google Ads
8996,2025-05-08,USA,Google Ads
8997,2025-02-24,India,Facebook
8998,2025-08-19,Canada,Google Ads
8999,2025-12-28,Germany,Referral
9000,2025-03-03,Germany,Facebook
9001,2025-08-28,Canada,Organic
9002,2025-03-31,India,Google Ads
9003,2025-08-20,India,Google Ads
9004,2025-08-21,Canada,Facebook
9005,2025-12-20,UK,Referral
9006,2025-11-29,UK,Facebook
9007,2025-10-19,USA,Organic
9008,2025-12-11,India,Google Ads
9009,2025-06-01,India,Google Ads
9010,2025-05-25,Canada,Organic
9011,2025-05-10,Canada,Facebook
9012,2025-05-21,UK,Facebook
9013,2025-04-03,India,Google Ads
9014,2025-04-24,India,Google Ads
9015,2025-10-11,Germany,Facebook
9016,2025-05-23,USA,Referral
9017,2025-08-11,USA,Google Ads
9018,2025-08-20,UK,Referral
9019,2025-02-02,India,Google Ads
9020,2025-10-03,Germany,Facebook
9021,2025-06-19,India,Google Ads
9022,2025-05-20,Canada,Facebook
9023,2025-12-23,UK,Google Ads
9024,2025-07-20,USA,Google Ads
9025,2025-01-23,India,Referral
9026,2025-08-12,UK,Organic
9027,2025-09-27,USA,Organic
9028,2025-12-13,India,Google Ads
9029,2025-06-02,Germany,Referral
9030,2025-11-29,UK,Facebook
9031,2025-03-26,India,Referral
9032,2025-04-19,USA,Google Ads
9033,2025-01-31,USA,Google Ads
9034,2025-08-17,Germany,Referral
9035,2025-08-28,UK,Facebook
9036,2025-12-29,UK,Referral
9037,2025-11-06,India,Facebook
9038,2025-05-21,USA,Facebook
9039,2025-06-05,USA,Referral
9040,2025-10-26,Germany,Organic
9041,2025-12-11,Germany,Organic
9042,2025-04-09,UK,Google Ads
9043,2025-02-16,USA,Google Ads
9044,2025-11-23,India,Google Ads
9045,2025-03-08,Canada,Facebook
9046,2025-03-03,India,Organic
9047,2025-04-19,Germany,Facebook
9048,2025-06-16,India,Organic
9049,2025-02-06,USA,Organic
9050,2025-04-29,UK,Google Ads
9051,2025-03-27,Canada,Referral
9052,2025-02-21,UK,Referral
9053,2025-04-01,Canada,Google Ads
9054,2025-10-16,Canada,Google Ads
9055,2025-12-03,USA,Google Ads
9056,2025-10-25,USA,Organic
9057,2025-07-23,Germany,Google Ads
9058,2025-08-26,Germany,Organic
9059,2025-06-04,Canada,Facebook
9060,2025-08-28,Germany,Organic
9061,2025-05-16,USA,Organic
9062,2025-12-28,Germany,Referral
9063,2025-03-05,Canada,Google Ads
9064,2025-05-03,UK,Google Ads
9065,2025-09-11,India,Google Ads
9066,2025-04-24,Germany,Facebook
9067,2025-01-20,USA,Facebook
9068,2025-01-16,UK,Referral
9069,2025-05-25,USA,Organic
9070,2025-07-27,Germany,Google Ads
9071,2025-01-19,Canada,Organic
9072,2025-06-15,India,Google Ads
9073,2025-02-07,India,Google Ads
9074,2025-06-30,UK,Organic
9075,2025-12-15,India,Referral
9076,2025-04-15,Canada,Google Ads
9077,2025-04-10,USA,Organic
9078,2025-03-31,Canada,Referral
9079,2025-10-27,UK,Google Ads
9080,2025-11-28,UK,Google Ads
9081,2025-03-20,India,Organic
9082,2025-03-14,Canada,Organic
9083,2025-06-25,USA,Facebook
9084,2025-04-06,Canada,Google Ads
9085,2025-12-11,USA,Organic
9086,2025-04-13,USA,Organic
9087,2025-08-12,Canada,Facebook
9088,2025-01-06,Germany,Google Ads
9089,2025-05-02,Canada,Organic
9090,2025-08-24,USA,Organic
9091,2025-04-26,UK,Referral
9092,2025-06-12,UK,Referral
9093,2025-08-14,India,Organic
9094,2025-08-18,UK,Referral
9095,2025-07-01,Germany,Referral
9096,2025-09-06,USA,Organic
9097,2025-11-14,Canada,Organic
9098,2025-07-29,Canada,Organic
9099,2025-05-24,Germany,Organic
9100,2025-12-11,UK,Google Ads
9101,2025-04-06,USA,Facebook
9102,2025-12-12,UK,Google Ads
9103,2025-09-01,India,Facebook
9104,2025-03-27,UK,Google Ads
9105,2025-07-03,India,Referral
9106,2025-05-01,Canada,Facebook
9107,2025-11-28,USA,Google Ads
9108,2025-04-02,India,Organic
9109,2025-03-11,UK,Google Ads
9110,2025-05-13,UK,Organic
9111,2025-10-06,Canada,Facebook
9112,2025-05-17,Germany,Facebook
9113,2025-11-10,Germany,Referral
9114,2025-07-06,UK,Organic
9115,2025-08-09,Germany,Referral
9116,2025-02-15,USA,Facebook
9117,2025-10-05,Germany,Facebook
9118,2025-07-11,USA,Facebook
9119,2025-01-08,UK,Google Ads
9120,2025-10-03,UK,Google Ads
9121,2025-06-28,UK,Google Ads
9122,2025-11-30,Canada,Organic
9123,2025-02-08,Germany,Organic
9124,2025-10-20,India,Google Ads
9125,2025-06-27,India,Google Ads
9126,2025-06-11,UK,Referral
9127,2025-11-27,Germany,Google Ads
9128,2025-04-14,USA,Facebook
9129,2025-06-10,India,Facebook
9130,2025-10-14,UK,Organic
9131,2025-05-03,India,Google Ads
9132,2025-02-23,India,Referral
9133,2025-02-03,India,Facebook
9134,2025-08-30,UK,Google Ads
9135,2025-04-23,UK,Facebook
9136,2025-11-14,Canada,Facebook
9137,2025-01-23,Canada,Google Ads
9138,2025-02-15,Canada,Referral
9139,2025-11-08,India,Google Ads
9140,2025-05-15,Germany,Referral
9141,2025-04-28,UK,Facebook
9142,2025-07-08,Canada,Google Ads
9143,2025-05-11,Germany,Google Ads
9144,2025-07-31,Canada,Facebook
9145,2025-04-23,Canada,Organic
9146,2025-02-13,Germany,Referral
9147,2025-05-08,Canada,Organic
9148,2025-12-30,India,Facebook
9149,2025-06-07,India,Google Ads
9150,2025-09-30,India,Referral
9151,2025-11-11,USA,Referral
9152,2025-12-21,Canada,Facebook
9153,2025-12-06,USA,Google Ads
9154,2025-02-14,UK,Organic
9155,2025-04-18,Germany,Organic
9156,2025-08-07,UK,Facebook
9157,2025-11-14,USA,Facebook
9158,2025-11-11,India,Referral
9159,2025-06-26,Canada,Google Ads
9160,2025-08-16,Canada,Facebook
9161,2025-07-10,India,Google Ads
9162,2025-06-09,Canada,Google Ads
9163,2025-09-24,Germany,Referral
9164,2025-12-24,Germany,Organic
9165,2025-11-22,Germany,Organic
9166,2025-07-09,UK,Facebook
9167,2025-06-24,India,Organic
9168,2025-10-17,Germany,Facebook
9169,2025-12-23,USA,Google Ads
9170,2025-05-25,Germany,Referral
9171,2025-08-20,UK,Google Ads
9172,2025-12-26,USA,Facebook
9173,2025-07-23,India,Facebook
9174,2025-08-01,India,Google Ads
9175,2025-02-09,Germany,Google Ads
9176,2025-10-02,USA,Organic
9177,2025-11-19,USA,Facebook
9178,2025-03-23,Germany,Facebook
9179,2025-06-30,Germany,Organic
9180,2025-11-16,Canada,Facebook
9181,2025-03-24,Canada,Organic
9182,2025-10-30,Germany,Referral
9183,2025-09-19,UK,Google Ads
9184,2025-09-29,Canada,Organic
9185,2025-07-19,Germany,Facebook
9186,2025-08-28,USA,Organic
9187,2025-06-29,Canada,Facebook
9188,2025-06-20,UK,Facebook
9189,2025-10-22,India,Google Ads
9190,2025-06-26,USA,Organic
9191,2025-08-25,UK,Google Ads
9192,2025-05-18,UK,Google Ads
9193,2025-11-23,UK,Referral
9194,2025-11-07,USA,Facebook
9195,2025-05-09,UK,Organic
9196,2025-02-18,India,Google Ads
9197,2025-06-13,Canada,Referral
9198,2025-10-04,USA,Google Ads
9199,2025-10-20,UK,Facebook
9200,2025-04-26,Germany,Organic
9201,2025-01-24,Canada,Referral
9202,2025-11-07,USA,Organic
9203,2025-01-25,Germany,Google Ads
9204,2025-05-07,Germany,Organic
9205,2025-08-22,UK,Organic
9206,2025-07-28,USA,Referral
9207,2025-04-03,UK,Referral
9208,2025-04-04,India,Facebook
9209,2025-11-23,Germany,Organic
9210,2025-08-13,India,Organic
9211,2025-10-07,UK,Organic
9212,2025-01-11,Canada,Google Ads
9213,2025-11-25,Germany,Google Ads
9214,2025-01-12,Canada,Google Ads
9215,2025-02-04,USA,Referral
9216,2025-08-16,Germany,Google Ads
9217,2025-08-08,India,Google Ads
9218,2025-05-21,Canada,Facebook
9219,2025-01-23,USA,Organic
9220,2025-03-24,Germany,Referral
9221,2025-08-17,USA,Organic
9222,2025-12-10,India,Google Ads
9223,2025-03-21,Germany,Referral
9224,2025-12-19,USA,Google Ads
9225,2025-10-17,UK,Referral
9226,2025-11-27,Germany,Google Ads
9227,2025-06-08,Germany,Organic
9228,2025-05-08,Germany,Google Ads
9229,2025-07-09,Germany,Referral
9230,2025-01-31,UK,Google Ads
9231,2025-12-25,India,Google Ads
9232,2025-01-15,UK,Referral
9233,2025-11-09,UK,Google Ads
9234,2025-03-16,USA,Organic
9235,2025-02-03,Canada,Organic
9236,2025-12-25,Canada,Organic
9237,2025-07-15,USA,Facebook
9238,2025-11-27,UK,Referral
9239,2025-01-29,USA,Referral
9240,2025-07-13,Germany,Facebook
9241,2025-01-16,USA,Google Ads
9242,2025-03-18,USA,Google Ads
9243,2025-10-20,Germany,Google Ads
9244,2025-03-22,Canada,Facebook
9245,2025-05-04,Germany,Referral
9246,2025-01-19,India,Organic
9247,2025-04-12,USA,Organic
9248,2025-03-18,USA,Facebook
9249,2025-08-17,Canada,Facebook
9250,2025-10-24,UK,Organic
9251,2025-07-22,Germany,Organic
9252,2025-03-02,UK,Organic
9253,2025-01-26,India,Google Ads
9254,2025-03-12,Germany,Organic
9255,2025-04-13,India,Facebook
9256,2025-11-22,India,Google Ads
9257,2025-12-29,India,Organic
9258,2025-06-06,Germany,Google Ads
9259,2025-12-29,Germany,Referral
9260,2025-12-25,Canada,Google Ads
9261,2025-07-13,USA,Organic
9262,2025-10-02,UK,Organic
9263,2025-11-20,UK,Facebook
9264,2025-07-05,India,Organic
9265,2025-11-22,Germany,Organic
9266,2025-04-23,Germany,Referral
9267,2025-11-09,India,Facebook
9268,2025-06-14,USA,Google Ads
9269,2025-03-02,UK,Facebook
9270,2025-04-02,Canada,Organic
9271,2025-10-13,USA,Facebook
9272,2025-06-02,Germany,Google Ads
9273,2025-08-13,India,Google Ads
9274,2025-05-07,UK,Facebook
9275,2025-07-12,India,Organic
9276,2025-04-25,Germany,Google Ads
9277,2025-09-19,India,Facebook
9278,2025-01-18,UK,Google Ads
9279,2025-01-10,India,Organic
9280,2025-04-02,UK,Referral
9281,2025-05-19,India,Organic
9282,2025-11-29,India,Google Ads
9283,2025-12-23,UK,Google Ads
9284,2025-12-06,India,Facebook
9285,2025-02-21,USA,Organic
9286,2025-07-14,Canada,Facebook
9287,2025-07-25,USA,Referral
9288,2025-10-14,Canada,Referral
9289,2025-04-03,USA,Google Ads
9290,2025-11-05,Canada,Google Ads
9291,2025-05-25,India,Facebook
9292,2025-03-27,UK,Facebook
9293,2025-06-02,UK,Organic
9294,2025-01-02,Germany,Organic
9295,2025-12-08,Canada,Google Ads
9296,2025-09-17,Germany,Organic
9297,2025-06-13,Germany,Organic
9298,2025-01-06,Canada,Referral
9299,2025-05-29,UK,Organic
9300,2025-07-24,Canada,Organic
9301,2025-04-28,India,Google Ads
9302,2025-03-30,Germany,Organic
9303,2025-06-03,Germany,Google Ads
9304,2025-06-16,Canada,Organic
9305,2025-06-10,Germany,Google Ads
9306,2025-09-27,UK,Google Ads
9307,2025-02-25,Germany,Google Ads
9308,2025-08-16,Canada,Google Ads
9309,2025-12-03,UK,Facebook
9310,2025-05-29,UK,Referral
9311,2025-02-15,Germany,Facebook
9312,2025-05-24,Canada,Organic
9313,2025-08-26,Germany,Google Ads
9314,2025-09-29,India,Facebook
9315,2025-04-30,India,Google Ads
9316,2025-12-06,UK,Google Ads
9317,2025-08-08,Germany,Google Ads
9318,2025-01-08,India,Facebook
9319,2025-12-10,USA,Google Ads
9320,2025-10-02,India,Referral
9321,2025-12-19,Germany,Facebook
9322,2025-03-07,Germany,Organic
9323,2025-03-20,India,Referral
9324,2025-03-27,Germany,Organic
9325,2025-05-04,Germany,Referral
9326,2025-07-21,USA,Google Ads
9327,2025-05-30,UK,Organic
9328,2025-02-15,Germany,Google Ads
9329,2025-04-23,Canada,Facebook
9330,2025-04-01,UK,Organic
9331,2025-05-21,UK,Referral
9332,2025-10-16,Canada,Referral
9333,2025-08-06,India,Google Ads
9334,2025-03-18,USA,Facebook
9335,2025-11-30,Germany,Organic
9336,2025-06-01,India,Organic
9337,2025-11-19,Canada,Google Ads
9338,2025-08-27,USA,Facebook
9339,2025-04-25,USA,Organic
9340,2025-11-15,USA,Organic
9341,2025-04-04,Canada,Facebook
9342,2025-02-17,India,Organic
9343,2025-07-10,Germany,Organic
9344,2025-01-12,USA,Referral
9345,2025-06-05,USA,Organic
9346,2025-06-21,India,Facebook
9347,2025-10-23,USA,Referral
9348,2025-06-26,USA,Google Ads
9349,2025-12-07,Canada,Referral
9350,2025-02-26,UK,Organic
9351,2025-12-09,India,Referral
9352,2025-12-06,India,Google Ads
9353,2025-07-22,India,Organic
9354,2025-07-04,Canada,Organic
9355,2025-05-01,Canada,Organic
9356,2025-08-14,Germany,Google Ads
9357,2025-07-21,Canada,Google Ads
9358,2025-11-26,India,Organic
9359,2025-12-29,Germany,Facebook
9360,2025-12-22,UK,Organic
9361,2025-08-04,USA,Facebook
9362,2025-02-12,USA,Referral
9363,2025-01-23,Germany,Facebook
9364,2025-06-04,UK,Google Ads
9365,2025-07-05,USA,Google Ads
9366,2025-09-06,Germany,Organic
9367,2025-08-25,Canada,Facebook
9368,2025-10-20,India,Facebook
9369,2025-05-14,UK,Organic
9370,2025-11-17,USA,Facebook
9371,2025-01-22,India,Referral
9372,2025-12-27,Germany,Referral
9373,2025-03-29,USA,Google Ads
9374,2025-06-02,India,Referral
9375,2025-05-05,Canada,Organic
9376,2025-03-20,UK,Facebook
9377,2025-12-12,Germany,Organic
9378,2025-02-20,USA,Organic
9379,2025-08-04,Canada,Referral
9380,2025-06-25,UK,Organic
9381,2025-12-24,UK,Google Ads
9382,2025-09-10,Canada,Organic
9383,2025-09-03,USA,Google Ads
9384,2025-08-15,UK,Organic
9385,2025-04-16,Germany,Organic
9386,2025-07-12,India,Facebook
9387,2025-11-12,Germany,Google Ads
9388,2025-10-29,UK,Organic
9389,2025-02-05,India,Facebook
9390,2025-07-23,Canada,Google Ads
9391,2025-09-24,India,Organic
9392,2025-09-25,India,Referral
9393,2025-06-19,India,Organic
9394,2025-02-08,UK,Facebook
9395,2025-05-19,USA,Organic
9396,2025-10-19,UK,Google Ads
9397,2025-02-21,USA,Organic
9398,2025-10-14,Canada,Organic
9399,2025-10-16,Canada,Referral
9400,2025-05-21,Canada,Referral
9401,2025-05-26,Canada,Facebook
9402,2025-11-10,Canada,Referral
9403,2025-07-03,Germany,Referral
9404,2025-06-01,UK,Organic
9405,2025-07-20,USA,Facebook
9406,2025-05-08,Canada,Organic
9407,2025-10-14,Germany,Google Ads
9408,2025-11-07,Germany,Organic
9409,2025-09-10,Germany,Google Ads
9410,2025-09-23,UK,Organic
9411,2025-07-07,Canada,Referral
9412,2025-08-18,Germany,Google Ads
9413,2025-09-28,Germany,Organic
9414,2025-09-16,Canada,Google Ads
9415,2025-10-26,UK,Organic
9416,2025-07-17,Germany,Organic
9417,2025-11-19,USA,Google Ads
9418,2025-02-25,India,Organic
9419,2025-11-15,India,Referral
9420,2025-07-22,India,Facebook
9421,2025-09-28,UK,Organic
9422,2025-04-19,Germany,Organic
9423,2025-04-26,India,Google Ads
9424,2025-04-02,India,Referral
9425,2025-05-18,Canada,Organic
9426,2025-10-30,Germany,Facebook
9427,2025-02-26,Germany,Google Ads
9428,2025-02-19,Canada,Facebook
9429,2025-03-12,Germany,Organic
9430,2025-03-23,USA,Organic
9431,2025-04-15,UK,Organic
9432,2025-03-29,Canada,Organic
9433,2025-01-02,India,Facebook
9434,2025-12-26,Germany,Facebook
9435,2025-03-25,USA,Referral
9436,2025-02-12,USA,Referral
9437,2025-06-03,UK,Facebook
9438,2025-11-23,USA,Organic
9439,2025-04-04,Germany,Google Ads
9440,2025-10-25,Germany,Google Ads
9441,2025-05-13,USA,Organic
9442,2025-03-06,Germany,Facebook
9443,2025-10-17,Germany,Google Ads
9444,2025-09-14,India,Organic
9445,2025-08-01,Canada,Referral
9446,2025-05-28,Germany,Referral
9447,2025-03-02,Germany,Organic
9448,2025-05-29,UK,Facebook
9449,2025-03-29,Canada,Google Ads
9450,2025-11-20,Canada,Organic
9451,2025-10-05,Canada,Referral
9452,2025-03-23,USA,Referral
9453,2025-05-09,India,Organic
9454,2025-10-13,India,Google Ads
9455,2025-12-19,UK,Facebook
9456,2025-10-07,Canada,Facebook
9457,2025-09-27,Canada,Referral
9458,2025-10-19,Germany,Google Ads
9459,2025-07-22,USA,Facebook
9460,2025-01-24,USA,Google Ads
9461,2025-12-17,UK,Organic
9462,2025-11-07,India,Organic
9463,2025-07-27,Canada,Organic
9464,2025-10-07,UK,Organic
9465,2025-07-24,USA,Organic
9466,2025-06-01,USA,Google Ads
9467,2025-01-26,USA,Facebook
9468,2025-07-13,Canada,Referral
9469,2025-12-02,Canada,Google Ads
9470,2025-08-26,Canada,Google Ads
9471,2025-11-17,Germany,Facebook
9472,2025-03-16,India,Facebook
9473,2025-06-12,USA,Facebook
9474,2025-10-26,USA,Organic
9475,2025-01-29,Germany,Referral
9476,2025-06-14,USA,Organic
9477,2025-12-03,USA,Google Ads
9478,2025-07-05,Canada,Organic
9479,2025-02-23,Canada,Organic
9480,2025-10-22,India,Referral
9481,2025-02-11,USA,Facebook
9482,2025-10-12,UK,Facebook
9483,2025-05-18,USA,Organic
9484,2025-07-06,USA,Organic
9485,2025-07-23,India,Facebook
9486,2025-02-11,UK,Google Ads
9487,2025-12-16,USA,Organic
9488,2025-10-15,UK,Google Ads
9489,2025-01-26,Canada,Google Ads
9490,2025-02-25,Canada,Facebook
9491,2025-09-10,UK,Facebook
9492,2025-05-02,USA,Facebook
9493,2025-04-16,UK,Facebook
9494,2025-05-10,UK,Google Ads
9495,2025-12-03,Canada,Google Ads
9496,2025-06-07,UK,Google Ads
9497,2025-08-19,Germany,Facebook
9498,2025-11-04,Germany,Google Ads
9499,2025-04-01,Canada,Google Ads
9500,2025-01-22,USA,Facebook
9501,2025-10-17,USA,Google Ads
9502,2025-04-20,Canada,Google Ads
9503,2025-02-18,USA,Organic
9504,2025-05-09,India,Facebook
9505,2025-03-14,Germany,Referral
9506,2025-12-06,India,Facebook
9507,2025-02-22,India,Referral
9508,2025-12-22,India,Google Ads
9509,2025-06-17,Canada,Organic
9510,2025-02-14,India,Facebook
9511,2025-04-15,UK,Referral
9512,2025-05-30,USA,Facebook
9513,2025-05-26,Canada,Referral
9514,2025-07-23,UK,Organic
9515,2025-12-28,UK,Organic
9516,2025-10-26,Germany,Referral
9517,2025-06-16,Germany,Referral
9518,2025-07-20,UK,Organic
9519,2025-05-14,Germany,Facebook
9520,2025-07-30,USA,Google Ads
9521,2025-02-17,USA,Facebook
9522,2025-05-06,Germany,Google Ads
9523,2025-08-27,India,Google Ads
9524,2025-01-07,UK,Organic
9525,2025-09-29,USA,Organic
9526,2025-02-06,Germany,Google Ads
9527,2025-07-30,Germany,Organic
9528,2025-06-14,USA,Facebook
9529,2025-05-05,USA,Referral
9530,2025-12-03,India,Google Ads
9531,2025-07-11,Germany,Organic
9532,2025-08-06,Germany,Referral
9533,2025-08-02,Canada,Facebook
9534,2025-03-03,India,Organic
9535,2025-11-24,USA,Referral
9536,2025-06-10,USA,Google Ads
9537,2025-03-07,UK,Referral
9538,2025-10-13,USA,Organic
9539,2025-08-27,Germany,Google Ads
9540,2025-01-20,USA,Facebook
9541,2025-07-07,Germany,Organic
9542,2025-03-23,Germany,Referral
9543,2025-12-29,India,Google Ads
9544,2025-07-21,USA,Organic
9545,2025-05-12,India,Google Ads
9546,2025-02-06,Germany,Organic
9547,2025-05-12,USA,Organic
9548,2025-03-18,USA,Facebook
9549,2025-03-30,India,Organic
9550,2025-09-10,India,Referral
9551,2025-12-10,Germany,Facebook
9552,2025-07-13,Germany,Organic
9553,2025-06-25,USA,Google Ads
9554,2025-02-02,USA,Organic
9555,2025-02-27,Canada,Organic
9556,2025-07-20,Canada,Facebook
9557,2025-01-28,UK,Organic
9558,2025-02-04,Germany,Organic
9559,2025-05-05,UK,Referral
9560,2025-11-17,UK,Google Ads
9561,2025-02-11,India,Google Ads
9562,2025-03-26,India,Organic
9563,2025-07-07,Canada,Organic
9564,2025-04-21,UK,Facebook
9565,2025-09-28,Canada,Referral
9566,2025-11-21,Germany,Organic
9567,2025-04-15,USA,Referral
9568,2025-11-16,India,Facebook
9569,2025-02-10,Germany,Google Ads
9570,2025-08-03,Germany,Facebook
9571,2025-03-12,India,Referral
9572,2025-02-25,India,Facebook
9573,2025-08-24,UK,Referral
9574,2025-10-08,Canada,Organic
9575,2025-04-15,Germany,Facebook
9576,2025-06-11,UK,Facebook
9577,2025-07-10,UK,Organic
9578,2025-01-09,Germany,Organic
9579,2025-03-01,Germany,Google Ads
9580,2025-11-01,USA,Referral
9581,2025-08-13,Canada,Organic
9582,2025-11-03,Germany,Referral
9583,2025-07-07,India,Organic
9584,2025-03-11,USA,Facebook
9585,2025-10-20,Canada,Organic
9586,2025-10-14,India,Organic
9587,2025-06-18,India,Facebook
9588,2025-03-03,Canada,Referral
9589,2025-12-15,USA,Facebook
9590,2025-01-14,India,Referral
9591,2025-06-13,UK,Referral
9592,2025-09-02,Canada,Organic
9593,2025-12-01,Canada,Facebook
9594,2025-01-08,Germany,Organic
9595,2025-06-03,USA,Organic
9596,2025-02-05,UK,Facebook
9597,2025-02-17,UK,Organic
9598,2025-03-26,Germany,Organic
9599,2025-01-28,India,Facebook
9600,2025-07-15,India,Facebook
9601,2025-07-27,UK,Google Ads
9602,2025-07-23,USA,Google Ads
9603,2025-11-03,India,Referral
9604,2025-04-14,Canada,Organic
9605,2025-08-18,Germany,Google Ads
9606,2025-04-11,USA,Referral
9607,2025-01-29,India,Google Ads
9608,2025-05-07,UK,Facebook
9609,2025-12-04,Germany,Google Ads
9610,2025-01-10,India,Referral
9611,2025-04-16,UK,Referral
9612,2025-06-16,India,Organic
9613,2025-09-14,Germany,Facebook
9614,2025-10-22,Canada,Facebook
9615,2025-10-04,Canada,Organic
9616,2025-03-06,UK,Google Ads
9617,2025-09-28,Canada,Facebook
9618,2025-07-07,Germany,Organic
9619,2025-11-13,UK,Facebook
9620,2025-05-18,India,Google Ads
9621,2025-12-09,USA,Facebook
9622,2025-04-15,India,Organic
9623,2025-02-03,Germany,Referral
9624,2025-04-20,UK,Google Ads
9625,2025-02-02,India,Facebook
9626,2025-12-20,UK,Facebook
9627,2025-08-19,Canada,Google Ads
9628,2025-11-13,USA,Organic
9629,2025-09-23,Germany,Google Ads
9630,2025-07-01,India,Google Ads
9631,2025-12-06,USA,Organic
9632,2025-03-06,Germany,Facebook
9633,2025-11-29,Germany,Referral
9634,2025-01-01,Canada,Facebook
9635,2025-05-13,UK,Facebook
9636,2025-03-21,UK,Facebook
9637,2025-09-28,USA,Google Ads
9638,2025-08-29,Canada,Referral
9639,2025-01-28,Germany,Organic
9640,2025-08-11,Canada,Facebook
9641,2025-01-23,Canada,Organic
9642,2025-04-19,USA,Referral
9643,2025-04-17,UK,Google Ads
9644,2025-05-25,Canada,Google Ads
9645,2025-12-20,Canada,Google Ads
9646,2025-05-19,Canada,Referral
9647,2025-10-11,India,Google Ads
9648,2025-10-25,Canada,Facebook
9649,2025-04-09,Canada,Facebook
9650,2025-11-13,Germany,Organic
9651,2025-05-03,India,Organic
9652,2025-11-16,Canada,Facebook
9653,2025-10-14,Canada,Facebook
9654,2025-03-22,USA,Referral
9655,2025-01-10,USA,Google Ads
9656,2025-01-08,India,Google Ads
9657,2025-07-24,Germany,Organic
9658,2025-11-11,India,Organic
9659,2025-07-16,India,Facebook
9660,2025-07-17,USA,Google Ads
9661,2025-01-30,USA,Organic
9662,2025-01-20,Germany,Organic
9663,2025-02-17,Canada,Referral
9664,2025-05-10,Germany,Organic
9665,2025-10-20,Canada,Google Ads
9666,2025-05-12,UK,Organic
9667,2025-12-22,USA,Google Ads
9668,2025-02-23,UK,Referral
9669,2025-10-08,UK,Organic
9670,2025-09-22,USA,Organic
9671,2025-08-03,UK,Organic
9672,2025-10-17,India,Google Ads
9673,2025-02-12,Canada,Google Ads
9674,2025-03-15,Germany,Facebook
9675,2025-12-16,USA,Organic
9676,2025-10-05,India,Facebook
9677,2025-11-22,Germany,Google Ads
9678,2025-08-30,Germany,Organic
9679,2025-05-10,Germany,Google Ads
9680,2025-12-16,UK,Organic
9681,2025-07-13,UK,Facebook
9682,2025-02-01,UK,Facebook
9683,2025-04-16,UK,Google Ads
9684,2025-07-23,India,Referral
9685,2025-01-01,UK,Google Ads
9686,2025-09-02,USA,Google Ads
9687,2025-03-13,Germany,Organic
9688,2025-11-02,India,Referral
9689,2025-01-15,UK,Google Ads
9690,2025-02-22,Germany,Organic
9691,2025-01-08,India,Organic
9692,2025-11-26,Germany,Organic
9693,2025-02-15,India,Facebook
9694,2025-11-21,Canada,Facebook
9695,2025-04-24,India,Facebook
9696,2025-05-27,UK,Organic
9697,2025-06-15,Germany,Google Ads
9698,2025-05-19,Germany,Organic
9699,2025-04-27,Germany,Google Ads
9700,2025-10-26,USA,Facebook
9701,2025-10-03,USA,Organic
9702,2025-10-04,UK,Referral
9703,2025-12-04,Canada,Organic
9704,2025-11-09,USA,Google Ads
9705,2025-06-27,India,Google Ads
9706,2025-11-26,UK,Organic
9707,2025-12-20,Canada,Facebook
9708,2025-06-03,India,Organic
9709,2025-07-20,Germany,Facebook
9710,2025-04-25,USA,Organic
9711,2025-06-08,India,Referral
9712,2025-02-11,Canada,Google Ads
9713,2025-09-04,UK,Organic
9714,2025-03-09,India,Google Ads
9715,2025-11-22,UK,Facebook
9716,2025-11-30,Germany,Facebook
9717,2025-07-15,Canada,Organic
9718,2025-03-31,Canada,Facebook
9719,2025-04-21,USA,Organic
9720,2025-12-25,Canada,Facebook
9721,2025-05-25,India,Facebook
9722,2025-10-02,India,Google Ads
9723,2025-06-28,India,Organic
9724,2025-08-29,Germany,Google Ads
9725,2025-11-22,Canada,Facebook
9726,2025-11-15,Canada,Google Ads
9727,2025-11-27,India,Google Ads
9728,2025-06-02,USA,Google Ads
9729,2025-04-14,USA,Google Ads
9730,2025-03-16,Canada,Facebook
9731,2025-05-08,Canada,Facebook
9732,2025-07-18,UK,Google Ads
9733,2025-06-03,Canada,Organic
9734,2025-02-25,India,Facebook
9735,2025-10-05,Germany,Facebook
9736,2025-12-11,Canada,Organic
9737,2025-01-19,Canada,Organic
9738,2025-06-08,India,Referral
9739,2025-01-26,UK,Facebook
9740,2025-06-18,Canada,Organic
9741,2025-01-23,USA,Organic
9742,2025-02-16,USA,Referral
9743,2025-01-13,USA,Referral
9744,2025-08-05,Germany,Google Ads
9745,2025-11-18,Germany,Google Ads
9746,2025-07-13,Canada,Organic
9747,2025-05-24,Canada,Facebook
9748,2025-03-14,Canada,Organic
9749,2025-06-05,Germany,Google Ads
9750,2025-03-18,Canada,Organic
9751,2025-06-18,India,Google Ads
9752,2025-10-14,UK,Google Ads
9753,2025-03-26,USA,Referral
9754,2025-07-01,USA,Google Ads
9755,2025-11-11,India,Facebook
9756,2025-10-24,Canada,Google Ads
9757,2025-04-22,Germany,Referral
9758,2025-08-18,Canada,Organic
9759,2025-04-06,Canada,Organic
9760,2025-06-17,USA,Facebook
9761,2025-06-05,USA,Facebook
9762,2025-04-15,Germany,Google Ads
9763,2025-07-12,USA,Google Ads
9764,2025-11-26,Canada,Facebook
9765,2025-05-12,India,Organic
9766,2025-12-21,Germany,Google Ads
9767,2025-05-18,India,Google Ads
9768,2025-11-27,Canada,Google Ads
9769,2025-09-27,Germany,Facebook
9770,2025-02-07,India,Google Ads
9771,2025-02-14,Germany,Google Ads
9772,2025-06-12,Canada,Google Ads
9773,2025-11-27,Germany,Referral
9774,2025-09-10,Canada,Google Ads
9775,2025-06-18,Germany,Organic
9776,2025-10-12,Germany,Facebook
9777,2025-10-01,USA,Organic
9778,2025-01-20,Canada,Google Ads
9779,2025-08-27,UK,Organic
9780,2025-09-27,Germany,Google Ads
9781,2025-11-06,India,Google Ads
9782,2025-01-31,USA,Referral
9783,2025-11-10,USA,Organic
9784,2025-04-14,Germany,Google Ads
9785,2025-06-19,UK,Facebook
9786,2025-07-05,USA,Facebook
9787,2025-05-08,Canada,Organic
9788,2025-07-29,Germany,Organic
9789,2025-10-08,Germany,Google Ads
9790,2025-09-10,UK,Google Ads
9791,2025-01-19,Canada,Facebook
9792,2025-07-19,Canada,Facebook
9793,2025-08-08,UK,Facebook
9794,2025-05-16,India,Organic
9795,2025-08-11,Canada,Organic
9796,2025-01-03,India,Facebook
9797,2025-08-24,India,Referral
9798,2025-12-08,Germany,Google Ads
9799,2025-08-16,Germany,Organic
9800,2025-05-22,USA,Referral
9801,2025-01-09,Germany,Facebook
9802,2025-07-09,Canada,Facebook
9803,2025-12-16,Canada,Google Ads
9804,2025-06-14,India,Organic
9805,2025-05-19,Canada,Facebook
9806,2025-10-03,Germany,Organic
9807,2025-10-18,Germany,Google Ads
9808,2025-02-22,Germany,Google Ads
9809,2025-06-24,UK,Facebook
9810,2025-04-20,Canada,Google Ads
9811,2025-07-22,USA,Referral
9812,2025-05-16,Canada,Referral
9813,2025-01-04,Canada,Facebook
9814,2025-06-04,UK,Google Ads
9815,2025-06-21,Canada,Google Ads
9816,2025-12-24,India,Organic
9817,2025-02-16,Germany,Google Ads
9818,2025-04-04,Germany,Organic
9819,2025-02-17,UK,Google Ads
9820,2025-08-28,Germany,Organic
9821,2025-12-13,India,Organic
9822,2025-08-01,UK,Facebook
9823,2025-12-06,USA,Organic
9824,2025-11-20,Germany,Organic
9825,2025-05-19,Canada,Organic
9826,2025-07-24,India,Facebook
9827,2025-03-14,India,Google Ads
9828,2025-01-04,Germany,Referral
9829,2025-03-17,USA,Organic
9830,2025-11-25,Canada,Organic
9831,2025-03-18,USA,Organic
9832,2025-10-31,USA,Google Ads
9833,2025-09-13,Germany,Referral
9834,2025-04-12,Canada,Google Ads
9835,2025-04-16,Germany,Referral
9836,2025-11-29,Germany,Google Ads
9837,2025-02-08,India,Facebook
9838,2025-11-10,Germany,Facebook
9839,2025-10-02,UK,Referral
9840,2025-03-29,Canada,Referral
9841,2025-07-30,India,Organic
9842,2025-03-18,Canada,Facebook
9843,2025-03-18,India,Google Ads
9844,2025-01-28,UK,Organic
9845,2025-09-02,Germany,Facebook
9846,2025-03-07,India,Organic
9847,2025-09-23,India,Organic
9848,2025-07-24,India,Facebook
9849,2025-02-27,UK,Organic
9850,2025-07-20,Canada,Organic
9851,2025-08-13,UK,Referral
9852,2025-05-22,India,Organic
9853,2025-03-25,India,Organic
9854,2025-05-23,Germany,Facebook
9855,2025-12-18,UK,Google Ads
9856,2025-02-02,UK,Google Ads
9857,2025-06-01,USA,Google Ads
9858,2025-06-07,Canada,Google Ads
9859,2025-05-21,USA,Google Ads
9860,2025-09-08,USA,Referral
9861,2025-10-30,Canada,Organic
9862,2025-04-22,Germany,Facebook
9863,2025-05-24,Germany,Facebook
9864,2025-07-28,Canada,Facebook
9865,2025-08-12,Canada,Google Ads
9866,2025-02-12,UK,Google Ads
9867,2025-09-21,UK,Referral
9868,2025-09-01,UK,Organic
9869,2025-01-03,UK,Organic
9870,2025-05-05,India,Facebook
9871,2025-09-25,India,Google Ads
9872,2025-03-25,Germany,Facebook
9873,2025-01-16,India,Organic
9874,2025-11-30,India,Organic
9875,2025-02-28,UK,Google Ads
9876,2025-06-26,UK,Organic
9877,2025-03-04,Canada,Facebook
9878,2025-02-18,UK,Facebook
9879,2025-11-03,Canada,Organic
9880,2025-09-03,Canada,Facebook
9881,2025-10-16,India,Organic
9882,2025-10-13,UK,Google Ads
9883,2025-11-28,India,Facebook
9884,2025-01-15,UK,Google Ads
9885,2025-12-04,India,Google Ads
9886,2025-09-12,India,Google Ads
9887,2025-04-02,India,Organic
9888,2025-10-06,Germany,Google Ads
9889,2025-07-25,India,Google Ads
9890,2025-04-04,USA,Organic
9891,2025-08-13,USA,Referral
9892,2025-10-28,USA,Organic
9893,2025-11-14,Canada,Referral
9894,2025-07-18,India,Organic
9895,2025-09-28,USA,Facebook
9896,2025-08-22,Canada,Organic
9897,2025-02-15,USA,Google Ads
9898,2025-03-05,UK,Google Ads
9899,2025-08-18,Germany,Facebook
9900,2025-09-06,India,Google Ads
9901,2025-09-03,Germany,Organic
9902,2025-03-16,Germany,Organic
9903,2025-06-06,UK,Google Ads
9904,2025-08-11,UK,Referral
9905,2025-07-09,UK,Organic
9906,2025-02-21,Canada,Facebook
9907,2025-03-29,USA,Referral
9908,2025-11-09,India,Google Ads
9909,2025-12-05,UK,Organic
9910,2025-03-07,India,Facebook
9911,2025-05-30,India,Organic
9912,2025-01-20,India,Referral
9913,2025-02-02,UK,Facebook
9914,2025-11-24,UK,Google Ads
9915,2025-10-08,USA,Google Ads
9916,2025-02-15,UK,Facebook
9917,2025-03-14,UK,Organic
9918,2025-12-20,India,Google Ads
9919,2025-11-09,USA,Facebook
9920,2025-12-09,Germany,Organic
9921,2025-05-13,UK,Google Ads
9922,2025-02-24,UK,Organic
9923,2025-03-02,Germany,Google Ads
9924,2025-12-11,India,Google Ads
9925,2025-01-08,USA,Google Ads
9926,2025-09-29,India,Referral
9927,2025-09-03,Canada,Facebook
9928,2025-06-25,UK,Google Ads
9929,2025-04-26,Canada,Facebook
9930,2025-11-13,UK,Organic
9931,2025-09-28,Canada,Facebook
9932,2025-07-12,Germany,Organic
9933,2025-05-30,UK,Google Ads
9934,2025-05-11,UK,Google Ads
9935,2025-04-12,Canada,Facebook
9936,2025-11-06,USA,Google Ads
9937,2025-09-27,Canada,Referral
9938,2025-10-19,UK,Google Ads
9939,2025-07-29,UK,Organic
9940,2025-12-27,USA,Google Ads
9941,2025-12-04,India,Organic
9942,2025-03-08,USA,Google Ads
9943,2025-01-10,India,Referral
9944,2025-02-18,UK,Google Ads
9945,2025-04-21,Germany,Organic
9946,2025-11-17,Germany,Facebook
9947,2025-08-07,Canada,Facebook
9948,2025-02-26,USA,Google Ads
9949,2025-10-10,USA,Organic
9950,2025-04-23,Germany,Google Ads
9951,2025-05-13,India,Organic
9952,2025-03-12,USA,Facebook
9953,2025-03-24,India,Referral
9954,2025-02-26,India,Organic
9955,2025-12-15,India,Google Ads
9956,2025-09-28,India,Facebook
9957,2025-04-21,Canada,Google Ads
9958,2025-12-23,Canada,Google Ads
9959,2025-03-17,Germany,Facebook
9960,2025-06-07,Canada,Referral
9961,2025-01-20,USA,Organic
9962,2025-05-11,Canada,Google Ads
9963,2025-11-25,USA,Facebook
9964,2025-05-02,USA,Google Ads
9965,2025-02-10,India,Facebook
9966,2025-06-16,Germany,Google Ads
9967,2025-05-10,India,Organic
9968,2025-01-23,India,Referral
9969,2025-10-06,Canada,Google Ads
9970,2025-09-08,Canada,Facebook
9971,2025-01-09,USA,Google Ads
9972,2025-01-13,Canada,Referral
9973,2025-11-03,Canada,Google Ads
9974,2025-11-16,UK,Organic
9975,2025-02-21,USA,Referral
9976,2025-07-28,USA,Google Ads
9977,2025-02-07,UK,Organic
9978,2025-04-10,USA,Google Ads
9979,2025-07-12,Germany,Organic
9980,2025-07-10,Germany,Google Ads
9981,2025-02-20,UK,Referral
9982,2025-05-21,Canada,Referral
9983,2025-06-17,Germany,Organic
9984,2025-11-07,UK,Facebook
9985,2025-04-19,Germany,Organic
9986,2025-07-26,India,Google Ads
9987,2025-10-27,UK,Facebook
9988,2025-04-20,USA,Google Ads
9989,2025-07-15,Germany,Organic
9990,2025-06-01,USA,Organic
9991,2025-08-31,UK,Referral
9992,2025-05-08,Germany,Organic
9993,2025-04-15,USA,Organic
9994,2025-01-10,Canada,Referral
9995,2025-12-22,Canada,Referral
9996,2025-05-28,India,Facebook
9997,2025-12-31,UK,Google Ads
9998,2025-12-30,USA,Facebook
9999,2025-05-20,India,Organic
10000,2025-07-09,UK,Organic
